"sales_id","order_id","customer_id","customer_name","age","gender","city","state","product_id","product_name","product_type","size","colour","stok","harga_produk","harga_jual","quantity","total_price","order_date","delivery_date","delivery_time"
0,1,64,"Annabella Devote",75,"Genderfluid","Sanfordborough","South Australia",218,"Chambray","Shirt","L","orange",44,105.0,106.0,2,212.0,"2021-08-30","2021-09-24",25
1,1,64,"Annabella Devote",75,"Genderfluid","Sanfordborough","South Australia",481,"Puffer","Jacket","S","indigo",62,110.0,118.0,1,118.0,"2021-08-30","2021-09-24",25
2,1,64,"Annabella Devote",75,"Genderfluid","Sanfordborough","South Australia",2,"Oxford Cloth","Shirt","M","red",54,114.0,96.0,3,288.0,"2021-08-30","2021-09-24",25
3,1,64,"Annabella Devote",75,"Genderfluid","Sanfordborough","South Australia",1002,"Wool","Trousers","M","blue",52,111.0,106.0,2,212.0,"2021-08-30","2021-09-24",25
4,1,64,"Annabella Devote",75,"Genderfluid","Sanfordborough","South Australia",691,"Parka","Jacket","S","indigo",53,119.0,113.0,3,339.0,"2021-08-30","2021-09-24",25
5,1,64,"Annabella Devote",75,"Genderfluid","Sanfordborough","South Australia",981,"Wool","Trousers","S","red",65,111.0,106.0,3,318.0,"2021-08-30","2021-09-24",25
6,2,473,"Lori Briars",61,"Male","Annaton","South Australia",915,"Drawstring","Trousers","XS","orange",41,104.0,96.0,1,96.0,"2021-02-03","2021-02-13",10
7,2,473,"Lori Briars",61,"Male","Annaton","South Australia",686,"Parka","Jacket","S","blue",72,119.0,113.0,1,113.0,"2021-02-03","2021-02-13",10
8,2,473,"Lori Briars",61,"Male","Annaton","South Australia",1091,"Cropped","Trousers","S","orange",78,99.0,115.0,3,345.0,"2021-02-03","2021-02-13",10
9,2,473,"Lori Briars",61,"Male","Annaton","South Australia",1196,"Pleated","Trousers","S","orange",72,90.0,105.0,1,105.0,"2021-02-03","2021-02-13",10
10,2,473,"Lori Briars",61,"Male","Annaton","South Australia",157,"Linen","Shirt","M","green",42,116.0,91.0,3,273.0,"2021-02-03","2021-02-13",10
11,2,473,"Lori Briars",61,"Male","Annaton","South Australia",1174,"High-Waisted","Trousers","XL","green",78,98.0,99.0,2,198.0,"2021-02-03","2021-02-13",10
12,3,774,"Ellynn Korba",34,"Genderqueer","West Jonathanshire","Tasmania",54,"Dress","Shirt","XL","green",52,119.0,104.0,1,104.0,"2021-10-08","2021-11-03",26
13,3,774,"Ellynn Korba",34,"Genderqueer","West Jonathanshire","Tasmania",6,"Oxford Cloth","Shirt","S","orange",72,114.0,96.0,2,192.0,"2021-10-08","2021-11-03",26
14,3,774,"Ellynn Korba",34,"Genderqueer","West Jonathanshire","Tasmania",1010,"Wool","Trousers","XS","violet",80,111.0,106.0,2,212.0,"2021-10-08","2021-11-03",26
15,4,433,"Candis Roswarne",46,"Non-binary","West Michaelport","Tasmania",1033,"Relaxed Leg","Trousers","L","green",62,95.0,90.0,1,90.0,"2021-05-06","2021-05-19",13
16,4,433,"Candis Roswarne",46,"Non-binary","West Michaelport","Tasmania",1184,"High-Waisted","Trousers","XL","indigo",57,98.0,99.0,3,297.0,"2021-05-06","2021-05-19",13
17,4,433,"Candis Roswarne",46,"Non-binary","West Michaelport","Tasmania",769,"Peacoat","Jacket","XL","violet",42,102.0,109.0,1,109.0,"2021-05-06","2021-05-19",13
18,4,433,"Candis Roswarne",46,"Non-binary","West Michaelport","Tasmania",923,"Drawstring","Trousers","L","yellow",68,104.0,96.0,3,288.0,"2021-05-06","2021-05-19",13
19,4,433,"Candis Roswarne",46,"Non-binary","West Michaelport","Tasmania",12,"Oxford Cloth","Shirt","M","yellow",56,114.0,96.0,2,192.0,"2021-05-06","2021-05-19",13
20,5,441,"Artemas Vasilischev",53,"Bigender","South Rileyview","Western Australia",148,"Linen","Shirt","L","orange",73,116.0,91.0,2,182.0,"2021-03-23","2021-03-24",1
21,5,441,"Artemas Vasilischev",53,"Bigender","South Rileyview","Western Australia",475,"Puffer","Jacket","XS","blue",57,110.0,118.0,2,236.0,"2021-03-23","2021-03-24",1
22,5,441,"Artemas Vasilischev",53,"Bigender","South Rileyview","Western Australia",1,"Oxford Cloth","Shirt","S","red",53,114.0,96.0,3,288.0,"2021-03-23","2021-03-24",1
23,5,441,"Artemas Vasilischev",53,"Bigender","South Rileyview","Western Australia",830,"Shearling","Jacket","XS","indigo",68,95.0,117.0,3,351.0,"2021-03-23","2021-03-24",1
24,5,441,"Artemas Vasilischev",53,"Bigender","South Rileyview","Western Australia",1209,"Pleated","Trousers","XL","green",55,90.0,105.0,3,315.0,"2021-03-23","2021-03-24",1
25,5,441,"Artemas Vasilischev",53,"Bigender","South Rileyview","Western Australia",635,"Coach","Jacket","XS","orange",42,115.0,93.0,3,279.0,"2021-03-23","2021-03-24",1
26,5,441,"Artemas Vasilischev",53,"Bigender","South Rileyview","Western Australia",639,"Coach","Jacket","XL","orange",46,115.0,93.0,3,279.0,"2021-03-23","2021-03-24",1
27,5,441,"Artemas Vasilischev",53,"Bigender","South Rileyview","Western Australia",695,"Parka","Jacket","XS","violet",59,119.0,113.0,1,113.0,"2021-03-23","2021-03-24",1
28,6,800,"Katusha Ceney",49,"Bigender","Daughertyport","Queensland",38,"Dress","Shirt","L","red",79,119.0,104.0,2,208.0,"2021-09-09","2021-10-05",26
29,6,800,"Katusha Ceney",49,"Bigender","Daughertyport","Queensland",473,"Puffer","Jacket","L","green",43,110.0,118.0,2,236.0,"2021-09-09","2021-10-05",26
30,6,800,"Katusha Ceney",49,"Bigender","Daughertyport","Queensland",242,"Chambray","Shirt","M","violet",72,105.0,106.0,1,106.0,"2021-09-09","2021-10-05",26
31,6,800,"Katusha Ceney",49,"Bigender","Daughertyport","Queensland",804,"Pullover","Jacket","XL","violet",69,114.0,91.0,2,182.0,"2021-09-09","2021-10-05",26
32,7,626,"Tann Scothron",64,"Genderqueer","Walterstad","New South Wales",850,"Chinos","Trousers","XS","yellow",41,100.0,113.0,2,226.0,"2021-04-05","2021-04-11",6
33,7,626,"Tann Scothron",64,"Genderqueer","Walterstad","New South Wales",1162,"High-Waisted","Trousers","M","orange",69,98.0,99.0,3,297.0,"2021-04-05","2021-04-11",6
34,8,58,"Aurie Margett",39,"Agender","Amelieburgh","New South Wales",765,"Peacoat","Jacket","XS","violet",54,102.0,109.0,1,109.0,"2021-04-12","2021-05-01",19
35,8,58,"Aurie Margett",39,"Agender","Amelieburgh","New South Wales",256,"Polo","Shirt","S","yellow",77,117.0,95.0,2,190.0,"2021-04-12","2021-05-01",19
36,9,852,"Lucas Cromly",67,"Polygender","O'connertown","Tasmania",203,"Camp Collared","Shirt","L","indigo",72,112.0,98.0,1,98.0,"2021-05-01","2021-05-11",10
37,9,852,"Lucas Cromly",67,"Polygender","O'connertown","Tasmania",486,"Puffer","Jacket","S","violet",46,110.0,118.0,2,236.0,"2021-05-01","2021-05-11",10
38,9,852,"Lucas Cromly",67,"Polygender","O'connertown","Tasmania",708,"Trench Coat","Jacket","L","orange",70,112.0,119.0,1,119.0,"2021-05-01","2021-05-11",10
39,9,852,"Lucas Cromly",67,"Polygender","O'connertown","Tasmania",1040,"Relaxed Leg","Trousers","XS","indigo",60,95.0,90.0,2,180.0,"2021-05-01","2021-05-11",10
40,9,852,"Lucas Cromly",67,"Polygender","O'connertown","Tasmania",917,"Drawstring","Trousers","M","orange",76,104.0,96.0,3,288.0,"2021-05-01","2021-05-11",10
41,9,852,"Lucas Cromly",67,"Polygender","O'connertown","Tasmania",1061,"Joggers","Trousers","S","yellow",76,94.0,93.0,2,186.0,"2021-05-01","2021-05-11",10
42,9,852,"Lucas Cromly",67,"Polygender","O'connertown","Tasmania",35,"Dress","Shirt","XS","red",63,119.0,104.0,2,208.0,"2021-05-01","2021-05-11",10
43,10,659,"Ira Dafforne",57,"Non-binary","Sophiemouth","Tasmania",325,"Mandarin Collar","Shirt","XS","yellow",45,108.0,109.0,3,327.0,"2021-10-15","2021-10-16",1
44,10,659,"Ira Dafforne",57,"Non-binary","Sophiemouth","Tasmania",860,"Chinos","Trousers","XS","blue",69,100.0,113.0,2,226.0,"2021-10-15","2021-10-16",1
45,10,659,"Ira Dafforne",57,"Non-binary","Sophiemouth","Tasmania",426,"Denim","Jacket","S","orange",51,92.0,107.0,3,321.0,"2021-10-15","2021-10-16",1
46,11,785,"Jillana Blankau",54,"Genderfluid","Port Adamburgh","Northern Territory",877,"Cords","Trousers","M","red",68,113.0,94.0,2,188.0,"2021-06-15","2021-06-30",15
47,11,785,"Jillana Blankau",54,"Genderfluid","Port Adamburgh","Northern Territory",780,"Pullover","Jacket","XS","yellow",65,114.0,91.0,3,273.0,"2021-06-15","2021-06-30",15
48,12,120,"Didi Garton",60,"Polygender","Carterbury","Queensland",782,"Pullover","Jacket","M","yellow",49,114.0,91.0,1,91.0,"2021-06-30","2021-07-11",11
49,12,120,"Didi Garton",60,"Polygender","Carterbury","Queensland",632,"Coach","Jacket","M","red",76,115.0,93.0,2,186.0,"2021-06-30","2021-07-11",11
50,12,120,"Didi Garton",60,"Polygender","Carterbury","Queensland",846,"Chinos","Trousers","S","orange",58,100.0,113.0,3,339.0,"2021-06-30","2021-07-11",11
51,12,120,"Didi Garton",60,"Polygender","Carterbury","Queensland",180,"Camp Collared","Shirt","XS","orange",52,112.0,98.0,1,98.0,"2021-06-30","2021-07-11",11
52,13,204,"Bird McGarvie",60,"Female","East Jakeberg","New South Wales",217,"Chambray","Shirt","M","orange",43,105.0,106.0,2,212.0,"2021-10-15","2021-10-31",16
53,13,204,"Bird McGarvie",60,"Female","East Jakeberg","New South Wales",95,"Flannel","Shirt","XS","indigo",46,96.0,118.0,3,354.0,"2021-10-15","2021-10-31",16
54,13,204,"Bird McGarvie",60,"Female","East Jakeberg","New South Wales",800,"Pullover","Jacket","XS","violet",61,114.0,91.0,2,182.0,"2021-10-15","2021-10-31",16
55,13,204,"Bird McGarvie",60,"Female","East Jakeberg","New South Wales",835,"Shearling","Jacket","XS","violet",75,95.0,117.0,1,117.0,"2021-10-15","2021-10-31",16
56,13,204,"Bird McGarvie",60,"Female","East Jakeberg","New South Wales",1249,"Tracksuit Bottoms","Trousers","XL","blue",68,91.0,112.0,2,224.0,"2021-10-15","2021-10-31",16
57,13,204,"Bird McGarvie",60,"Female","East Jakeberg","New South Wales",753,"Peacoat","Jacket","L","green",73,102.0,109.0,2,218.0,"2021-10-15","2021-10-31",16
58,13,204,"Bird McGarvie",60,"Female","East Jakeberg","New South Wales",114,"Denim","Shirt","XL","orange",67,115.0,92.0,3,276.0,"2021-10-15","2021-10-31",16
59,14,957,"Felic Marrian",75,"Male","Samanthaberg","South Australia",1202,"Pleated","Trousers","M","yellow",54,90.0,105.0,2,210.0,"2021-03-29","2021-04-12",14
60,14,957,"Felic Marrian",75,"Male","Samanthaberg","South Australia",227,"Chambray","Shirt","M","green",56,105.0,106.0,3,318.0,"2021-03-29","2021-04-12",14
61,14,957,"Felic Marrian",75,"Male","Samanthaberg","South Australia",108,"Denim","Shirt","L","red",52,115.0,92.0,2,184.0,"2021-03-29","2021-04-12",14
62,14,957,"Felic Marrian",75,"Male","Samanthaberg","South Australia",91,"Flannel","Shirt","S","blue",43,96.0,118.0,3,354.0,"2021-03-29","2021-04-12",14
63,14,957,"Felic Marrian",75,"Male","Samanthaberg","South Australia",909,"Cords","Trousers","XL","violet",73,113.0,94.0,2,188.0,"2021-03-29","2021-04-12",14
64,15,468,"Maegan Ashton",67,"Genderqueer","West Isla","Tasmania",699,"Parka","Jacket","XL","violet",80,119.0,113.0,3,339.0,"2021-09-22","2021-10-08",16
65,15,468,"Maegan Ashton",67,"Genderqueer","West Isla","Tasmania",1195,"Pleated","Trousers","XS","orange",74,90.0,105.0,3,315.0,"2021-09-22","2021-10-08",16
66,15,468,"Maegan Ashton",67,"Genderqueer","West Isla","Tasmania",291,"Cuban Collar","Shirt","S","yellow",41,93.0,105.0,2,210.0,"2021-09-22","2021-10-08",16
67,15,468,"Maegan Ashton",67,"Genderqueer","West Isla","Tasmania",972,"Slim-Fit","Trousers","M","indigo",67,119.0,97.0,3,291.0,"2021-09-22","2021-10-08",16
68,15,468,"Maegan Ashton",67,"Genderqueer","West Isla","Tasmania",1212,"Pleated","Trousers","M","blue",66,90.0,105.0,2,210.0,"2021-09-22","2021-10-08",16
69,16,564,"Shoshana Redsell",34,"Bigender","North Marcusland","Northern Territory",7,"Oxford Cloth","Shirt","M","orange",77,114.0,96.0,3,288.0,"2021-07-07","2021-07-08",1
70,16,564,"Shoshana Redsell",34,"Bigender","North Marcusland","Northern Territory",381,"Henley","Shirt","S","violet",43,92.0,94.0,3,282.0,"2021-07-07","2021-07-08",1
71,16,564,"Shoshana Redsell",34,"Bigender","North Marcusland","Northern Territory",17,"Oxford Cloth","Shirt","M","green",60,114.0,96.0,2,192.0,"2021-07-07","2021-07-08",1
72,16,564,"Shoshana Redsell",34,"Bigender","North Marcusland","Northern Territory",297,"Cuban Collar","Shirt","M","green",45,93.0,105.0,2,210.0,"2021-07-07","2021-07-08",1
73,16,564,"Shoshana Redsell",34,"Bigender","North Marcusland","Northern Territory",28,"Oxford Cloth","Shirt","L","indigo",70,114.0,96.0,1,96.0,"2021-07-07","2021-07-08",1
74,16,564,"Shoshana Redsell",34,"Bigender","North Marcusland","Northern Territory",934,"Drawstring","Trousers","XL","blue",60,104.0,96.0,1,96.0,"2021-07-07","2021-07-08",1
75,16,564,"Shoshana Redsell",34,"Bigender","North Marcusland","Northern Territory",324,"Mandarin Collar","Shirt","XL","orange",59,108.0,109.0,3,327.0,"2021-07-07","2021-07-08",1
76,16,564,"Shoshana Redsell",34,"Bigender","North Marcusland","Northern Territory",578,"Bomber","Jacket","L","green",78,90.0,100.0,2,200.0,"2021-07-07","2021-07-08",1
77,16,564,"Shoshana Redsell",34,"Bigender","North Marcusland","Northern Territory",273,"Polo","Shirt","L","indigo",60,117.0,95.0,1,95.0,"2021-07-07","2021-07-08",1
78,17,614,"Sherwynd Batsford",45,"Polygender","Samuelside","New South Wales",132,"Denim","Shirt","M","indigo",56,115.0,92.0,2,184.0,"2021-02-09","2021-02-11",2
79,17,614,"Sherwynd Batsford",45,"Polygender","Samuelside","New South Wales",791,"Pullover","Jacket","S","blue",73,114.0,91.0,2,182.0,"2021-02-09","2021-02-11",2
80,17,614,"Sherwynd Batsford",45,"Polygender","Samuelside","New South Wales",463,"Puffer","Jacket","L","orange",66,110.0,118.0,1,118.0,"2021-02-09","2021-02-11",2
81,17,614,"Sherwynd Batsford",45,"Polygender","Samuelside","New South Wales",1066,"Joggers","Trousers","S","green",76,94.0,93.0,2,186.0,"2021-02-09","2021-02-11",2
82,18,299,"Anny Midden",32,"Non-binary","Lake Amelia","Victoria",35,"Dress","Shirt","XS","red",63,119.0,104.0,1,104.0,"2021-01-01","2021-01-03",2
83,18,299,"Anny Midden",32,"Non-binary","Lake Amelia","Victoria",970,"Slim-Fit","Trousers","XS","indigo",74,119.0,97.0,3,291.0,"2021-01-01","2021-01-03",2
84,18,299,"Anny Midden",32,"Non-binary","Lake Amelia","Victoria",285,"Cuban Collar","Shirt","XS","orange",62,93.0,105.0,1,105.0,"2021-01-01","2021-01-03",2
85,18,299,"Anny Midden",32,"Non-binary","Lake Amelia","Victoria",1110,"Cropped","Trousers","XS","indigo",55,99.0,115.0,3,345.0,"2021-01-01","2021-01-03",2
86,18,299,"Anny Midden",32,"Non-binary","Lake Amelia","Victoria",452,"Denim","Jacket","M","violet",43,92.0,107.0,1,107.0,"2021-01-01","2021-01-03",2
87,19,513,"Corri Womack",39,"Non-binary","Port Ali","Tasmania",71,"Flannel","Shirt","S","red",59,96.0,118.0,1,118.0,"2021-08-30","2021-09-10",11
88,19,513,"Corri Womack",39,"Non-binary","Port Ali","Tasmania",347,"Mandarin Collar","Shirt","M","violet",76,108.0,109.0,2,218.0,"2021-08-30","2021-09-10",11
89,19,513,"Corri Womack",39,"Non-binary","Port Ali","Tasmania",316,"Mandarin Collar","Shirt","S","red",48,108.0,109.0,2,218.0,"2021-08-30","2021-09-10",11
90,19,513,"Corri Womack",39,"Non-binary","Port Ali","Tasmania",809,"Shearling","Jacket","XL","red",42,95.0,117.0,3,351.0,"2021-08-30","2021-09-10",11
91,19,513,"Corri Womack",39,"Non-binary","Port Ali","Tasmania",682,"Parka","Jacket","M","green",71,119.0,113.0,3,339.0,"2021-08-30","2021-09-10",11
92,20,789,"Bone Perche",36,"Genderqueer","Aliceland","Western Australia",596,"Cardigan","Jacket","S","red",47,118.0,112.0,2,224.0,"2021-01-13","2021-01-20",7
93,20,789,"Bone Perche",36,"Genderqueer","Aliceland","Western Australia",85,"Flannel","Shirt","XS","green",55,96.0,118.0,3,354.0,"2021-01-13","2021-01-20",7
94,20,789,"Bone Perche",36,"Genderqueer","Aliceland","Western Australia",571,"Bomber","Jacket","S","yellow",64,90.0,100.0,1,100.0,"2021-01-13","2021-01-20",7
95,20,789,"Bone Perche",36,"Genderqueer","Aliceland","Western Australia",1114,"Cropped","Trousers","XL","indigo",58,99.0,115.0,3,345.0,"2021-01-13","2021-01-20",7
96,20,789,"Bone Perche",36,"Genderqueer","Aliceland","Western Australia",514,"Windbreaker","Jacket","XL","blue",59,109.0,102.0,3,306.0,"2021-01-13","2021-01-20",7
97,20,789,"Bone Perche",36,"Genderqueer","Aliceland","Western Australia",681,"Parka","Jacket","S","green",62,119.0,113.0,1,113.0,"2021-01-13","2021-01-20",7
98,20,789,"Bone Perche",36,"Genderqueer","Aliceland","Western Australia",1114,"Cropped","Trousers","XL","indigo",58,99.0,115.0,1,115.0,"2021-01-13","2021-01-20",7
99,21,124,"Pate De Ambrosis",54,"Non-binary","Donnellyfort","New South Wales",7,"Oxford Cloth","Shirt","M","orange",77,114.0,96.0,1,96.0,"2021-04-04","2021-04-17",13
100,21,124,"Pate De Ambrosis",54,"Non-binary","Donnellyfort","New South Wales",298,"Cuban Collar","Shirt","L","green",58,93.0,105.0,2,210.0,"2021-04-04","2021-04-17",13
101,21,124,"Pate De Ambrosis",54,"Non-binary","Donnellyfort","New South Wales",906,"Cords","Trousers","S","violet",65,113.0,94.0,2,188.0,"2021-04-04","2021-04-17",13
102,22,180,"Nelli Engall",21,"Genderfluid","Chasemouth","Western Australia",20,"Oxford Cloth","Shirt","XS","blue",47,114.0,96.0,1,96.0,"2021-05-28","2021-06-09",12
103,22,180,"Nelli Engall",21,"Genderfluid","Chasemouth","Western Australia",1040,"Relaxed Leg","Trousers","XS","indigo",60,95.0,90.0,2,180.0,"2021-05-28","2021-06-09",12
104,22,180,"Nelli Engall",21,"Genderfluid","Chasemouth","Western Australia",134,"Denim","Shirt","XL","indigo",58,115.0,92.0,1,92.0,"2021-05-28","2021-06-09",12
105,22,180,"Nelli Engall",21,"Genderfluid","Chasemouth","Western Australia",172,"Linen","Shirt","M","violet",44,116.0,91.0,2,182.0,"2021-05-28","2021-06-09",12
106,22,180,"Nelli Engall",21,"Genderfluid","Chasemouth","Western Australia",321,"Mandarin Collar","Shirt","S","orange",52,108.0,109.0,3,327.0,"2021-05-28","2021-06-09",12
107,22,180,"Nelli Engall",21,"Genderfluid","Chasemouth","Western Australia",912,"Drawstring","Trousers","M","red",70,104.0,96.0,1,96.0,"2021-05-28","2021-06-09",12
108,23,652,"Roley Cassedy",63,"Male","North Isabelleside","South Australia",238,"Chambray","Shirt","L","indigo",79,105.0,106.0,2,212.0,"2021-05-17","2021-05-22",5
109,23,652,"Roley Cassedy",63,"Male","North Isabelleside","South Australia",809,"Shearling","Jacket","XL","red",42,95.0,117.0,3,351.0,"2021-05-17","2021-05-22",5
110,24,469,"Faber Purcell",78,"Female","Andrewborough","New South Wales",8,"Oxford Cloth","Shirt","L","orange",48,114.0,96.0,1,96.0,"2021-09-04","2021-09-20",16
111,24,469,"Faber Purcell",78,"Female","Andrewborough","New South Wales",852,"Chinos","Trousers","M","yellow",58,100.0,113.0,2,226.0,"2021-09-04","2021-09-20",16
112,25,562,"Joy Mirrlees",58,"Agender","West Rubyland","Queensland",736,"Peacoat","Jacket","S","red",67,102.0,109.0,3,327.0,"2021-07-04","2021-07-08",4
113,25,562,"Joy Mirrlees",58,"Agender","West Rubyland","Queensland",593,"Bomber","Jacket","L","violet",68,90.0,100.0,2,200.0,"2021-07-04","2021-07-08",4
114,26,732,"Gorden Seago",80,"Genderfluid","Port Aaronton","Queensland",808,"Shearling","Jacket","L","red",40,95.0,117.0,2,234.0,"2021-04-25","2021-05-04",9
115,26,732,"Gorden Seago",80,"Genderfluid","Port Aaronton","Queensland",154,"Linen","Shirt","XL","yellow",54,116.0,91.0,3,273.0,"2021-04-25","2021-05-04",9
116,26,732,"Gorden Seago",80,"Genderfluid","Port Aaronton","Queensland",453,"Denim","Jacket","L","violet",50,92.0,107.0,1,107.0,"2021-04-25","2021-05-04",9
117,27,443,"Melodee Spencley",49,"Bigender","Crooksshire","Victoria",302,"Cuban Collar","Shirt","M","blue",55,93.0,105.0,2,210.0,"2021-05-16","2021-05-28",12
118,27,443,"Melodee Spencley",49,"Bigender","Crooksshire","Victoria",823,"Shearling","Jacket","L","green",66,95.0,117.0,1,117.0,"2021-05-16","2021-05-28",12
119,27,443,"Melodee Spencley",49,"Bigender","Crooksshire","Victoria",360,"Henley","Shirt","XS","yellow",42,92.0,94.0,1,94.0,"2021-05-16","2021-05-28",12
120,27,443,"Melodee Spencley",49,"Bigender","Crooksshire","Victoria",430,"Denim","Jacket","XS","yellow",52,92.0,107.0,1,107.0,"2021-05-16","2021-05-28",12
121,27,443,"Melodee Spencley",49,"Bigender","Crooksshire","Victoria",1027,"Relaxed Leg","Trousers","M","yellow",68,95.0,90.0,3,270.0,"2021-05-16","2021-05-28",12
122,27,443,"Melodee Spencley",49,"Bigender","Crooksshire","Victoria",603,"Cardigan","Jacket","L","orange",79,118.0,112.0,1,112.0,"2021-05-16","2021-05-28",12
123,27,443,"Melodee Spencley",49,"Bigender","Crooksshire","Victoria",843,"Chinos","Trousers","L","red",44,100.0,113.0,2,226.0,"2021-05-16","2021-05-28",12
124,28,206,"Crin Johnikin",66,"Polygender","South Clairetown","Queensland",19,"Oxford Cloth","Shirt","XL","green",42,114.0,96.0,2,192.0,"2021-08-19","2021-09-04",16
125,28,206,"Crin Johnikin",66,"Polygender","South Clairetown","Queensland",226,"Chambray","Shirt","S","green",63,105.0,106.0,2,212.0,"2021-08-19","2021-09-04",16
126,28,206,"Crin Johnikin",66,"Polygender","South Clairetown","Queensland",1158,"High-Waisted","Trousers","L","red",52,98.0,99.0,1,99.0,"2021-08-19","2021-09-04",16
127,28,206,"Crin Johnikin",66,"Polygender","South Clairetown","Queensland",730,"Trench Coat","Jacket","XS","violet",64,112.0,119.0,1,119.0,"2021-08-19","2021-09-04",16
128,28,206,"Crin Johnikin",66,"Polygender","South Clairetown","Queensland",2,"Oxford Cloth","Shirt","M","red",54,114.0,96.0,2,192.0,"2021-08-19","2021-09-04",16
129,28,206,"Crin Johnikin",66,"Polygender","South Clairetown","Queensland",761,"Peacoat","Jacket","S","indigo",49,102.0,109.0,2,218.0,"2021-08-19","2021-09-04",16
130,28,206,"Crin Johnikin",66,"Polygender","South Clairetown","Queensland",684,"Parka","Jacket","XL","green",55,119.0,113.0,3,339.0,"2021-08-19","2021-09-04",16
131,28,206,"Crin Johnikin",66,"Polygender","South Clairetown","Queensland",922,"Drawstring","Trousers","M","yellow",55,104.0,96.0,2,192.0,"2021-08-19","2021-09-04",16
132,28,206,"Crin Johnikin",66,"Polygender","South Clairetown","Queensland",1053,"Joggers","Trousers","L","red",63,94.0,93.0,2,186.0,"2021-08-19","2021-09-04",16
133,28,206,"Crin Johnikin",66,"Polygender","South Clairetown","Queensland",1259,"Tracksuit Bottoms","Trousers","XL","violet",60,91.0,112.0,3,336.0,"2021-08-19","2021-09-04",16
134,28,206,"Crin Johnikin",66,"Polygender","South Clairetown","Queensland",803,"Pullover","Jacket","L","violet",78,114.0,91.0,2,182.0,"2021-08-19","2021-09-04",16
135,29,993,"Orella Singyard",24,"Polygender","Michaelberg","Victoria",633,"Coach","Jacket","L","red",80,115.0,93.0,1,93.0,"2021-03-22","2021-03-28",6
136,29,993,"Orella Singyard",24,"Polygender","Michaelberg","Victoria",907,"Cords","Trousers","M","violet",77,113.0,94.0,3,282.0,"2021-03-22","2021-03-28",6
137,29,993,"Orella Singyard",24,"Polygender","Michaelberg","Victoria",246,"Polo","Shirt","S","red",60,117.0,95.0,2,190.0,"2021-03-22","2021-03-28",6
138,29,993,"Orella Singyard",24,"Polygender","Michaelberg","Victoria",762,"Peacoat","Jacket","M","indigo",52,102.0,109.0,3,327.0,"2021-03-22","2021-03-28",6
139,30,260,"Whitney Scarman",27,"Female","Trompview","Tasmania",407,"Casual Slim Fit","Shirt","M","blue",61,113.0,119.0,2,238.0,"2021-07-07","2021-07-26",19
140,30,260,"Whitney Scarman",27,"Female","Trompview","Tasmania",325,"Mandarin Collar","Shirt","XS","yellow",45,108.0,109.0,2,218.0,"2021-07-07","2021-07-26",19
141,30,260,"Whitney Scarman",27,"Female","Trompview","Tasmania",2,"Oxford Cloth","Shirt","M","red",54,114.0,96.0,1,96.0,"2021-07-07","2021-07-26",19
142,30,260,"Whitney Scarman",27,"Female","Trompview","Tasmania",411,"Casual Slim Fit","Shirt","S","indigo",65,113.0,119.0,2,238.0,"2021-07-07","2021-07-26",19
143,30,260,"Whitney Scarman",27,"Female","Trompview","Tasmania",1167,"High-Waisted","Trousers","M","yellow",45,98.0,99.0,1,99.0,"2021-07-07","2021-07-26",19
144,30,260,"Whitney Scarman",27,"Female","Trompview","Tasmania",462,"Puffer","Jacket","M","orange",61,110.0,118.0,3,354.0,"2021-07-07","2021-07-26",19
145,31,727,"Herschel Verdey",26,"Female","Jacobport","New South Wales",484,"Puffer","Jacket","XL","indigo",60,110.0,118.0,2,236.0,"2021-03-11","2021-04-05",25
146,31,727,"Herschel Verdey",26,"Female","Jacobport","New South Wales",1071,"Joggers","Trousers","S","blue",50,94.0,93.0,1,93.0,"2021-03-11","2021-04-05",25
147,31,727,"Herschel Verdey",26,"Female","Jacobport","New South Wales",1245,"Tracksuit Bottoms","Trousers","XS","blue",42,91.0,112.0,1,112.0,"2021-03-11","2021-04-05",25
148,32,627,"Codie Everly",51,"Genderfluid","Port Christopher","South Australia",1096,"Cropped","Trousers","S","yellow",65,99.0,115.0,3,345.0,"2021-06-17","2021-07-14",27
149,32,627,"Codie Everly",51,"Genderfluid","Port Christopher","South Australia",323,"Mandarin Collar","Shirt","L","orange",56,108.0,109.0,1,109.0,"2021-06-17","2021-07-14",27
150,32,627,"Codie Everly",51,"Genderfluid","Port Christopher","South Australia",22,"Oxford Cloth","Shirt","M","blue",57,114.0,96.0,3,288.0,"2021-06-17","2021-07-14",27
151,33,588,"Nicole Cheel",48,"Genderfluid","West Danieltown","Victoria",486,"Puffer","Jacket","S","violet",46,110.0,118.0,2,236.0,"2021-07-01","2021-07-07",6
152,33,588,"Nicole Cheel",48,"Genderfluid","West Danieltown","Victoria",1173,"High-Waisted","Trousers","L","green",75,98.0,99.0,3,297.0,"2021-07-01","2021-07-07",6
153,33,588,"Nicole Cheel",48,"Genderfluid","West Danieltown","Victoria",322,"Mandarin Collar","Shirt","M","orange",78,108.0,109.0,3,327.0,"2021-07-01","2021-07-07",6
154,33,588,"Nicole Cheel",48,"Genderfluid","West Danieltown","Victoria",955,"Slim-Fit","Trousers","XS","yellow",59,119.0,97.0,3,291.0,"2021-07-01","2021-07-07",6
155,33,588,"Nicole Cheel",48,"Genderfluid","West Danieltown","Victoria",511,"Windbreaker","Jacket","S","blue",41,109.0,102.0,2,204.0,"2021-07-01","2021-07-07",6
156,34,412,"Chandal Fransinelli",21,"Polygender","Hackettchester","South Australia",817,"Shearling","Jacket","M","yellow",60,95.0,117.0,2,234.0,"2021-05-23","2021-05-30",7
157,34,412,"Chandal Fransinelli",21,"Polygender","Hackettchester","South Australia",555,"Leather","Jacket","XS","violet",70,113.0,98.0,1,98.0,"2021-05-23","2021-05-30",7
158,34,412,"Chandal Fransinelli",21,"Polygender","Hackettchester","South Australia",775,"Pullover","Jacket","XS","orange",79,114.0,91.0,3,273.0,"2021-05-23","2021-05-30",7
159,34,412,"Chandal Fransinelli",21,"Polygender","Hackettchester","South Australia",62,"Dress","Shirt","M","indigo",51,119.0,104.0,1,104.0,"2021-05-23","2021-05-30",7
160,35,358,"Jermaine Goranov",64,"Genderfluid","Kreigerbury","Northern Territory",991,"Wool","Trousers","S","yellow",69,111.0,106.0,2,212.0,"2021-08-31","2021-09-07",7
161,35,358,"Jermaine Goranov",64,"Genderfluid","Kreigerbury","Northern Territory",527,"Leather","Jacket","M","red",54,113.0,98.0,1,98.0,"2021-08-31","2021-09-07",7
162,35,358,"Jermaine Goranov",64,"Genderfluid","Kreigerbury","Northern Territory",1257,"Tracksuit Bottoms","Trousers","M","violet",73,91.0,112.0,2,224.0,"2021-08-31","2021-09-07",7
163,35,358,"Jermaine Goranov",64,"Genderfluid","Kreigerbury","Northern Territory",1043,"Relaxed Leg","Trousers","L","indigo",48,95.0,90.0,1,90.0,"2021-08-31","2021-09-07",7
164,35,358,"Jermaine Goranov",64,"Genderfluid","Kreigerbury","Northern Territory",549,"Leather","Jacket","XL","blue",67,113.0,98.0,1,98.0,"2021-08-31","2021-09-07",7
165,35,358,"Jermaine Goranov",64,"Genderfluid","Kreigerbury","Northern Territory",302,"Cuban Collar","Shirt","M","blue",55,93.0,105.0,1,105.0,"2021-08-31","2021-09-07",7
166,35,358,"Jermaine Goranov",64,"Genderfluid","Kreigerbury","Northern Territory",671,"Parka","Jacket","S","orange",72,119.0,113.0,3,339.0,"2021-08-31","2021-09-07",7
167,36,51,"Kayley Brosoli",52,"Non-binary","South Evaport","Northern Territory",675,"Parka","Jacket","XS","yellow",63,119.0,113.0,1,113.0,"2021-08-22","2021-09-04",13
168,36,51,"Kayley Brosoli",52,"Non-binary","South Evaport","Northern Territory",636,"Coach","Jacket","S","orange",55,115.0,93.0,3,279.0,"2021-08-22","2021-09-04",13
169,36,51,"Kayley Brosoli",52,"Non-binary","South Evaport","Northern Territory",37,"Dress","Shirt","M","red",57,119.0,104.0,2,208.0,"2021-08-22","2021-09-04",13
170,36,51,"Kayley Brosoli",52,"Non-binary","South Evaport","Northern Territory",831,"Shearling","Jacket","S","indigo",45,95.0,117.0,2,234.0,"2021-08-22","2021-09-04",13
171,36,51,"Kayley Brosoli",52,"Non-binary","South Evaport","Northern Territory",737,"Peacoat","Jacket","M","red",59,102.0,109.0,2,218.0,"2021-08-22","2021-09-04",13
172,36,51,"Kayley Brosoli",52,"Non-binary","South Evaport","Northern Territory",203,"Camp Collared","Shirt","L","indigo",72,112.0,98.0,1,98.0,"2021-08-22","2021-09-04",13
173,37,78,"Jethro Pollak",38,"Genderqueer","Lake Alihaven","Northern Territory",809,"Shearling","Jacket","XL","red",42,95.0,117.0,3,351.0,"2021-07-07","2021-07-18",11
174,37,78,"Jethro Pollak",38,"Genderqueer","Lake Alihaven","Northern Territory",995,"Wool","Trousers","XS","green",73,111.0,106.0,3,318.0,"2021-07-07","2021-07-18",11
175,37,78,"Jethro Pollak",38,"Genderqueer","Lake Alihaven","Northern Territory",605,"Cardigan","Jacket","XS","yellow",46,118.0,112.0,3,336.0,"2021-07-07","2021-07-18",11
176,37,78,"Jethro Pollak",38,"Genderqueer","Lake Alihaven","Northern Territory",608,"Cardigan","Jacket","L","yellow",50,118.0,112.0,2,224.0,"2021-07-07","2021-07-18",11
177,37,78,"Jethro Pollak",38,"Genderqueer","Lake Alihaven","Northern Territory",645,"Coach","Jacket","XS","green",78,115.0,93.0,2,186.0,"2021-07-07","2021-07-18",11
178,38,809,"Winn Siemandl",76,"Bigender","South Tyler","Tasmania",1015,"Relaxed Leg","Trousers","XS","red",52,95.0,90.0,2,180.0,"2021-02-03","2021-02-19",16
179,38,809,"Winn Siemandl",76,"Bigender","South Tyler","Tasmania",503,"Windbreaker","Jacket","L","yellow",70,109.0,102.0,1,102.0,"2021-02-03","2021-02-19",16
180,38,809,"Winn Siemandl",76,"Bigender","South Tyler","Tasmania",138,"Denim","Shirt","L","violet",78,115.0,92.0,2,184.0,"2021-02-03","2021-02-19",16
181,39,466,"Vinnie Feaver",28,"Male","North Justin","South Australia",621,"Cardigan","Jacket","S","indigo",61,118.0,112.0,2,224.0,"2021-02-26","2021-03-20",22
182,39,466,"Vinnie Feaver",28,"Male","North Justin","South Australia",338,"Mandarin Collar","Shirt","L","blue",68,108.0,109.0,2,218.0,"2021-02-26","2021-03-20",22
183,39,466,"Vinnie Feaver",28,"Male","North Justin","South Australia",148,"Linen","Shirt","L","orange",73,116.0,91.0,3,273.0,"2021-02-26","2021-03-20",22
184,39,466,"Vinnie Feaver",28,"Male","North Justin","South Australia",631,"Coach","Jacket","S","red",76,115.0,93.0,3,279.0,"2021-02-26","2021-03-20",22
185,39,466,"Vinnie Feaver",28,"Male","North Justin","South Australia",916,"Drawstring","Trousers","S","orange",58,104.0,96.0,1,96.0,"2021-02-26","2021-03-20",22
186,39,466,"Vinnie Feaver",28,"Male","North Justin","South Australia",317,"Mandarin Collar","Shirt","M","red",60,108.0,109.0,2,218.0,"2021-02-26","2021-03-20",22
187,39,466,"Vinnie Feaver",28,"Male","North Justin","South Australia",49,"Dress","Shirt","XL","yellow",75,119.0,104.0,1,104.0,"2021-02-26","2021-03-20",22
188,39,466,"Vinnie Feaver",28,"Male","North Justin","South Australia",1030,"Relaxed Leg","Trousers","XS","green",80,95.0,90.0,2,180.0,"2021-02-26","2021-03-20",22
189,39,466,"Vinnie Feaver",28,"Male","North Justin","South Australia",892,"Cords","Trousers","M","green",76,113.0,94.0,3,282.0,"2021-02-26","2021-03-20",22
190,39,466,"Vinnie Feaver",28,"Male","North Justin","South Australia",20,"Oxford Cloth","Shirt","XS","blue",47,114.0,96.0,2,192.0,"2021-02-26","2021-03-20",22
191,40,86,"Corinna Maystone",76,"Non-binary","Gleasonport","Tasmania",333,"Mandarin Collar","Shirt","L","green",67,108.0,109.0,2,218.0,"2021-01-07","2021-01-19",12
192,40,86,"Corinna Maystone",76,"Non-binary","Gleasonport","Tasmania",650,"Coach","Jacket","XS","blue",51,115.0,93.0,1,93.0,"2021-01-07","2021-01-19",12
193,40,86,"Corinna Maystone",76,"Non-binary","Gleasonport","Tasmania",479,"Puffer","Jacket","XL","blue",80,110.0,118.0,3,354.0,"2021-01-07","2021-01-19",12
194,40,86,"Corinna Maystone",76,"Non-binary","Gleasonport","Tasmania",688,"Parka","Jacket","L","blue",61,119.0,113.0,3,339.0,"2021-01-07","2021-01-19",12
195,41,790,"Drake Ivanilov",67,"Genderqueer","Nathanfort","Australian Capital Territory",1012,"Wool","Trousers","M","violet",51,111.0,106.0,1,106.0,"2021-01-03","2021-01-09",6
196,41,790,"Drake Ivanilov",67,"Genderqueer","Nathanfort","Australian Capital Territory",730,"Trench Coat","Jacket","XS","violet",64,112.0,119.0,1,119.0,"2021-01-03","2021-01-09",6
197,41,790,"Drake Ivanilov",67,"Genderqueer","Nathanfort","Australian Capital Territory",579,"Bomber","Jacket","XL","green",79,90.0,100.0,3,300.0,"2021-01-03","2021-01-09",6
198,42,690,"Arlie Bowman",34,"Genderqueer","Port Annabelle","Northern Territory",866,"Chinos","Trousers","S","indigo",67,100.0,113.0,1,113.0,"2021-07-29","2021-08-02",4
199,42,690,"Arlie Bowman",34,"Genderqueer","Port Annabelle","Northern Territory",978,"Slim-Fit","Trousers","L","violet",58,119.0,97.0,2,194.0,"2021-07-29","2021-08-02",4
200,42,690,"Arlie Bowman",34,"Genderqueer","Port Annabelle","Northern Territory",330,"Mandarin Collar","Shirt","XS","green",63,108.0,109.0,1,109.0,"2021-07-29","2021-08-02",4
201,42,690,"Arlie Bowman",34,"Genderqueer","Port Annabelle","Northern Territory",1225,"Tracksuit Bottoms","Trousers","XS","red",55,91.0,112.0,1,112.0,"2021-07-29","2021-08-02",4
202,43,570,"Henryetta Sheffield",35,"Genderqueer","New Masonstad","New South Wales",1146,"Cargo Pants","Trousers","S","indigo",48,106.0,102.0,2,204.0,"2021-07-13","2021-08-03",21
203,43,570,"Henryetta Sheffield",35,"Genderqueer","New Masonstad","New South Wales",586,"Bomber","Jacket","S","indigo",41,90.0,100.0,1,100.0,"2021-07-13","2021-08-03",21
204,43,570,"Henryetta Sheffield",35,"Genderqueer","New Masonstad","New South Wales",134,"Denim","Shirt","XL","indigo",58,115.0,92.0,3,276.0,"2021-07-13","2021-08-03",21
205,44,849,"Gina Pollen",29,"Male","Lake Gabrielview","New South Wales",368,"Henley","Shirt","L","green",41,92.0,94.0,2,188.0,"2021-09-07","2021-09-22",15
206,44,849,"Gina Pollen",29,"Male","Lake Gabrielview","New South Wales",1127,"Cargo Pants","Trousers","M","orange",51,106.0,102.0,2,204.0,"2021-09-07","2021-09-22",15
207,44,849,"Gina Pollen",29,"Male","Lake Gabrielview","New South Wales",595,"Cardigan","Jacket","XS","red",51,118.0,112.0,1,112.0,"2021-09-07","2021-09-22",15
208,44,849,"Gina Pollen",29,"Male","Lake Gabrielview","New South Wales",1076,"Joggers","Trousers","S","indigo",56,94.0,93.0,1,93.0,"2021-09-07","2021-09-22",15
209,44,849,"Gina Pollen",29,"Male","Lake Gabrielview","New South Wales",704,"Trench Coat","Jacket","XL","red",40,112.0,119.0,1,119.0,"2021-09-07","2021-09-22",15
210,45,571,"Kristofor Roos",22,"Agender","Jordanside","Australian Capital Territory",476,"Puffer","Jacket","S","blue",76,110.0,118.0,1,118.0,"2021-05-30","2021-06-21",22
211,45,571,"Kristofor Roos",22,"Agender","Jordanside","Australian Capital Territory",705,"Trench Coat","Jacket","XS","orange",69,112.0,119.0,3,357.0,"2021-05-30","2021-06-21",22
212,45,571,"Kristofor Roos",22,"Agender","Jordanside","Australian Capital Territory",1037,"Relaxed Leg","Trousers","M","blue",72,95.0,90.0,2,180.0,"2021-05-30","2021-06-21",22
213,45,571,"Kristofor Roos",22,"Agender","Jordanside","Australian Capital Territory",345,"Mandarin Collar","Shirt","XS","violet",52,108.0,109.0,3,327.0,"2021-05-30","2021-06-21",22
214,45,571,"Kristofor Roos",22,"Agender","Jordanside","Australian Capital Territory",1253,"Tracksuit Bottoms","Trousers","L","indigo",50,91.0,112.0,2,224.0,"2021-05-30","2021-06-21",22
215,45,571,"Kristofor Roos",22,"Agender","Jordanside","Australian Capital Territory",1258,"Tracksuit Bottoms","Trousers","L","violet",45,91.0,112.0,1,112.0,"2021-05-30","2021-06-21",22
216,46,922,"Adena Venn",53,"Polygender","Jordanburgh","Victoria",666,"Parka","Jacket","S","red",66,119.0,113.0,3,339.0,"2021-06-22","2021-07-04",12
217,46,922,"Adena Venn",53,"Polygender","Jordanburgh","Victoria",498,"Windbreaker","Jacket","L","orange",68,109.0,102.0,1,102.0,"2021-06-22","2021-07-04",12
218,46,922,"Adena Venn",53,"Polygender","Jordanburgh","Victoria",316,"Mandarin Collar","Shirt","S","red",48,108.0,109.0,3,327.0,"2021-06-22","2021-07-04",12
219,47,791,"Jojo Toffanini",34,"Agender","Elijahshire","Queensland",664,"Coach","Jacket","XL","violet",60,115.0,93.0,2,186.0,"2021-04-21","2021-04-23",2
220,47,791,"Jojo Toffanini",34,"Agender","Elijahshire","Queensland",823,"Shearling","Jacket","L","green",66,95.0,117.0,2,234.0,"2021-04-21","2021-04-23",2
221,47,791,"Jojo Toffanini",34,"Agender","Elijahshire","Queensland",777,"Pullover","Jacket","M","orange",60,114.0,91.0,1,91.0,"2021-04-21","2021-04-23",2
222,47,791,"Jojo Toffanini",34,"Agender","Elijahshire","Queensland",78,"Flannel","Shirt","L","orange",59,96.0,118.0,2,236.0,"2021-04-21","2021-04-23",2
223,47,791,"Jojo Toffanini",34,"Agender","Elijahshire","Queensland",1089,"Cropped","Trousers","XL","red",78,99.0,115.0,3,345.0,"2021-04-21","2021-04-23",2
224,48,620,"Phillipe Gatecliffe",35,"Male","Jettstad","Australian Capital Territory",960,"Slim-Fit","Trousers","XS","green",74,119.0,97.0,1,97.0,"2021-04-16","2021-04-23",7
225,48,620,"Phillipe Gatecliffe",35,"Male","Jettstad","Australian Capital Territory",683,"Parka","Jacket","L","green",55,119.0,113.0,3,339.0,"2021-04-16","2021-04-23",7
226,49,336,"Julian Sponer",35,"Male","Port Madison","Australian Capital Territory",40,"Dress","Shirt","XS","orange",58,119.0,104.0,3,312.0,"2021-01-22","2021-02-13",22
227,49,336,"Julian Sponer",35,"Male","Port Madison","Australian Capital Territory",1044,"Relaxed Leg","Trousers","XL","indigo",58,95.0,90.0,2,180.0,"2021-01-22","2021-02-13",22
228,49,336,"Julian Sponer",35,"Male","Port Madison","Australian Capital Territory",773,"Pullover","Jacket","L","red",69,114.0,91.0,1,91.0,"2021-01-22","2021-02-13",22
229,50,454,"Abey Bampforth",28,"Genderfluid","Port Isabellafurt","New South Wales",457,"Puffer","Jacket","M","red",62,110.0,118.0,3,354.0,"2021-09-16","2021-09-18",2
230,50,454,"Abey Bampforth",28,"Genderfluid","Port Isabellafurt","New South Wales",339,"Mandarin Collar","Shirt","XL","blue",71,108.0,109.0,1,109.0,"2021-09-16","2021-09-18",2
231,50,454,"Abey Bampforth",28,"Genderfluid","Port Isabellafurt","New South Wales",1098,"Cropped","Trousers","L","yellow",60,99.0,115.0,3,345.0,"2021-09-16","2021-09-18",2
232,50,454,"Abey Bampforth",28,"Genderfluid","Port Isabellafurt","New South Wales",1051,"Joggers","Trousers","S","red",71,94.0,93.0,2,186.0,"2021-09-16","2021-09-18",2
233,50,454,"Abey Bampforth",28,"Genderfluid","Port Isabellafurt","New South Wales",1033,"Relaxed Leg","Trousers","L","green",62,95.0,90.0,3,270.0,"2021-09-16","2021-09-18",2
234,50,454,"Abey Bampforth",28,"Genderfluid","Port Isabellafurt","New South Wales",429,"Denim","Jacket","XL","orange",79,92.0,107.0,1,107.0,"2021-09-16","2021-09-18",2
235,51,399,"Ailene McKeller",46,"Agender","South Logan","Western Australia",668,"Parka","Jacket","L","red",73,119.0,113.0,1,113.0,"2021-02-19","2021-02-26",7
236,51,399,"Ailene McKeller",46,"Agender","South Logan","Western Australia",968,"Slim-Fit","Trousers","L","blue",49,119.0,97.0,3,291.0,"2021-02-19","2021-02-26",7
237,51,399,"Ailene McKeller",46,"Agender","South Logan","Western Australia",1071,"Joggers","Trousers","S","blue",50,94.0,93.0,2,186.0,"2021-02-19","2021-02-26",7
238,52,493,"Andrew Renn",63,"Bigender","Port Natalie","Victoria",491,"Windbreaker","Jacket","S","red",54,109.0,102.0,3,306.0,"2021-10-06","2021-10-29",23
239,52,493,"Andrew Renn",63,"Bigender","Port Natalie","Victoria",1101,"Cropped","Trousers","S","green",71,99.0,115.0,3,345.0,"2021-10-06","2021-10-29",23
240,52,493,"Andrew Renn",63,"Bigender","Port Natalie","Victoria",1141,"Cargo Pants","Trousers","S","blue",63,106.0,102.0,1,102.0,"2021-10-06","2021-10-29",23
241,52,493,"Andrew Renn",63,"Bigender","Port Natalie","Victoria",14,"Oxford Cloth","Shirt","XL","yellow",50,114.0,96.0,2,192.0,"2021-10-06","2021-10-29",23
242,53,528,"Cad Dominichetti",63,"Non-binary","Lake Madelineton","Western Australia",825,"Shearling","Jacket","XS","blue",62,95.0,117.0,3,351.0,"2021-04-22","2021-05-02",10
243,53,528,"Cad Dominichetti",63,"Non-binary","Lake Madelineton","Western Australia",56,"Dress","Shirt","S","blue",46,119.0,104.0,1,104.0,"2021-04-22","2021-05-02",10
244,53,528,"Cad Dominichetti",63,"Non-binary","Lake Madelineton","Western Australia",92,"Flannel","Shirt","M","blue",73,96.0,118.0,1,118.0,"2021-04-22","2021-05-02",10
245,54,195,"Tobye De Caville",72,"Genderfluid","West Baileyville","New South Wales",843,"Chinos","Trousers","L","red",44,100.0,113.0,2,226.0,"2021-04-25","2021-05-17",22
246,54,195,"Tobye De Caville",72,"Genderfluid","West Baileyville","New South Wales",974,"Slim-Fit","Trousers","XL","indigo",66,119.0,97.0,2,194.0,"2021-04-25","2021-05-17",22
247,54,195,"Tobye De Caville",72,"Genderfluid","West Baileyville","New South Wales",268,"Polo","Shirt","L","blue",77,117.0,95.0,1,95.0,"2021-04-25","2021-05-17",22
248,54,195,"Tobye De Caville",72,"Genderfluid","West Baileyville","New South Wales",512,"Windbreaker","Jacket","M","blue",70,109.0,102.0,2,204.0,"2021-04-25","2021-05-17",22
249,55,873,"Cecilla Pigford",38,"Non-binary","Samanthatown","Western Australia",717,"Trench Coat","Jacket","M","green",67,112.0,119.0,1,119.0,"2021-04-08","2021-04-25",17
250,56,587,"Carmita Grundey",35,"Agender","East Declanside","Queensland",1061,"Joggers","Trousers","S","yellow",76,94.0,93.0,1,93.0,"2021-01-23","2021-02-18",26
251,56,587,"Carmita Grundey",35,"Agender","East Declanside","Queensland",879,"Cords","Trousers","XL","red",80,113.0,94.0,3,282.0,"2021-01-23","2021-02-18",26
252,56,587,"Carmita Grundey",35,"Agender","East Declanside","Queensland",469,"Puffer","Jacket","XL","yellow",65,110.0,118.0,1,118.0,"2021-01-23","2021-02-18",26
253,56,587,"Carmita Grundey",35,"Agender","East Declanside","Queensland",610,"Cardigan","Jacket","XS","green",40,118.0,112.0,3,336.0,"2021-01-23","2021-02-18",26
254,56,587,"Carmita Grundey",35,"Agender","East Declanside","Queensland",968,"Slim-Fit","Trousers","L","blue",49,119.0,97.0,2,194.0,"2021-01-23","2021-02-18",26
255,57,163,"Harrietta Burchatt",20,"Genderfluid","Port Elliechester","Australian Capital Territory",1078,"Joggers","Trousers","L","indigo",42,94.0,93.0,2,186.0,"2021-02-27","2021-03-13",14
256,57,163,"Harrietta Burchatt",20,"Genderfluid","Port Elliechester","Australian Capital Territory",1148,"Cargo Pants","Trousers","L","indigo",46,106.0,102.0,3,306.0,"2021-02-27","2021-03-13",14
257,57,163,"Harrietta Burchatt",20,"Genderfluid","Port Elliechester","Australian Capital Territory",808,"Shearling","Jacket","L","red",40,95.0,117.0,1,117.0,"2021-02-27","2021-03-13",14
258,58,332,"Carla Walework",75,"Male","East George","Northern Territory",1073,"Joggers","Trousers","L","blue",75,94.0,93.0,3,279.0,"2021-02-02","2021-02-10",8
259,58,332,"Carla Walework",75,"Male","East George","Northern Territory",883,"Cords","Trousers","L","orange",74,113.0,94.0,2,188.0,"2021-02-02","2021-02-10",8
260,59,843,"Sheela Dovey",23,"Genderqueer","Lake Addisonland","South Australia",928,"Drawstring","Trousers","L","green",43,104.0,96.0,1,96.0,"2021-01-31","2021-02-27",27
261,59,843,"Sheela Dovey",23,"Genderqueer","Lake Addisonland","South Australia",682,"Parka","Jacket","M","green",71,119.0,113.0,2,226.0,"2021-01-31","2021-02-27",27
262,59,843,"Sheela Dovey",23,"Genderqueer","Lake Addisonland","South Australia",786,"Pullover","Jacket","S","green",69,114.0,91.0,1,91.0,"2021-01-31","2021-02-27",27
263,60,301,"Elga Corgenvin",47,"Non-binary","New Sienna","South Australia",1054,"Joggers","Trousers","XL","red",58,94.0,93.0,2,186.0,"2021-02-05","2021-02-28",23
264,60,301,"Elga Corgenvin",47,"Non-binary","New Sienna","South Australia",926,"Drawstring","Trousers","S","green",73,104.0,96.0,1,96.0,"2021-02-05","2021-02-28",23
265,60,301,"Elga Corgenvin",47,"Non-binary","New Sienna","South Australia",590,"Bomber","Jacket","XS","violet",75,90.0,100.0,1,100.0,"2021-02-05","2021-02-28",23
266,60,301,"Elga Corgenvin",47,"Non-binary","New Sienna","South Australia",203,"Camp Collared","Shirt","L","indigo",72,112.0,98.0,3,294.0,"2021-02-05","2021-02-28",23
267,60,301,"Elga Corgenvin",47,"Non-binary","New Sienna","South Australia",913,"Drawstring","Trousers","L","red",73,104.0,96.0,1,96.0,"2021-02-05","2021-02-28",23
268,60,301,"Elga Corgenvin",47,"Non-binary","New Sienna","South Australia",451,"Denim","Jacket","S","violet",73,92.0,107.0,3,321.0,"2021-02-05","2021-02-28",23
269,61,158,"Ann-marie Sinden",33,"Genderqueer","Johnschester","New South Wales",1163,"High-Waisted","Trousers","L","orange",78,98.0,99.0,1,99.0,"2021-04-16","2021-04-28",12
270,61,158,"Ann-marie Sinden",33,"Genderqueer","Johnschester","New South Wales",210,"Chambray","Shirt","XS","red",48,105.0,106.0,1,106.0,"2021-04-16","2021-04-28",12
271,61,158,"Ann-marie Sinden",33,"Genderqueer","Johnschester","New South Wales",1180,"High-Waisted","Trousers","XS","indigo",47,98.0,99.0,1,99.0,"2021-04-16","2021-04-28",12
272,61,158,"Ann-marie Sinden",33,"Genderqueer","Johnschester","New South Wales",710,"Trench Coat","Jacket","XS","yellow",78,112.0,119.0,3,357.0,"2021-04-16","2021-04-28",12
273,61,158,"Ann-marie Sinden",33,"Genderqueer","Johnschester","New South Wales",316,"Mandarin Collar","Shirt","S","red",48,108.0,109.0,2,218.0,"2021-04-16","2021-04-28",12
274,62,93,"Law Foker",66,"Genderfluid","Colestad","Queensland",1045,"Relaxed Leg","Trousers","XS","violet",49,95.0,90.0,2,180.0,"2021-07-30","2021-08-13",14
275,62,93,"Law Foker",66,"Genderfluid","Colestad","Queensland",1192,"Pleated","Trousers","M","red",40,90.0,105.0,2,210.0,"2021-07-30","2021-08-13",14
276,63,556,"Nessy Kildea",61,"Genderfluid","West Kai","South Australia",327,"Mandarin Collar","Shirt","M","yellow",58,108.0,109.0,3,327.0,"2021-02-11","2021-03-08",25
277,63,556,"Nessy Kildea",61,"Genderfluid","West Kai","South Australia",975,"Slim-Fit","Trousers","XS","violet",70,119.0,97.0,2,194.0,"2021-02-11","2021-03-08",25
278,63,556,"Nessy Kildea",61,"Genderfluid","West Kai","South Australia",360,"Henley","Shirt","XS","yellow",42,92.0,94.0,2,188.0,"2021-02-11","2021-03-08",25
279,63,556,"Nessy Kildea",61,"Genderfluid","West Kai","South Australia",208,"Camp Collared","Shirt","L","violet",42,112.0,98.0,1,98.0,"2021-02-11","2021-03-08",25
280,64,167,"Alayne Ipplett",34,"Agender","Ellieshire","Australian Capital Territory",801,"Pullover","Jacket","S","violet",74,114.0,91.0,2,182.0,"2021-01-24","2021-02-15",22
281,64,167,"Alayne Ipplett",34,"Agender","Ellieshire","Australian Capital Territory",623,"Cardigan","Jacket","L","indigo",40,118.0,112.0,2,224.0,"2021-01-24","2021-02-15",22
282,64,167,"Alayne Ipplett",34,"Agender","Ellieshire","Australian Capital Territory",1012,"Wool","Trousers","M","violet",51,111.0,106.0,1,106.0,"2021-01-24","2021-02-15",22
283,64,167,"Alayne Ipplett",34,"Agender","Ellieshire","Australian Capital Territory",680,"Parka","Jacket","XS","green",75,119.0,113.0,2,226.0,"2021-01-24","2021-02-15",22
284,65,388,"Dame Popov",38,"Genderfluid","New Mayaburgh","Northern Territory",1184,"High-Waisted","Trousers","XL","indigo",57,98.0,99.0,3,297.0,"2021-06-26","2021-07-22",26
285,65,388,"Dame Popov",38,"Genderfluid","New Mayaburgh","Northern Territory",744,"Peacoat","Jacket","XL","orange",69,102.0,109.0,3,327.0,"2021-06-26","2021-07-22",26
286,66,631,"Wanids Cudby",49,"Female","Davidfurt","Northern Territory",947,"Slim-Fit","Trousers","M","red",67,119.0,97.0,3,291.0,"2021-08-14","2021-08-22",8
287,66,631,"Wanids Cudby",49,"Female","Davidfurt","Northern Territory",847,"Chinos","Trousers","M","orange",73,100.0,113.0,1,113.0,"2021-08-14","2021-08-22",8
288,66,631,"Wanids Cudby",49,"Female","Davidfurt","Northern Territory",810,"Shearling","Jacket","XS","orange",54,95.0,117.0,3,351.0,"2021-08-14","2021-08-22",8
289,66,631,"Wanids Cudby",49,"Female","Davidfurt","Northern Territory",465,"Puffer","Jacket","XS","yellow",55,110.0,118.0,2,236.0,"2021-08-14","2021-08-22",8
290,66,631,"Wanids Cudby",49,"Female","Davidfurt","Northern Territory",125,"Denim","Shirt","XS","blue",76,115.0,92.0,2,184.0,"2021-08-14","2021-08-22",8
291,66,631,"Wanids Cudby",49,"Female","Davidfurt","Northern Territory",728,"Trench Coat","Jacket","L","indigo",71,112.0,119.0,1,119.0,"2021-08-14","2021-08-22",8
292,66,631,"Wanids Cudby",49,"Female","Davidfurt","Northern Territory",901,"Cords","Trousers","S","indigo",60,113.0,94.0,2,188.0,"2021-08-14","2021-08-22",8
293,66,631,"Wanids Cudby",49,"Female","Davidfurt","Northern Territory",672,"Parka","Jacket","M","orange",51,119.0,113.0,2,226.0,"2021-08-14","2021-08-22",8
294,66,631,"Wanids Cudby",49,"Female","Davidfurt","Northern Territory",163,"Linen","Shirt","L","blue",70,116.0,91.0,3,273.0,"2021-08-14","2021-08-22",8
295,66,631,"Wanids Cudby",49,"Female","Davidfurt","Northern Territory",942,"Drawstring","Trousers","M","violet",73,104.0,96.0,1,96.0,"2021-08-14","2021-08-22",8
296,67,504,"Marilyn Rontree",56,"Genderqueer","Emilymouth","Northern Territory",1038,"Relaxed Leg","Trousers","L","blue",61,95.0,90.0,2,180.0,"2021-05-22","2021-06-17",26
297,67,504,"Marilyn Rontree",56,"Genderqueer","Emilymouth","Northern Territory",798,"Pullover","Jacket","L","indigo",50,114.0,91.0,2,182.0,"2021-05-22","2021-06-17",26
298,67,504,"Marilyn Rontree",56,"Genderqueer","Emilymouth","Northern Territory",453,"Denim","Jacket","L","violet",50,92.0,107.0,2,214.0,"2021-05-22","2021-06-17",26
299,68,180,"Nelli Engall",21,"Genderfluid","Chasemouth","Western Australia",64,"Dress","Shirt","XL","indigo",75,119.0,104.0,1,104.0,"2021-02-12","2021-02-18",6
300,68,180,"Nelli Engall",21,"Genderfluid","Chasemouth","Western Australia",436,"Denim","Jacket","S","green",49,92.0,107.0,2,214.0,"2021-02-12","2021-02-18",6
301,68,180,"Nelli Engall",21,"Genderfluid","Chasemouth","Western Australia",1029,"Relaxed Leg","Trousers","XL","yellow",54,95.0,90.0,1,90.0,"2021-02-12","2021-02-18",6
302,68,180,"Nelli Engall",21,"Genderfluid","Chasemouth","Western Australia",78,"Flannel","Shirt","L","orange",59,96.0,118.0,1,118.0,"2021-02-12","2021-02-18",6
303,69,96,"Garvy Davioud",41,"Genderfluid","Hudsontown","New South Wales",103,"Flannel","Shirt","L","violet",76,96.0,118.0,1,118.0,"2021-03-08","2021-03-28",20
304,69,96,"Garvy Davioud",41,"Genderfluid","Hudsontown","New South Wales",175,"Camp Collared","Shirt","XS","red",77,112.0,98.0,3,294.0,"2021-03-08","2021-03-28",20
305,69,96,"Garvy Davioud",41,"Genderfluid","Hudsontown","New South Wales",1059,"Joggers","Trousers","XL","orange",44,94.0,93.0,1,93.0,"2021-03-08","2021-03-28",20
306,69,96,"Garvy Davioud",41,"Genderfluid","Hudsontown","New South Wales",1210,"Pleated","Trousers","XS","blue",62,90.0,105.0,2,210.0,"2021-03-08","2021-03-28",20
307,69,96,"Garvy Davioud",41,"Genderfluid","Hudsontown","New South Wales",817,"Shearling","Jacket","M","yellow",60,95.0,117.0,2,234.0,"2021-03-08","2021-03-28",20
308,69,96,"Garvy Davioud",41,"Genderfluid","Hudsontown","New South Wales",616,"Cardigan","Jacket","S","blue",53,118.0,112.0,3,336.0,"2021-03-08","2021-03-28",20
309,70,802,"Amaleta Beange",72,"Female","Imogenmouth","Northern Territory",593,"Bomber","Jacket","L","violet",68,90.0,100.0,1,100.0,"2021-05-15","2021-05-26",11
310,71,795,"Berri O' Clovan",49,"Agender","East Hayden","Australian Capital Territory",1100,"Cropped","Trousers","XS","green",48,99.0,115.0,1,115.0,"2021-02-14","2021-02-16",2
311,71,795,"Berri O' Clovan",49,"Agender","East Hayden","Australian Capital Territory",230,"Chambray","Shirt","XS","blue",76,105.0,106.0,2,212.0,"2021-02-14","2021-02-16",2
312,72,610,"Sadye Pes",31,"Agender","New Jayden","Tasmania",1028,"Relaxed Leg","Trousers","L","yellow",65,95.0,90.0,2,180.0,"2021-03-13","2021-03-16",3
313,72,610,"Sadye Pes",31,"Agender","New Jayden","Tasmania",548,"Leather","Jacket","L","blue",62,113.0,98.0,2,196.0,"2021-03-13","2021-03-16",3
314,72,610,"Sadye Pes",31,"Agender","New Jayden","Tasmania",71,"Flannel","Shirt","S","red",59,96.0,118.0,2,236.0,"2021-03-13","2021-03-16",3
315,72,610,"Sadye Pes",31,"Agender","New Jayden","Tasmania",596,"Cardigan","Jacket","S","red",47,118.0,112.0,2,224.0,"2021-03-13","2021-03-16",3
316,73,965,"Terri Lunny",75,"Bigender","New Callumtown","Western Australia",467,"Puffer","Jacket","M","yellow",44,110.0,118.0,3,354.0,"2021-07-24","2021-08-19",26
317,73,965,"Terri Lunny",75,"Bigender","New Callumtown","Western Australia",1135,"Cargo Pants","Trousers","XS","green",63,106.0,102.0,1,102.0,"2021-07-24","2021-08-19",26
318,73,965,"Terri Lunny",75,"Bigender","New Callumtown","Western Australia",1014,"Wool","Trousers","XL","violet",40,111.0,106.0,1,106.0,"2021-07-24","2021-08-19",26
319,73,965,"Terri Lunny",75,"Bigender","New Callumtown","Western Australia",1188,"High-Waisted","Trousers","L","violet",68,98.0,99.0,3,297.0,"2021-07-24","2021-08-19",26
320,73,965,"Terri Lunny",75,"Bigender","New Callumtown","Western Australia",70,"Flannel","Shirt","XS","red",42,96.0,118.0,2,236.0,"2021-07-24","2021-08-19",26
321,74,391,"Reed Churchlow",75,"Male","North Sophieland","Australian Capital Territory",507,"Windbreaker","Jacket","M","green",63,109.0,102.0,2,204.0,"2021-02-23","2021-02-27",4
322,74,391,"Reed Churchlow",75,"Male","North Sophieland","Australian Capital Territory",311,"Cuban Collar","Shirt","S","violet",43,93.0,105.0,2,210.0,"2021-02-23","2021-02-27",4
323,74,391,"Reed Churchlow",75,"Male","North Sophieland","Australian Capital Territory",85,"Flannel","Shirt","XS","green",55,96.0,118.0,2,236.0,"2021-02-23","2021-02-27",4
324,75,68,"Willa Gaisford",23,"Female","West Justin","Western Australia",571,"Bomber","Jacket","S","yellow",64,90.0,100.0,2,200.0,"2021-08-24","2021-09-15",22
325,75,68,"Willa Gaisford",23,"Female","West Justin","Western Australia",395,"Casual Slim Fit","Shirt","XS","yellow",63,113.0,119.0,3,357.0,"2021-08-24","2021-09-15",22
326,75,68,"Willa Gaisford",23,"Female","West Justin","Western Australia",604,"Cardigan","Jacket","XL","orange",75,118.0,112.0,3,336.0,"2021-08-24","2021-09-15",22
327,76,470,"Trudey Betteridge",45,"Genderfluid","Edwardtown","Western Australia",452,"Denim","Jacket","M","violet",43,92.0,107.0,1,107.0,"2021-06-18","2021-06-26",8
328,76,470,"Trudey Betteridge",45,"Genderfluid","Edwardtown","Western Australia",1083,"Joggers","Trousers","L","violet",60,94.0,93.0,2,186.0,"2021-06-18","2021-06-26",8
329,76,470,"Trudey Betteridge",45,"Genderfluid","Edwardtown","Western Australia",214,"Chambray","Shirt","XL","red",42,105.0,106.0,1,106.0,"2021-06-18","2021-06-26",8
330,76,470,"Trudey Betteridge",45,"Genderfluid","Edwardtown","Western Australia",1158,"High-Waisted","Trousers","L","red",52,98.0,99.0,1,99.0,"2021-06-18","2021-06-26",8
331,76,470,"Trudey Betteridge",45,"Genderfluid","Edwardtown","Western Australia",1132,"Cargo Pants","Trousers","M","yellow",72,106.0,102.0,1,102.0,"2021-06-18","2021-06-26",8
332,76,470,"Trudey Betteridge",45,"Genderfluid","Edwardtown","Western Australia",1067,"Joggers","Trousers","M","green",54,94.0,93.0,3,279.0,"2021-06-18","2021-06-26",8
333,76,470,"Trudey Betteridge",45,"Genderfluid","Edwardtown","Western Australia",842,"Chinos","Trousers","M","red",54,100.0,113.0,2,226.0,"2021-06-18","2021-06-26",8
334,77,680,"Camellia Heatherington",78,"Bigender","Taylorfurt","New South Wales",81,"Flannel","Shirt","S","yellow",42,96.0,118.0,3,354.0,"2021-04-19","2021-04-29",10
335,77,680,"Camellia Heatherington",78,"Bigender","Taylorfurt","New South Wales",672,"Parka","Jacket","M","orange",51,119.0,113.0,1,113.0,"2021-04-19","2021-04-29",10
336,77,680,"Camellia Heatherington",78,"Bigender","Taylorfurt","New South Wales",390,"Casual Slim Fit","Shirt","XS","orange",43,113.0,119.0,3,357.0,"2021-04-19","2021-04-29",10
337,77,680,"Camellia Heatherington",78,"Bigender","Taylorfurt","New South Wales",614,"Cardigan","Jacket","XL","green",64,118.0,112.0,1,112.0,"2021-04-19","2021-04-29",10
338,77,680,"Camellia Heatherington",78,"Bigender","Taylorfurt","New South Wales",535,"Leather","Jacket","XS","yellow",73,113.0,98.0,3,294.0,"2021-04-19","2021-04-29",10
339,77,680,"Camellia Heatherington",78,"Bigender","Taylorfurt","New South Wales",1165,"High-Waisted","Trousers","XS","yellow",64,98.0,99.0,2,198.0,"2021-04-19","2021-04-29",10
340,77,680,"Camellia Heatherington",78,"Bigender","Taylorfurt","New South Wales",364,"Henley","Shirt","XL","yellow",55,92.0,94.0,1,94.0,"2021-04-19","2021-04-29",10
341,77,680,"Camellia Heatherington",78,"Bigender","Taylorfurt","New South Wales",1221,"Pleated","Trousers","S","violet",50,90.0,105.0,1,105.0,"2021-04-19","2021-04-29",10
342,77,680,"Camellia Heatherington",78,"Bigender","Taylorfurt","New South Wales",878,"Cords","Trousers","L","red",53,113.0,94.0,3,282.0,"2021-04-19","2021-04-29",10
343,77,680,"Camellia Heatherington",78,"Bigender","Taylorfurt","New South Wales",782,"Pullover","Jacket","M","yellow",49,114.0,91.0,3,273.0,"2021-04-19","2021-04-29",10
344,77,680,"Camellia Heatherington",78,"Bigender","Taylorfurt","New South Wales",819,"Shearling","Jacket","XL","yellow",63,95.0,117.0,3,351.0,"2021-04-19","2021-04-29",10
345,77,680,"Camellia Heatherington",78,"Bigender","Taylorfurt","New South Wales",577,"Bomber","Jacket","M","green",61,90.0,100.0,2,200.0,"2021-04-19","2021-04-29",10
346,78,681,"Shermy Mulbry",79,"Polygender","West Alyssaton","Victoria",733,"Trench Coat","Jacket","L","violet",76,112.0,119.0,3,357.0,"2021-05-13","2021-05-29",16
347,78,681,"Shermy Mulbry",79,"Polygender","West Alyssaton","Victoria",1086,"Cropped","Trousers","S","red",47,99.0,115.0,2,230.0,"2021-05-13","2021-05-29",16
348,78,681,"Shermy Mulbry",79,"Polygender","West Alyssaton","Victoria",1001,"Wool","Trousers","S","blue",55,111.0,106.0,2,212.0,"2021-05-13","2021-05-29",16
349,79,236,"Anders Couvert",80,"Non-binary","East Sienna","New South Wales",481,"Puffer","Jacket","S","indigo",62,110.0,118.0,2,236.0,"2021-03-16","2021-03-25",9
350,79,236,"Anders Couvert",80,"Non-binary","East Sienna","New South Wales",499,"Windbreaker","Jacket","XL","orange",67,109.0,102.0,1,102.0,"2021-03-16","2021-03-25",9
351,79,236,"Anders Couvert",80,"Non-binary","East Sienna","New South Wales",1244,"Tracksuit Bottoms","Trousers","XL","green",49,91.0,112.0,3,336.0,"2021-03-16","2021-03-25",9
352,79,236,"Anders Couvert",80,"Non-binary","East Sienna","New South Wales",947,"Slim-Fit","Trousers","M","red",67,119.0,97.0,1,97.0,"2021-03-16","2021-03-25",9
353,80,872,"Brendis Blackboro",74,"Non-binary","West Lukeshire","New South Wales",21,"Oxford Cloth","Shirt","S","blue",51,114.0,96.0,2,192.0,"2021-04-26","2021-05-20",24
354,80,872,"Brendis Blackboro",74,"Non-binary","West Lukeshire","New South Wales",978,"Slim-Fit","Trousers","L","violet",58,119.0,97.0,2,194.0,"2021-04-26","2021-05-20",24
355,81,736,"Delia Mably",55,"Female","Doylebury","Victoria",55,"Dress","Shirt","XS","blue",41,119.0,104.0,3,312.0,"2021-06-13","2021-06-15",2
356,81,736,"Delia Mably",55,"Female","Doylebury","Victoria",987,"Wool","Trousers","M","orange",75,111.0,106.0,2,212.0,"2021-06-13","2021-06-15",2
357,81,736,"Delia Mably",55,"Female","Doylebury","Victoria",1175,"High-Waisted","Trousers","XS","blue",51,98.0,99.0,1,99.0,"2021-06-13","2021-06-15",2
358,81,736,"Delia Mably",55,"Female","Doylebury","Victoria",142,"Linen","Shirt","M","red",78,116.0,91.0,1,91.0,"2021-06-13","2021-06-15",2
359,81,736,"Delia Mably",55,"Female","Doylebury","Victoria",143,"Linen","Shirt","L","red",80,116.0,91.0,3,273.0,"2021-06-13","2021-06-15",2
360,81,736,"Delia Mably",55,"Female","Doylebury","Victoria",626,"Cardigan","Jacket","S","violet",49,118.0,112.0,1,112.0,"2021-06-13","2021-06-15",2
361,82,927,"Joby Law",61,"Male","Ryanfurt","Victoria",599,"Cardigan","Jacket","XL","red",54,118.0,112.0,2,224.0,"2021-02-02","2021-02-27",25
362,82,927,"Joby Law",61,"Male","Ryanfurt","Victoria",528,"Leather","Jacket","L","red",76,113.0,98.0,3,294.0,"2021-02-02","2021-02-27",25
363,82,927,"Joby Law",61,"Male","Ryanfurt","Victoria",757,"Peacoat","Jacket","M","blue",71,102.0,109.0,1,109.0,"2021-02-02","2021-02-27",25
364,82,927,"Joby Law",61,"Male","Ryanfurt","Victoria",1042,"Relaxed Leg","Trousers","M","indigo",45,95.0,90.0,3,270.0,"2021-02-02","2021-02-27",25
365,82,927,"Joby Law",61,"Male","Ryanfurt","Victoria",676,"Parka","Jacket","S","yellow",80,119.0,113.0,2,226.0,"2021-02-02","2021-02-27",25
366,82,927,"Joby Law",61,"Male","Ryanfurt","Victoria",239,"Chambray","Shirt","XL","indigo",61,105.0,106.0,3,318.0,"2021-02-02","2021-02-27",25
367,83,537,"Beverly Burbridge",45,"Non-binary","Krisland","Western Australia",588,"Bomber","Jacket","L","indigo",51,90.0,100.0,1,100.0,"2021-06-25","2021-07-01",6
368,83,537,"Beverly Burbridge",45,"Non-binary","Krisland","Western Australia",88,"Flannel","Shirt","L","green",72,96.0,118.0,1,118.0,"2021-06-25","2021-07-01",6
369,83,537,"Beverly Burbridge",45,"Non-binary","Krisland","Western Australia",260,"Polo","Shirt","XS","green",45,117.0,95.0,2,190.0,"2021-06-25","2021-07-01",6
370,84,181,"Puff Newbury",27,"Polygender","Port Joshuaside","Northern Territory",1074,"Joggers","Trousers","XL","blue",52,94.0,93.0,1,93.0,"2021-08-26","2021-09-20",25
371,84,181,"Puff Newbury",27,"Polygender","Port Joshuaside","Northern Territory",371,"Henley","Shirt","S","blue",75,92.0,94.0,3,282.0,"2021-08-26","2021-09-20",25
372,84,181,"Puff Newbury",27,"Polygender","Port Joshuaside","Northern Territory",191,"Camp Collared","Shirt","S","green",60,112.0,98.0,2,196.0,"2021-08-26","2021-09-20",25
373,85,251,"Jeanne Pringer",78,"Female","Wilsonside","Australian Capital Territory",442,"Denim","Jacket","M","blue",61,92.0,107.0,1,107.0,"2021-03-10","2021-03-22",12
374,85,251,"Jeanne Pringer",78,"Female","Wilsonside","Australian Capital Territory",379,"Henley","Shirt","XL","indigo",52,92.0,94.0,1,94.0,"2021-03-10","2021-03-22",12
375,85,251,"Jeanne Pringer",78,"Female","Wilsonside","Australian Capital Territory",613,"Cardigan","Jacket","L","green",63,118.0,112.0,3,336.0,"2021-03-10","2021-03-22",12
376,86,874,"Prissie Kondratovich",65,"Genderqueer","South Zacmouth","Western Australia",572,"Bomber","Jacket","M","yellow",71,90.0,100.0,2,200.0,"2021-08-05","2021-08-11",6
377,87,325,"Robinetta Deners",68,"Genderqueer","West Claudia","South Australia",98,"Flannel","Shirt","L","indigo",62,96.0,118.0,3,354.0,"2021-06-20","2021-07-16",26
378,87,325,"Robinetta Deners",68,"Genderqueer","West Claudia","South Australia",276,"Polo","Shirt","S","violet",43,117.0,95.0,1,95.0,"2021-06-20","2021-07-16",26
379,87,325,"Robinetta Deners",68,"Genderqueer","West Claudia","South Australia",278,"Polo","Shirt","L","violet",76,117.0,95.0,2,190.0,"2021-06-20","2021-07-16",26
380,87,325,"Robinetta Deners",68,"Genderqueer","West Claudia","South Australia",174,"Linen","Shirt","XL","violet",73,116.0,91.0,2,182.0,"2021-06-20","2021-07-16",26
381,88,567,"Andi Kettleson",39,"Female","East Piper","Northern Territory",126,"Denim","Shirt","S","blue",47,115.0,92.0,1,92.0,"2021-07-19","2021-08-15",27
382,88,567,"Andi Kettleson",39,"Female","East Piper","Northern Territory",862,"Chinos","Trousers","M","blue",41,100.0,113.0,3,339.0,"2021-07-19","2021-08-15",27
383,88,567,"Andi Kettleson",39,"Female","East Piper","Northern Territory",407,"Casual Slim Fit","Shirt","M","blue",61,113.0,119.0,1,119.0,"2021-07-19","2021-08-15",27
384,88,567,"Andi Kettleson",39,"Female","East Piper","Northern Territory",86,"Flannel","Shirt","S","green",57,96.0,118.0,2,236.0,"2021-07-19","2021-08-15",27
385,88,567,"Andi Kettleson",39,"Female","East Piper","Northern Territory",770,"Pullover","Jacket","XS","red",54,114.0,91.0,2,182.0,"2021-07-19","2021-08-15",27
386,88,567,"Andi Kettleson",39,"Female","East Piper","Northern Territory",915,"Drawstring","Trousers","XS","orange",41,104.0,96.0,2,192.0,"2021-07-19","2021-08-15",27
387,88,567,"Andi Kettleson",39,"Female","East Piper","Northern Territory",1221,"Pleated","Trousers","S","violet",50,90.0,105.0,2,210.0,"2021-07-19","2021-08-15",27
388,89,448,"Ashely Inmett",61,"Genderqueer","Liamton","Queensland",271,"Polo","Shirt","S","indigo",50,117.0,95.0,1,95.0,"2021-10-22","2021-11-16",25
389,89,448,"Ashely Inmett",61,"Genderqueer","Liamton","Queensland",818,"Shearling","Jacket","L","yellow",58,95.0,117.0,2,234.0,"2021-10-22","2021-11-16",25
390,89,448,"Ashely Inmett",61,"Genderqueer","Liamton","Queensland",549,"Leather","Jacket","XL","blue",67,113.0,98.0,1,98.0,"2021-10-22","2021-11-16",25
391,89,448,"Ashely Inmett",61,"Genderqueer","Liamton","Queensland",520,"Windbreaker","Jacket","XS","violet",68,109.0,102.0,3,306.0,"2021-10-22","2021-11-16",25
392,89,448,"Ashely Inmett",61,"Genderqueer","Liamton","Queensland",545,"Leather","Jacket","XS","blue",77,113.0,98.0,1,98.0,"2021-10-22","2021-11-16",25
393,90,809,"Winn Siemandl",76,"Bigender","South Tyler","Tasmania",134,"Denim","Shirt","XL","indigo",58,115.0,92.0,3,276.0,"2021-06-13","2021-07-07",24
394,90,809,"Winn Siemandl",76,"Bigender","South Tyler","Tasmania",19,"Oxford Cloth","Shirt","XL","green",42,114.0,96.0,2,192.0,"2021-06-13","2021-07-07",24
395,90,809,"Winn Siemandl",76,"Bigender","South Tyler","Tasmania",746,"Peacoat","Jacket","S","yellow",49,102.0,109.0,2,218.0,"2021-06-13","2021-07-07",24
396,90,809,"Winn Siemandl",76,"Bigender","South Tyler","Tasmania",1129,"Cargo Pants","Trousers","XL","orange",61,106.0,102.0,3,306.0,"2021-06-13","2021-07-07",24
397,90,809,"Winn Siemandl",76,"Bigender","South Tyler","Tasmania",50,"Dress","Shirt","XS","green",51,119.0,104.0,3,312.0,"2021-06-13","2021-07-07",24
398,90,809,"Winn Siemandl",76,"Bigender","South Tyler","Tasmania",641,"Coach","Jacket","S","yellow",67,115.0,93.0,1,93.0,"2021-06-13","2021-07-07",24
399,91,803,"Gertrude Harriott",68,"Bigender","Amyton","Australian Capital Territory",1128,"Cargo Pants","Trousers","L","orange",78,106.0,102.0,1,102.0,"2021-09-02","2021-09-15",13
400,91,803,"Gertrude Harriott",68,"Bigender","Amyton","Australian Capital Territory",371,"Henley","Shirt","S","blue",75,92.0,94.0,1,94.0,"2021-09-02","2021-09-15",13
401,91,803,"Gertrude Harriott",68,"Bigender","Amyton","Australian Capital Territory",224,"Chambray","Shirt","XL","yellow",53,105.0,106.0,3,318.0,"2021-09-02","2021-09-15",13
402,91,803,"Gertrude Harriott",68,"Bigender","Amyton","Australian Capital Territory",498,"Windbreaker","Jacket","L","orange",68,109.0,102.0,3,306.0,"2021-09-02","2021-09-15",13
403,91,803,"Gertrude Harriott",68,"Bigender","Amyton","Australian Capital Territory",1045,"Relaxed Leg","Trousers","XS","violet",49,95.0,90.0,3,270.0,"2021-09-02","2021-09-15",13
404,92,273,"Dag Schiefersten",46,"Bigender","Noahmouth","Northern Territory",434,"Denim","Jacket","XL","yellow",56,92.0,107.0,3,321.0,"2021-01-12","2021-01-30",18
405,92,273,"Dag Schiefersten",46,"Bigender","Noahmouth","Northern Territory",994,"Wool","Trousers","XL","yellow",72,111.0,106.0,3,318.0,"2021-01-12","2021-01-30",18
406,92,273,"Dag Schiefersten",46,"Bigender","Noahmouth","Northern Territory",234,"Chambray","Shirt","XL","blue",43,105.0,106.0,2,212.0,"2021-01-12","2021-01-30",18
407,92,273,"Dag Schiefersten",46,"Bigender","Noahmouth","Northern Territory",991,"Wool","Trousers","S","yellow",69,111.0,106.0,3,318.0,"2021-01-12","2021-01-30",18
408,93,908,"Kakalina Ragge",42,"Genderqueer","South Alexandraview","Queensland",1247,"Tracksuit Bottoms","Trousers","M","blue",61,91.0,112.0,3,336.0,"2021-10-22","2021-11-11",20
409,93,908,"Kakalina Ragge",42,"Genderqueer","South Alexandraview","Queensland",1259,"Tracksuit Bottoms","Trousers","XL","violet",60,91.0,112.0,3,336.0,"2021-10-22","2021-11-11",20
410,94,629,"Sigismundo Basek",53,"Male","Amberland","Western Australia",883,"Cords","Trousers","L","orange",74,113.0,94.0,2,188.0,"2021-03-08","2021-03-26",18
411,94,629,"Sigismundo Basek",53,"Male","Amberland","Western Australia",1073,"Joggers","Trousers","L","blue",75,94.0,93.0,3,279.0,"2021-03-08","2021-03-26",18
412,94,629,"Sigismundo Basek",53,"Male","Amberland","Western Australia",212,"Chambray","Shirt","M","red",48,105.0,106.0,2,212.0,"2021-03-08","2021-03-26",18
413,94,629,"Sigismundo Basek",53,"Male","Amberland","Western Australia",458,"Puffer","Jacket","L","red",44,110.0,118.0,3,354.0,"2021-03-08","2021-03-26",18
414,94,629,"Sigismundo Basek",53,"Male","Amberland","Western Australia",939,"Drawstring","Trousers","XL","indigo",41,104.0,96.0,2,192.0,"2021-03-08","2021-03-26",18
415,95,413,"Alexis Maps",25,"Bigender","Morissetteborough","Queensland",1168,"High-Waisted","Trousers","L","yellow",77,98.0,99.0,3,297.0,"2021-01-25","2021-02-05",11
416,95,413,"Alexis Maps",25,"Bigender","Morissetteborough","Queensland",444,"Denim","Jacket","XL","blue",80,92.0,107.0,1,107.0,"2021-01-25","2021-02-05",11
417,95,413,"Alexis Maps",25,"Bigender","Morissetteborough","Queensland",497,"Windbreaker","Jacket","M","orange",45,109.0,102.0,2,204.0,"2021-01-25","2021-02-05",11
418,95,413,"Alexis Maps",25,"Bigender","Morissetteborough","Queensland",1167,"High-Waisted","Trousers","M","yellow",45,98.0,99.0,2,198.0,"2021-01-25","2021-02-05",11
419,95,413,"Alexis Maps",25,"Bigender","Morissetteborough","Queensland",415,"Casual Slim Fit","Shirt","XS","violet",55,113.0,119.0,3,357.0,"2021-01-25","2021-02-05",11
420,95,413,"Alexis Maps",25,"Bigender","Morissetteborough","Queensland",426,"Denim","Jacket","S","orange",51,92.0,107.0,2,214.0,"2021-01-25","2021-02-05",11
421,95,413,"Alexis Maps",25,"Bigender","Morissetteborough","Queensland",1091,"Cropped","Trousers","S","orange",78,99.0,115.0,1,115.0,"2021-01-25","2021-02-05",11
422,95,413,"Alexis Maps",25,"Bigender","Morissetteborough","Queensland",742,"Peacoat","Jacket","M","orange",47,102.0,109.0,2,218.0,"2021-01-25","2021-02-05",11
423,96,415,"Ashley Gant",40,"Polygender","Dietrichville","South Australia",1025,"Relaxed Leg","Trousers","XS","yellow",44,95.0,90.0,2,180.0,"2021-06-20","2021-06-30",10
424,96,415,"Ashley Gant",40,"Polygender","Dietrichville","South Australia",1123,"Cargo Pants","Trousers","L","red",61,106.0,102.0,1,102.0,"2021-06-20","2021-06-30",10
425,96,415,"Ashley Gant",40,"Polygender","Dietrichville","South Australia",345,"Mandarin Collar","Shirt","XS","violet",52,108.0,109.0,2,218.0,"2021-06-20","2021-06-30",10
426,96,415,"Ashley Gant",40,"Polygender","Dietrichville","South Australia",395,"Casual Slim Fit","Shirt","XS","yellow",63,113.0,119.0,1,119.0,"2021-06-20","2021-06-30",10
427,96,415,"Ashley Gant",40,"Polygender","Dietrichville","South Australia",1223,"Pleated","Trousers","L","violet",48,90.0,105.0,2,210.0,"2021-06-20","2021-06-30",10
428,96,415,"Ashley Gant",40,"Polygender","Dietrichville","South Australia",940,"Drawstring","Trousers","XS","violet",62,104.0,96.0,1,96.0,"2021-06-20","2021-06-30",10
429,97,106,"Rachel Colebrook",38,"Genderqueer","Stokestown","Australian Capital Territory",120,"Denim","Shirt","XS","green",66,115.0,92.0,1,92.0,"2021-03-29","2021-03-31",2
430,97,106,"Rachel Colebrook",38,"Genderqueer","Stokestown","Australian Capital Territory",541,"Leather","Jacket","S","green",77,113.0,98.0,1,98.0,"2021-03-29","2021-03-31",2
431,97,106,"Rachel Colebrook",38,"Genderqueer","Stokestown","Australian Capital Territory",856,"Chinos","Trousers","S","green",61,100.0,113.0,3,339.0,"2021-03-29","2021-03-31",2
432,97,106,"Rachel Colebrook",38,"Genderqueer","Stokestown","Australian Capital Territory",1183,"High-Waisted","Trousers","L","indigo",55,98.0,99.0,1,99.0,"2021-03-29","2021-03-31",2
433,97,106,"Rachel Colebrook",38,"Genderqueer","Stokestown","Australian Capital Territory",307,"Cuban Collar","Shirt","M","indigo",58,93.0,105.0,3,315.0,"2021-03-29","2021-03-31",2
434,97,106,"Rachel Colebrook",38,"Genderqueer","Stokestown","Australian Capital Territory",1209,"Pleated","Trousers","XL","green",55,90.0,105.0,3,315.0,"2021-03-29","2021-03-31",2
435,97,106,"Rachel Colebrook",38,"Genderqueer","Stokestown","Australian Capital Territory",545,"Leather","Jacket","XS","blue",77,113.0,98.0,1,98.0,"2021-03-29","2021-03-31",2
436,97,106,"Rachel Colebrook",38,"Genderqueer","Stokestown","Australian Capital Territory",476,"Puffer","Jacket","S","blue",76,110.0,118.0,1,118.0,"2021-03-29","2021-03-31",2
437,98,257,"Trista Aspray",61,"Genderfluid","Johnstonshire","Australian Capital Territory",1022,"Relaxed Leg","Trousers","M","orange",74,95.0,90.0,2,180.0,"2021-04-29","2021-05-08",9
438,98,257,"Trista Aspray",61,"Genderfluid","Johnstonshire","Australian Capital Territory",431,"Denim","Jacket","S","yellow",43,92.0,107.0,2,214.0,"2021-04-29","2021-05-08",9
439,98,257,"Trista Aspray",61,"Genderfluid","Johnstonshire","Australian Capital Territory",943,"Drawstring","Trousers","L","violet",62,104.0,96.0,1,96.0,"2021-04-29","2021-05-08",9
440,98,257,"Trista Aspray",61,"Genderfluid","Johnstonshire","Australian Capital Territory",1103,"Cropped","Trousers","L","green",55,99.0,115.0,1,115.0,"2021-04-29","2021-05-08",9
441,98,257,"Trista Aspray",61,"Genderfluid","Johnstonshire","Australian Capital Territory",982,"Wool","Trousers","M","red",58,111.0,106.0,3,318.0,"2021-04-29","2021-05-08",9
442,98,257,"Trista Aspray",61,"Genderfluid","Johnstonshire","Australian Capital Territory",645,"Coach","Jacket","XS","green",78,115.0,93.0,1,93.0,"2021-04-29","2021-05-08",9
443,99,291,"Brodie Hedin",43,"Genderqueer","South Hannah","Tasmania",1238,"Tracksuit Bottoms","Trousers","L","yellow",41,91.0,112.0,2,224.0,"2021-09-13","2021-09-25",12
444,99,291,"Brodie Hedin",43,"Genderqueer","South Hannah","Tasmania",159,"Linen","Shirt","XL","green",51,116.0,91.0,3,273.0,"2021-09-13","2021-09-25",12
445,99,291,"Brodie Hedin",43,"Genderqueer","South Hannah","Tasmania",26,"Oxford Cloth","Shirt","S","indigo",59,114.0,96.0,1,96.0,"2021-09-13","2021-09-25",12
446,99,291,"Brodie Hedin",43,"Genderqueer","South Hannah","Tasmania",485,"Puffer","Jacket","XS","violet",74,110.0,118.0,2,236.0,"2021-09-13","2021-09-25",12
447,99,291,"Brodie Hedin",43,"Genderqueer","South Hannah","Tasmania",353,"Henley","Shirt","L","red",62,92.0,94.0,2,188.0,"2021-09-13","2021-09-25",12
448,100,817,"Joella Tiddeman",45,"Polygender","Johnsonstad","Tasmania",458,"Puffer","Jacket","L","red",44,110.0,118.0,2,236.0,"2021-03-30","2021-04-16",17
449,100,817,"Joella Tiddeman",45,"Polygender","Johnsonstad","Tasmania",1083,"Joggers","Trousers","L","violet",60,94.0,93.0,2,186.0,"2021-03-30","2021-04-16",17
450,100,817,"Joella Tiddeman",45,"Polygender","Johnsonstad","Tasmania",471,"Puffer","Jacket","S","green",54,110.0,118.0,2,236.0,"2021-03-30","2021-04-16",17
451,100,817,"Joella Tiddeman",45,"Polygender","Johnsonstad","Tasmania",138,"Denim","Shirt","L","violet",78,115.0,92.0,3,276.0,"2021-03-30","2021-04-16",17
452,100,817,"Joella Tiddeman",45,"Polygender","Johnsonstad","Tasmania",470,"Puffer","Jacket","XS","green",41,110.0,118.0,1,118.0,"2021-03-30","2021-04-16",17
453,100,817,"Joella Tiddeman",45,"Polygender","Johnsonstad","Tasmania",373,"Henley","Shirt","L","blue",60,92.0,94.0,2,188.0,"2021-03-30","2021-04-16",17
454,100,817,"Joella Tiddeman",45,"Polygender","Johnsonstad","Tasmania",392,"Casual Slim Fit","Shirt","M","orange",47,113.0,119.0,3,357.0,"2021-03-30","2021-04-16",17
455,100,817,"Joella Tiddeman",45,"Polygender","Johnsonstad","Tasmania",1242,"Tracksuit Bottoms","Trousers","M","green",47,91.0,112.0,1,112.0,"2021-03-30","2021-04-16",17
456,101,807,"Dena Banbrick",26,"Polygender","Tylershire","Queensland",643,"Coach","Jacket","L","yellow",53,115.0,93.0,3,279.0,"2021-01-31","2021-02-27",27
457,101,807,"Dena Banbrick",26,"Polygender","Tylershire","Queensland",1216,"Pleated","Trousers","S","indigo",41,90.0,105.0,1,105.0,"2021-01-31","2021-02-27",27
458,101,807,"Dena Banbrick",26,"Polygender","Tylershire","Queensland",1113,"Cropped","Trousers","L","indigo",63,99.0,115.0,1,115.0,"2021-01-31","2021-02-27",27
459,101,807,"Dena Banbrick",26,"Polygender","Tylershire","Queensland",474,"Puffer","Jacket","XL","green",42,110.0,118.0,3,354.0,"2021-01-31","2021-02-27",27
460,101,807,"Dena Banbrick",26,"Polygender","Tylershire","Queensland",1119,"Cropped","Trousers","XL","violet",64,99.0,115.0,3,345.0,"2021-01-31","2021-02-27",27
461,102,846,"Isidore Bleasdille",72,"Genderfluid","Davidtown","Victoria",332,"Mandarin Collar","Shirt","M","green",57,108.0,109.0,3,327.0,"2021-05-07","2021-05-26",19
462,103,209,"Lauryn Deport",29,"Female","Bayermouth","South Australia",772,"Pullover","Jacket","M","red",55,114.0,91.0,1,91.0,"2021-06-16","2021-06-24",8
463,103,209,"Lauryn Deport",29,"Female","Bayermouth","South Australia",756,"Peacoat","Jacket","S","blue",50,102.0,109.0,3,327.0,"2021-06-16","2021-06-24",8
464,103,209,"Lauryn Deport",29,"Female","Bayermouth","South Australia",159,"Linen","Shirt","XL","green",51,116.0,91.0,1,91.0,"2021-06-16","2021-06-24",8
465,103,209,"Lauryn Deport",29,"Female","Bayermouth","South Australia",663,"Coach","Jacket","L","violet",80,115.0,93.0,3,279.0,"2021-06-16","2021-06-24",8
466,103,209,"Lauryn Deport",29,"Female","Bayermouth","South Australia",740,"Peacoat","Jacket","XS","orange",78,102.0,109.0,3,327.0,"2021-06-16","2021-06-24",8
467,103,209,"Lauryn Deport",29,"Female","Bayermouth","South Australia",549,"Leather","Jacket","XL","blue",67,113.0,98.0,2,196.0,"2021-06-16","2021-06-24",8
468,103,209,"Lauryn Deport",29,"Female","Bayermouth","South Australia",9,"Oxford Cloth","Shirt","XL","orange",43,114.0,96.0,2,192.0,"2021-06-16","2021-06-24",8
469,103,209,"Lauryn Deport",29,"Female","Bayermouth","South Australia",78,"Flannel","Shirt","L","orange",59,96.0,118.0,3,354.0,"2021-06-16","2021-06-24",8
470,104,366,"Geraldine Naulty",64,"Agender","Youngview","Victoria",1182,"High-Waisted","Trousers","M","indigo",61,98.0,99.0,1,99.0,"2021-06-05","2021-06-23",18
471,104,366,"Geraldine Naulty",64,"Agender","Youngview","Victoria",67,"Dress","Shirt","M","violet",41,119.0,104.0,3,312.0,"2021-06-05","2021-06-23",18
472,104,366,"Geraldine Naulty",64,"Agender","Youngview","Victoria",1066,"Joggers","Trousers","S","green",76,94.0,93.0,1,93.0,"2021-06-05","2021-06-23",18
473,104,366,"Geraldine Naulty",64,"Agender","Youngview","Victoria",927,"Drawstring","Trousers","M","green",52,104.0,96.0,3,288.0,"2021-06-05","2021-06-23",18
474,104,366,"Geraldine Naulty",64,"Agender","Youngview","Victoria",385,"Casual Slim Fit","Shirt","XS","red",49,113.0,119.0,1,119.0,"2021-06-05","2021-06-23",18
475,104,366,"Geraldine Naulty",64,"Agender","Youngview","Victoria",1098,"Cropped","Trousers","L","yellow",60,99.0,115.0,2,230.0,"2021-06-05","2021-06-23",18
476,105,456,"Joelynn Remington",33,"Agender","West Lachlan","Queensland",269,"Polo","Shirt","XL","blue",70,117.0,95.0,2,190.0,"2021-06-25","2021-07-14",19
477,105,456,"Joelynn Remington",33,"Agender","West Lachlan","Queensland",929,"Drawstring","Trousers","XL","green",49,104.0,96.0,1,96.0,"2021-06-25","2021-07-14",19
478,106,573,"Atlante Dissman",37,"Male","Abbeyshire","South Australia",639,"Coach","Jacket","XL","orange",46,115.0,93.0,2,186.0,"2021-03-09","2021-03-28",19
479,106,573,"Atlante Dissman",37,"Male","Abbeyshire","South Australia",1069,"Joggers","Trousers","XL","green",56,94.0,93.0,3,279.0,"2021-03-09","2021-03-28",19
480,106,573,"Atlante Dissman",37,"Male","Abbeyshire","South Australia",1105,"Cropped","Trousers","XS","blue",47,99.0,115.0,3,345.0,"2021-03-09","2021-03-28",19
481,107,127,"Merl Gayforth",30,"Genderfluid","South Adam","Western Australia",39,"Dress","Shirt","XL","red",47,119.0,104.0,2,208.0,"2021-01-11","2021-02-03",23
482,107,127,"Merl Gayforth",30,"Genderfluid","South Adam","Western Australia",388,"Casual Slim Fit","Shirt","L","red",78,113.0,119.0,1,119.0,"2021-01-11","2021-02-03",23
483,107,127,"Merl Gayforth",30,"Genderfluid","South Adam","Western Australia",349,"Mandarin Collar","Shirt","XL","violet",71,108.0,109.0,2,218.0,"2021-01-11","2021-02-03",23
484,107,127,"Merl Gayforth",30,"Genderfluid","South Adam","Western Australia",203,"Camp Collared","Shirt","L","indigo",72,112.0,98.0,3,294.0,"2021-01-11","2021-02-03",23
485,107,127,"Merl Gayforth",30,"Genderfluid","South Adam","Western Australia",882,"Cords","Trousers","M","orange",53,113.0,94.0,1,94.0,"2021-01-11","2021-02-03",23
486,107,127,"Merl Gayforth",30,"Genderfluid","South Adam","Western Australia",242,"Chambray","Shirt","M","violet",72,105.0,106.0,2,212.0,"2021-01-11","2021-02-03",23
487,108,935,"Pen Andrzejczak",30,"Male","Lake Oliverberg","New South Wales",707,"Trench Coat","Jacket","M","orange",43,112.0,119.0,3,357.0,"2021-03-07","2021-03-28",21
488,108,935,"Pen Andrzejczak",30,"Male","Lake Oliverberg","New South Wales",155,"Linen","Shirt","XS","green",49,116.0,91.0,3,273.0,"2021-03-07","2021-03-28",21
489,108,935,"Pen Andrzejczak",30,"Male","Lake Oliverberg","New South Wales",1193,"Pleated","Trousers","L","red",70,90.0,105.0,3,315.0,"2021-03-07","2021-03-28",21
490,108,935,"Pen Andrzejczak",30,"Male","Lake Oliverberg","New South Wales",505,"Windbreaker","Jacket","XS","green",57,109.0,102.0,1,102.0,"2021-03-07","2021-03-28",21
491,108,935,"Pen Andrzejczak",30,"Male","Lake Oliverberg","New South Wales",1214,"Pleated","Trousers","XL","blue",55,90.0,105.0,3,315.0,"2021-03-07","2021-03-28",21
492,108,935,"Pen Andrzejczak",30,"Male","Lake Oliverberg","New South Wales",685,"Parka","Jacket","XS","blue",67,119.0,113.0,2,226.0,"2021-03-07","2021-03-28",21
493,108,935,"Pen Andrzejczak",30,"Male","Lake Oliverberg","New South Wales",555,"Leather","Jacket","XS","violet",70,113.0,98.0,2,196.0,"2021-03-07","2021-03-28",21
494,108,935,"Pen Andrzejczak",30,"Male","Lake Oliverberg","New South Wales",394,"Casual Slim Fit","Shirt","XL","orange",53,113.0,119.0,3,357.0,"2021-03-07","2021-03-28",21
495,109,554,"Lisetta Griffin",56,"Non-binary","New Benjaminborough","Tasmania",248,"Polo","Shirt","L","red",72,117.0,95.0,3,285.0,"2021-04-06","2021-04-29",23
496,109,554,"Lisetta Griffin",56,"Non-binary","New Benjaminborough","Tasmania",1108,"Cropped","Trousers","L","blue",45,99.0,115.0,2,230.0,"2021-04-06","2021-04-29",23
497,109,554,"Lisetta Griffin",56,"Non-binary","New Benjaminborough","Tasmania",1072,"Joggers","Trousers","M","blue",78,94.0,93.0,1,93.0,"2021-04-06","2021-04-29",23
498,109,554,"Lisetta Griffin",56,"Non-binary","New Benjaminborough","Tasmania",586,"Bomber","Jacket","S","indigo",41,90.0,100.0,1,100.0,"2021-04-06","2021-04-29",23
499,110,607,"Angie O Mullen",42,"Male","North Gracetown","Northern Territory",687,"Parka","Jacket","M","blue",54,119.0,113.0,2,226.0,"2021-09-02","2021-09-06",4
500,110,607,"Angie O Mullen",42,"Male","North Gracetown","Northern Territory",818,"Shearling","Jacket","L","yellow",58,95.0,117.0,1,117.0,"2021-09-02","2021-09-06",4
501,110,607,"Angie O Mullen",42,"Male","North Gracetown","Northern Territory",891,"Cords","Trousers","S","green",78,113.0,94.0,1,94.0,"2021-09-02","2021-09-06",4
502,110,607,"Angie O Mullen",42,"Male","North Gracetown","Northern Territory",1144,"Cargo Pants","Trousers","XL","blue",57,106.0,102.0,1,102.0,"2021-09-02","2021-09-06",4
503,110,607,"Angie O Mullen",42,"Male","North Gracetown","Northern Territory",647,"Coach","Jacket","M","green",63,115.0,93.0,3,279.0,"2021-09-02","2021-09-06",4
504,111,794,"Elizabet Pippin",72,"Non-binary","Port Anna","South Australia",306,"Cuban Collar","Shirt","S","indigo",41,93.0,105.0,1,105.0,"2021-03-30","2021-04-14",15
505,111,794,"Elizabet Pippin",72,"Non-binary","Port Anna","South Australia",186,"Camp Collared","Shirt","S","yellow",66,112.0,98.0,1,98.0,"2021-03-30","2021-04-14",15
506,111,794,"Elizabet Pippin",72,"Non-binary","Port Anna","South Australia",1056,"Joggers","Trousers","S","orange",43,94.0,93.0,2,186.0,"2021-03-30","2021-04-14",15
507,111,794,"Elizabet Pippin",72,"Non-binary","Port Anna","South Australia",1031,"Relaxed Leg","Trousers","S","green",51,95.0,90.0,3,270.0,"2021-03-30","2021-04-14",15
508,111,794,"Elizabet Pippin",72,"Non-binary","Port Anna","South Australia",660,"Coach","Jacket","XS","violet",58,115.0,93.0,3,279.0,"2021-03-30","2021-04-14",15
509,111,794,"Elizabet Pippin",72,"Non-binary","Port Anna","South Australia",1091,"Cropped","Trousers","S","orange",78,99.0,115.0,1,115.0,"2021-03-30","2021-04-14",15
510,112,75,"Katinka Currier",75,"Non-binary","Smythland","South Australia",401,"Casual Slim Fit","Shirt","S","green",72,113.0,119.0,2,238.0,"2021-02-04","2021-02-17",13
511,112,75,"Katinka Currier",75,"Non-binary","Smythland","South Australia",1166,"High-Waisted","Trousers","S","yellow",56,98.0,99.0,1,99.0,"2021-02-04","2021-02-17",13
512,112,75,"Katinka Currier",75,"Non-binary","Smythland","South Australia",884,"Cords","Trousers","XL","orange",72,113.0,94.0,3,282.0,"2021-02-04","2021-02-17",13
513,112,75,"Katinka Currier",75,"Non-binary","Smythland","South Australia",755,"Peacoat","Jacket","XS","blue",48,102.0,109.0,2,218.0,"2021-02-04","2021-02-17",13
514,112,75,"Katinka Currier",75,"Non-binary","Smythland","South Australia",259,"Polo","Shirt","XL","yellow",46,117.0,95.0,1,95.0,"2021-02-04","2021-02-17",13
515,112,75,"Katinka Currier",75,"Non-binary","Smythland","South Australia",1245,"Tracksuit Bottoms","Trousers","XS","blue",42,91.0,112.0,1,112.0,"2021-02-04","2021-02-17",13
516,113,565,"Hoebart Edger",73,"Genderqueer","Hamiltonport","Queensland",760,"Peacoat","Jacket","XS","indigo",45,102.0,109.0,3,327.0,"2021-03-19","2021-04-08",20
517,113,565,"Hoebart Edger",73,"Genderqueer","Hamiltonport","Queensland",1236,"Tracksuit Bottoms","Trousers","S","yellow",49,91.0,112.0,3,336.0,"2021-03-19","2021-04-08",20
518,113,565,"Hoebart Edger",73,"Genderqueer","Hamiltonport","Queensland",153,"Linen","Shirt","L","yellow",72,116.0,91.0,2,182.0,"2021-03-19","2021-04-08",20
519,113,565,"Hoebart Edger",73,"Genderqueer","Hamiltonport","Queensland",979,"Slim-Fit","Trousers","XL","violet",48,119.0,97.0,3,291.0,"2021-03-19","2021-04-08",20
520,113,565,"Hoebart Edger",73,"Genderqueer","Hamiltonport","Queensland",172,"Linen","Shirt","M","violet",44,116.0,91.0,3,273.0,"2021-03-19","2021-04-08",20
521,113,565,"Hoebart Edger",73,"Genderqueer","Hamiltonport","Queensland",562,"Bomber","Jacket","M","red",79,90.0,100.0,3,300.0,"2021-03-19","2021-04-08",20
522,113,565,"Hoebart Edger",73,"Genderqueer","Hamiltonport","Queensland",1030,"Relaxed Leg","Trousers","XS","green",80,95.0,90.0,2,180.0,"2021-03-19","2021-04-08",20
523,113,565,"Hoebart Edger",73,"Genderqueer","Hamiltonport","Queensland",90,"Flannel","Shirt","XS","blue",62,96.0,118.0,2,236.0,"2021-03-19","2021-04-08",20
524,113,565,"Hoebart Edger",73,"Genderqueer","Hamiltonport","Queensland",533,"Leather","Jacket","L","orange",78,113.0,98.0,1,98.0,"2021-03-19","2021-04-08",20
525,113,565,"Hoebart Edger",73,"Genderqueer","Hamiltonport","Queensland",640,"Coach","Jacket","XS","yellow",52,115.0,93.0,1,93.0,"2021-03-19","2021-04-08",20
526,114,160,"Christi Reston",26,"Male","Hicklebury","New South Wales",922,"Drawstring","Trousers","M","yellow",55,104.0,96.0,2,192.0,"2021-08-08","2021-09-02",25
527,114,160,"Christi Reston",26,"Male","Hicklebury","New South Wales",260,"Polo","Shirt","XS","green",45,117.0,95.0,2,190.0,"2021-08-08","2021-09-02",25
528,114,160,"Christi Reston",26,"Male","Hicklebury","New South Wales",997,"Wool","Trousers","M","green",41,111.0,106.0,3,318.0,"2021-08-08","2021-09-02",25
529,114,160,"Christi Reston",26,"Male","Hicklebury","New South Wales",740,"Peacoat","Jacket","XS","orange",78,102.0,109.0,1,109.0,"2021-08-08","2021-09-02",25
530,114,160,"Christi Reston",26,"Male","Hicklebury","New South Wales",991,"Wool","Trousers","S","yellow",69,111.0,106.0,3,318.0,"2021-08-08","2021-09-02",25
531,114,160,"Christi Reston",26,"Male","Hicklebury","New South Wales",965,"Slim-Fit","Trousers","XS","blue",55,119.0,97.0,2,194.0,"2021-08-08","2021-09-02",25
532,114,160,"Christi Reston",26,"Male","Hicklebury","New South Wales",171,"Linen","Shirt","S","violet",44,116.0,91.0,1,91.0,"2021-08-08","2021-09-02",25
533,115,492,"Jolee Stailey",62,"Bigender","Josephmouth","Queensland",249,"Polo","Shirt","XL","red",76,117.0,95.0,3,285.0,"2021-04-11","2021-04-22",11
534,115,492,"Jolee Stailey",62,"Bigender","Josephmouth","Queensland",1196,"Pleated","Trousers","S","orange",72,90.0,105.0,1,105.0,"2021-04-11","2021-04-22",11
535,115,492,"Jolee Stailey",62,"Bigender","Josephmouth","Queensland",539,"Leather","Jacket","XL","yellow",67,113.0,98.0,1,98.0,"2021-04-11","2021-04-22",11
536,115,492,"Jolee Stailey",62,"Bigender","Josephmouth","Queensland",984,"Wool","Trousers","XL","red",58,111.0,106.0,1,106.0,"2021-04-11","2021-04-22",11
537,116,510,"Kinny Roget",67,"Non-binary","Alexandramouth","New South Wales",370,"Henley","Shirt","XS","blue",61,92.0,94.0,1,94.0,"2021-04-25","2021-05-20",25
538,116,510,"Kinny Roget",67,"Non-binary","Alexandramouth","New South Wales",621,"Cardigan","Jacket","S","indigo",61,118.0,112.0,2,224.0,"2021-04-25","2021-05-20",25
539,117,971,"Constance Piddington",27,"Genderfluid","East Chasehaven","Queensland",405,"Casual Slim Fit","Shirt","XS","blue",55,113.0,119.0,2,238.0,"2021-01-08","2021-01-23",15
540,117,971,"Constance Piddington",27,"Genderfluid","East Chasehaven","Queensland",765,"Peacoat","Jacket","XS","violet",54,102.0,109.0,1,109.0,"2021-01-08","2021-01-23",15
541,117,971,"Constance Piddington",27,"Genderfluid","East Chasehaven","Queensland",890,"Cords","Trousers","XS","green",50,113.0,94.0,3,282.0,"2021-01-08","2021-01-23",15
542,117,971,"Constance Piddington",27,"Genderfluid","East Chasehaven","Queensland",532,"Leather","Jacket","M","orange",80,113.0,98.0,1,98.0,"2021-01-08","2021-01-23",15
543,117,971,"Constance Piddington",27,"Genderfluid","East Chasehaven","Queensland",462,"Puffer","Jacket","M","orange",61,110.0,118.0,3,354.0,"2021-01-08","2021-01-23",15
544,117,971,"Constance Piddington",27,"Genderfluid","East Chasehaven","Queensland",522,"Windbreaker","Jacket","M","violet",64,109.0,102.0,1,102.0,"2021-01-08","2021-01-23",15
545,118,639,"Tobin Jeffryes",40,"Non-binary","Lake Alice","Victoria",360,"Henley","Shirt","XS","yellow",42,92.0,94.0,1,94.0,"2021-02-20","2021-02-22",2
546,118,639,"Tobin Jeffryes",40,"Non-binary","Lake Alice","Victoria",99,"Flannel","Shirt","XL","indigo",57,96.0,118.0,1,118.0,"2021-02-20","2021-02-22",2
547,118,639,"Tobin Jeffryes",40,"Non-binary","Lake Alice","Victoria",110,"Denim","Shirt","XS","orange",45,115.0,92.0,1,92.0,"2021-02-20","2021-02-22",2
548,118,639,"Tobin Jeffryes",40,"Non-binary","Lake Alice","Victoria",603,"Cardigan","Jacket","L","orange",79,118.0,112.0,2,224.0,"2021-02-20","2021-02-22",2
549,119,545,"Jakob Munks",59,"Non-binary","Durgantown","Queensland",551,"Leather","Jacket","S","indigo",40,113.0,98.0,2,196.0,"2021-04-29","2021-05-06",7
550,119,545,"Jakob Munks",59,"Non-binary","Durgantown","Queensland",911,"Drawstring","Trousers","S","red",64,104.0,96.0,1,96.0,"2021-04-29","2021-05-06",7
551,119,545,"Jakob Munks",59,"Non-binary","Durgantown","Queensland",66,"Dress","Shirt","S","violet",69,119.0,104.0,1,104.0,"2021-04-29","2021-05-06",7
552,119,545,"Jakob Munks",59,"Non-binary","Durgantown","Queensland",63,"Dress","Shirt","L","indigo",71,119.0,104.0,1,104.0,"2021-04-29","2021-05-06",7
553,120,585,"Alicea Momford",23,"Non-binary","West Bella","South Australia",1231,"Tracksuit Bottoms","Trousers","S","orange",59,91.0,112.0,1,112.0,"2021-06-09","2021-06-14",5
554,120,585,"Alicea Momford",23,"Non-binary","West Bella","South Australia",340,"Mandarin Collar","Shirt","XS","indigo",80,108.0,109.0,2,218.0,"2021-06-09","2021-06-14",5
555,120,585,"Alicea Momford",23,"Non-binary","West Bella","South Australia",881,"Cords","Trousers","S","orange",59,113.0,94.0,2,188.0,"2021-06-09","2021-06-14",5
556,120,585,"Alicea Momford",23,"Non-binary","West Bella","South Australia",560,"Bomber","Jacket","XS","red",76,90.0,100.0,1,100.0,"2021-06-09","2021-06-14",5
557,120,585,"Alicea Momford",23,"Non-binary","West Bella","South Australia",11,"Oxford Cloth","Shirt","S","yellow",78,114.0,96.0,2,192.0,"2021-06-09","2021-06-14",5
558,120,585,"Alicea Momford",23,"Non-binary","West Bella","South Australia",395,"Casual Slim Fit","Shirt","XS","yellow",63,113.0,119.0,3,357.0,"2021-06-09","2021-06-14",5
559,121,549,"Barclay Beswick",50,"Male","Gleasonburgh","Northern Territory",920,"Drawstring","Trousers","XS","yellow",41,104.0,96.0,2,192.0,"2021-04-21","2021-04-23",2
560,121,549,"Barclay Beswick",50,"Male","Gleasonburgh","Northern Territory",58,"Dress","Shirt","L","blue",61,119.0,104.0,1,104.0,"2021-04-21","2021-04-23",2
561,121,549,"Barclay Beswick",50,"Male","Gleasonburgh","Northern Territory",568,"Bomber","Jacket","L","orange",71,90.0,100.0,2,200.0,"2021-04-21","2021-04-23",2
562,121,549,"Barclay Beswick",50,"Male","Gleasonburgh","Northern Territory",1200,"Pleated","Trousers","XS","yellow",75,90.0,105.0,1,105.0,"2021-04-21","2021-04-23",2
563,121,549,"Barclay Beswick",50,"Male","Gleasonburgh","Northern Territory",60,"Dress","Shirt","XS","indigo",56,119.0,104.0,2,208.0,"2021-04-21","2021-04-23",2
564,121,549,"Barclay Beswick",50,"Male","Gleasonburgh","Northern Territory",266,"Polo","Shirt","S","blue",76,117.0,95.0,2,190.0,"2021-04-21","2021-04-23",2
565,121,549,"Barclay Beswick",50,"Male","Gleasonburgh","Northern Territory",1222,"Pleated","Trousers","M","violet",45,90.0,105.0,3,315.0,"2021-04-21","2021-04-23",2
566,121,549,"Barclay Beswick",50,"Male","Gleasonburgh","Northern Territory",1126,"Cargo Pants","Trousers","S","orange",60,106.0,102.0,1,102.0,"2021-04-21","2021-04-23",2
567,122,732,"Gorden Seago",80,"Genderfluid","Port Aaronton","Queensland",1015,"Relaxed Leg","Trousers","XS","red",52,95.0,90.0,3,270.0,"2021-04-13","2021-05-04",21
568,122,732,"Gorden Seago",80,"Genderfluid","Port Aaronton","Queensland",616,"Cardigan","Jacket","S","blue",53,118.0,112.0,1,112.0,"2021-04-13","2021-05-04",21
569,122,732,"Gorden Seago",80,"Genderfluid","Port Aaronton","Queensland",258,"Polo","Shirt","L","yellow",46,117.0,95.0,1,95.0,"2021-04-13","2021-05-04",21
570,122,732,"Gorden Seago",80,"Genderfluid","Port Aaronton","Queensland",712,"Trench Coat","Jacket","M","yellow",54,112.0,119.0,2,238.0,"2021-04-13","2021-05-04",21
571,123,471,"Hayyim Trewhella",31,"Non-binary","Boyerland","New South Wales",616,"Cardigan","Jacket","S","blue",53,118.0,112.0,1,112.0,"2021-03-04","2021-03-22",18
572,123,471,"Hayyim Trewhella",31,"Non-binary","Boyerland","New South Wales",724,"Trench Coat","Jacket","XL","blue",69,112.0,119.0,2,238.0,"2021-03-04","2021-03-22",18
573,123,471,"Hayyim Trewhella",31,"Non-binary","Boyerland","New South Wales",700,"Trench Coat","Jacket","XS","red",78,112.0,119.0,3,357.0,"2021-03-04","2021-03-22",18
574,123,471,"Hayyim Trewhella",31,"Non-binary","Boyerland","New South Wales",553,"Leather","Jacket","L","indigo",79,113.0,98.0,2,196.0,"2021-03-04","2021-03-22",18
575,123,471,"Hayyim Trewhella",31,"Non-binary","Boyerland","New South Wales",958,"Slim-Fit","Trousers","L","yellow",64,119.0,97.0,2,194.0,"2021-03-04","2021-03-22",18
576,123,471,"Hayyim Trewhella",31,"Non-binary","Boyerland","New South Wales",1065,"Joggers","Trousers","XS","green",77,94.0,93.0,2,186.0,"2021-03-04","2021-03-22",18
577,123,471,"Hayyim Trewhella",31,"Non-binary","Boyerland","New South Wales",108,"Denim","Shirt","L","red",52,115.0,92.0,2,184.0,"2021-03-04","2021-03-22",18
578,123,471,"Hayyim Trewhella",31,"Non-binary","Boyerland","New South Wales",75,"Flannel","Shirt","XS","orange",42,96.0,118.0,1,118.0,"2021-03-04","2021-03-22",18
579,123,471,"Hayyim Trewhella",31,"Non-binary","Boyerland","New South Wales",361,"Henley","Shirt","S","yellow",70,92.0,94.0,3,282.0,"2021-03-04","2021-03-22",18
580,124,776,"Felice Dumbleton",24,"Genderfluid","Harveyville","Australian Capital Territory",352,"Henley","Shirt","M","red",52,92.0,94.0,2,188.0,"2021-07-06","2021-07-15",9
581,124,776,"Felice Dumbleton",24,"Genderfluid","Harveyville","Australian Capital Territory",563,"Bomber","Jacket","L","red",50,90.0,100.0,1,100.0,"2021-07-06","2021-07-15",9
582,124,776,"Felice Dumbleton",24,"Genderfluid","Harveyville","Australian Capital Territory",647,"Coach","Jacket","M","green",63,115.0,93.0,1,93.0,"2021-07-06","2021-07-15",9
583,124,776,"Felice Dumbleton",24,"Genderfluid","Harveyville","Australian Capital Territory",572,"Bomber","Jacket","M","yellow",71,90.0,100.0,2,200.0,"2021-07-06","2021-07-15",9
584,124,776,"Felice Dumbleton",24,"Genderfluid","Harveyville","Australian Capital Territory",32,"Oxford Cloth","Shirt","M","violet",65,114.0,96.0,3,288.0,"2021-07-06","2021-07-15",9
585,124,776,"Felice Dumbleton",24,"Genderfluid","Harveyville","Australian Capital Territory",200,"Camp Collared","Shirt","XS","indigo",64,112.0,98.0,3,294.0,"2021-07-06","2021-07-15",9
586,124,776,"Felice Dumbleton",24,"Genderfluid","Harveyville","Australian Capital Territory",1199,"Pleated","Trousers","XL","orange",69,90.0,105.0,2,210.0,"2021-07-06","2021-07-15",9
587,124,776,"Felice Dumbleton",24,"Genderfluid","Harveyville","Australian Capital Territory",137,"Denim","Shirt","M","violet",55,115.0,92.0,3,276.0,"2021-07-06","2021-07-15",9
588,124,776,"Felice Dumbleton",24,"Genderfluid","Harveyville","Australian Capital Territory",1058,"Joggers","Trousers","L","orange",49,94.0,93.0,3,279.0,"2021-07-06","2021-07-15",9
589,124,776,"Felice Dumbleton",24,"Genderfluid","Harveyville","Australian Capital Territory",640,"Coach","Jacket","XS","yellow",52,115.0,93.0,1,93.0,"2021-07-06","2021-07-15",9
590,125,321,"Jena Kelling",44,"Female","Kaihaven","New South Wales",586,"Bomber","Jacket","S","indigo",41,90.0,100.0,1,100.0,"2021-10-22","2021-11-03",12
591,125,321,"Jena Kelling",44,"Female","Kaihaven","New South Wales",1223,"Pleated","Trousers","L","violet",48,90.0,105.0,1,105.0,"2021-10-22","2021-11-03",12
592,126,326,"Meade Yglesia",54,"Genderfluid","New Masonport","Northern Territory",678,"Parka","Jacket","L","yellow",72,119.0,113.0,1,113.0,"2021-01-31","2021-02-20",20
593,126,326,"Meade Yglesia",54,"Genderfluid","New Masonport","Northern Territory",312,"Cuban Collar","Shirt","M","violet",67,93.0,105.0,2,210.0,"2021-01-31","2021-02-20",20
594,126,326,"Meade Yglesia",54,"Genderfluid","New Masonport","Northern Territory",444,"Denim","Jacket","XL","blue",80,92.0,107.0,2,214.0,"2021-01-31","2021-02-20",20
595,126,326,"Meade Yglesia",54,"Genderfluid","New Masonport","Northern Territory",33,"Oxford Cloth","Shirt","L","violet",73,114.0,96.0,2,192.0,"2021-01-31","2021-02-20",20
596,126,326,"Meade Yglesia",54,"Genderfluid","New Masonport","Northern Territory",613,"Cardigan","Jacket","L","green",63,118.0,112.0,2,224.0,"2021-01-31","2021-02-20",20
597,126,326,"Meade Yglesia",54,"Genderfluid","New Masonport","Northern Territory",310,"Cuban Collar","Shirt","XS","violet",49,93.0,105.0,3,315.0,"2021-01-31","2021-02-20",20
598,127,51,"Kayley Brosoli",52,"Non-binary","South Evaport","Northern Territory",384,"Henley","Shirt","XL","violet",77,92.0,94.0,3,282.0,"2021-04-01","2021-04-11",10
599,127,51,"Kayley Brosoli",52,"Non-binary","South Evaport","Northern Territory",539,"Leather","Jacket","XL","yellow",67,113.0,98.0,3,294.0,"2021-04-01","2021-04-11",10
600,127,51,"Kayley Brosoli",52,"Non-binary","South Evaport","Northern Territory",1138,"Cargo Pants","Trousers","L","green",42,106.0,102.0,1,102.0,"2021-04-01","2021-04-11",10
601,127,51,"Kayley Brosoli",52,"Non-binary","South Evaport","Northern Territory",34,"Oxford Cloth","Shirt","XL","violet",54,114.0,96.0,1,96.0,"2021-04-01","2021-04-11",10
602,127,51,"Kayley Brosoli",52,"Non-binary","South Evaport","Northern Territory",542,"Leather","Jacket","M","green",45,113.0,98.0,1,98.0,"2021-04-01","2021-04-11",10
603,127,51,"Kayley Brosoli",52,"Non-binary","South Evaport","Northern Territory",477,"Puffer","Jacket","M","blue",60,110.0,118.0,2,236.0,"2021-04-01","2021-04-11",10
604,127,51,"Kayley Brosoli",52,"Non-binary","South Evaport","Northern Territory",328,"Mandarin Collar","Shirt","L","yellow",78,108.0,109.0,2,218.0,"2021-04-01","2021-04-11",10
605,127,51,"Kayley Brosoli",52,"Non-binary","South Evaport","Northern Territory",121,"Denim","Shirt","S","green",49,115.0,92.0,1,92.0,"2021-04-01","2021-04-11",10
606,128,936,"Mart Naismith",77,"Genderfluid","Huelfort","Australian Capital Territory",674,"Parka","Jacket","XL","orange",68,119.0,113.0,3,339.0,"2021-10-13","2021-11-09",27
607,128,936,"Mart Naismith",77,"Genderfluid","Huelfort","Australian Capital Territory",240,"Chambray","Shirt","XS","violet",47,105.0,106.0,3,318.0,"2021-10-13","2021-11-09",27
608,128,936,"Mart Naismith",77,"Genderfluid","Huelfort","Australian Capital Territory",1002,"Wool","Trousers","M","blue",52,111.0,106.0,2,212.0,"2021-10-13","2021-11-09",27
609,128,936,"Mart Naismith",77,"Genderfluid","Huelfort","Australian Capital Territory",322,"Mandarin Collar","Shirt","M","orange",78,108.0,109.0,2,218.0,"2021-10-13","2021-11-09",27
610,128,936,"Mart Naismith",77,"Genderfluid","Huelfort","Australian Capital Territory",814,"Shearling","Jacket","XL","orange",60,95.0,117.0,3,351.0,"2021-10-13","2021-11-09",27
611,128,936,"Mart Naismith",77,"Genderfluid","Huelfort","Australian Capital Territory",185,"Camp Collared","Shirt","XS","yellow",55,112.0,98.0,1,98.0,"2021-10-13","2021-11-09",27
612,128,936,"Mart Naismith",77,"Genderfluid","Huelfort","Australian Capital Territory",787,"Pullover","Jacket","M","green",47,114.0,91.0,2,182.0,"2021-10-13","2021-11-09",27
613,129,428,"Jammal Varcoe",66,"Polygender","North Liamfort","Australian Capital Territory",1026,"Relaxed Leg","Trousers","S","yellow",43,95.0,90.0,2,180.0,"2021-05-24","2021-05-27",3
614,129,428,"Jammal Varcoe",66,"Polygender","North Liamfort","Australian Capital Territory",570,"Bomber","Jacket","XS","yellow",57,90.0,100.0,1,100.0,"2021-05-24","2021-05-27",3
615,129,428,"Jammal Varcoe",66,"Polygender","North Liamfort","Australian Capital Territory",872,"Chinos","Trousers","M","violet",54,100.0,113.0,2,226.0,"2021-05-24","2021-05-27",3
616,130,439,"Daren Airs",75,"Female","West Thomas","Victoria",250,"Polo","Shirt","XS","orange",75,117.0,95.0,1,95.0,"2021-06-20","2021-07-15",25
617,131,629,"Sigismundo Basek",53,"Male","Amberland","Western Australia",215,"Chambray","Shirt","XS","orange",76,105.0,106.0,3,318.0,"2021-09-20","2021-09-24",4
618,131,629,"Sigismundo Basek",53,"Male","Amberland","Western Australia",535,"Leather","Jacket","XS","yellow",73,113.0,98.0,1,98.0,"2021-09-20","2021-09-24",4
619,131,629,"Sigismundo Basek",53,"Male","Amberland","Western Australia",865,"Chinos","Trousers","XS","indigo",61,100.0,113.0,2,226.0,"2021-09-20","2021-09-24",4
620,131,629,"Sigismundo Basek",53,"Male","Amberland","Western Australia",1142,"Cargo Pants","Trousers","M","blue",64,106.0,102.0,2,204.0,"2021-09-20","2021-09-24",4
621,131,629,"Sigismundo Basek",53,"Male","Amberland","Western Australia",517,"Windbreaker","Jacket","M","indigo",56,109.0,102.0,1,102.0,"2021-09-20","2021-09-24",4
622,132,562,"Joy Mirrlees",58,"Agender","West Rubyland","Queensland",420,"Denim","Jacket","XS","red",60,92.0,107.0,1,107.0,"2021-04-17","2021-05-01",14
623,132,562,"Joy Mirrlees",58,"Agender","West Rubyland","Queensland",207,"Camp Collared","Shirt","M","violet",41,112.0,98.0,2,196.0,"2021-04-17","2021-05-01",14
624,132,562,"Joy Mirrlees",58,"Agender","West Rubyland","Queensland",979,"Slim-Fit","Trousers","XL","violet",48,119.0,97.0,1,97.0,"2021-04-17","2021-05-01",14
625,132,562,"Joy Mirrlees",58,"Agender","West Rubyland","Queensland",1227,"Tracksuit Bottoms","Trousers","M","red",78,91.0,112.0,2,224.0,"2021-04-17","2021-05-01",14
626,132,562,"Joy Mirrlees",58,"Agender","West Rubyland","Queensland",658,"Coach","Jacket","L","indigo",74,115.0,93.0,3,279.0,"2021-04-17","2021-05-01",14
627,133,878,"Elianore Syphas",54,"Genderfluid","Lake William","Victoria",523,"Windbreaker","Jacket","L","violet",72,109.0,102.0,1,102.0,"2021-07-07","2021-07-17",10
628,133,878,"Elianore Syphas",54,"Genderfluid","Lake William","Victoria",942,"Drawstring","Trousers","M","violet",73,104.0,96.0,2,192.0,"2021-07-07","2021-07-17",10
629,133,878,"Elianore Syphas",54,"Genderfluid","Lake William","Victoria",374,"Henley","Shirt","XL","blue",75,92.0,94.0,3,282.0,"2021-07-07","2021-07-17",10
630,134,12,"Fedora Dmych",78,"Bigender","Taylorburgh","South Australia",770,"Pullover","Jacket","XS","red",54,114.0,91.0,1,91.0,"2021-06-19","2021-07-01",12
631,134,12,"Fedora Dmych",78,"Bigender","Taylorburgh","South Australia",516,"Windbreaker","Jacket","S","indigo",62,109.0,102.0,2,204.0,"2021-06-19","2021-07-01",12
632,134,12,"Fedora Dmych",78,"Bigender","Taylorburgh","South Australia",989,"Wool","Trousers","XL","orange",56,111.0,106.0,2,212.0,"2021-06-19","2021-07-01",12
633,134,12,"Fedora Dmych",78,"Bigender","Taylorburgh","South Australia",407,"Casual Slim Fit","Shirt","M","blue",61,113.0,119.0,2,238.0,"2021-06-19","2021-07-01",12
634,134,12,"Fedora Dmych",78,"Bigender","Taylorburgh","South Australia",840,"Chinos","Trousers","XS","red",69,100.0,113.0,2,226.0,"2021-06-19","2021-07-01",12
635,134,12,"Fedora Dmych",78,"Bigender","Taylorburgh","South Australia",185,"Camp Collared","Shirt","XS","yellow",55,112.0,98.0,2,196.0,"2021-06-19","2021-07-01",12
636,134,12,"Fedora Dmych",78,"Bigender","Taylorburgh","South Australia",653,"Coach","Jacket","L","blue",80,115.0,93.0,3,279.0,"2021-06-19","2021-07-01",12
637,134,12,"Fedora Dmych",78,"Bigender","Taylorburgh","South Australia",1194,"Pleated","Trousers","XL","red",58,90.0,105.0,1,105.0,"2021-06-19","2021-07-01",12
638,135,942,"Lacee Denyukin",45,"Genderfluid","North Nicholaston","Victoria",106,"Denim","Shirt","S","red",57,115.0,92.0,1,92.0,"2021-05-15","2021-06-02",18
639,135,942,"Lacee Denyukin",45,"Genderfluid","North Nicholaston","Victoria",730,"Trench Coat","Jacket","XS","violet",64,112.0,119.0,2,238.0,"2021-05-15","2021-06-02",18
640,135,942,"Lacee Denyukin",45,"Genderfluid","North Nicholaston","Victoria",654,"Coach","Jacket","XL","blue",46,115.0,93.0,2,186.0,"2021-05-15","2021-06-02",18
641,135,942,"Lacee Denyukin",45,"Genderfluid","North Nicholaston","Victoria",376,"Henley","Shirt","S","indigo",45,92.0,94.0,1,94.0,"2021-05-15","2021-06-02",18
642,136,539,"Sonny Tremollet",78,"Male","Port Blake","Queensland",816,"Shearling","Jacket","S","yellow",48,95.0,117.0,2,234.0,"2021-09-06","2021-09-08",2
643,136,539,"Sonny Tremollet",78,"Male","Port Blake","Queensland",174,"Linen","Shirt","XL","violet",73,116.0,91.0,3,273.0,"2021-09-06","2021-09-08",2
644,136,539,"Sonny Tremollet",78,"Male","Port Blake","Queensland",582,"Bomber","Jacket","M","blue",44,90.0,100.0,3,300.0,"2021-09-06","2021-09-08",2
645,137,298,"Roobbie Persich",29,"Female","Sanfordberg","Queensland",1137,"Cargo Pants","Trousers","M","green",78,106.0,102.0,1,102.0,"2021-10-18","2021-10-20",2
646,137,298,"Roobbie Persich",29,"Female","Sanfordberg","Queensland",175,"Camp Collared","Shirt","XS","red",77,112.0,98.0,1,98.0,"2021-10-18","2021-10-20",2
647,137,298,"Roobbie Persich",29,"Female","Sanfordberg","Queensland",826,"Shearling","Jacket","S","blue",72,95.0,117.0,1,117.0,"2021-10-18","2021-10-20",2
648,137,298,"Roobbie Persich",29,"Female","Sanfordberg","Queensland",236,"Chambray","Shirt","S","indigo",59,105.0,106.0,3,318.0,"2021-10-18","2021-10-20",2
649,138,331,"Binnie Gonzales",32,"Polygender","Aidenton","Northern Territory",51,"Dress","Shirt","S","green",60,119.0,104.0,2,208.0,"2021-02-05","2021-02-10",5
650,138,331,"Binnie Gonzales",32,"Polygender","Aidenton","Northern Territory",518,"Windbreaker","Jacket","L","indigo",67,109.0,102.0,3,306.0,"2021-02-05","2021-02-10",5
651,138,331,"Binnie Gonzales",32,"Polygender","Aidenton","Northern Territory",2,"Oxford Cloth","Shirt","M","red",54,114.0,96.0,2,192.0,"2021-02-05","2021-02-10",5
652,138,331,"Binnie Gonzales",32,"Polygender","Aidenton","Northern Territory",1065,"Joggers","Trousers","XS","green",77,94.0,93.0,1,93.0,"2021-02-05","2021-02-10",5
653,138,331,"Binnie Gonzales",32,"Polygender","Aidenton","Northern Territory",383,"Henley","Shirt","L","violet",51,92.0,94.0,2,188.0,"2021-02-05","2021-02-10",5
654,139,871,"Calypso Ellaway",48,"Bigender","Port Joshualand","Western Australia",521,"Windbreaker","Jacket","S","violet",46,109.0,102.0,2,204.0,"2021-06-15","2021-06-28",13
655,139,871,"Calypso Ellaway",48,"Bigender","Port Joshualand","Western Australia",428,"Denim","Jacket","L","orange",73,92.0,107.0,1,107.0,"2021-06-15","2021-06-28",13
656,139,871,"Calypso Ellaway",48,"Bigender","Port Joshualand","Western Australia",280,"Cuban Collar","Shirt","XS","red",56,93.0,105.0,1,105.0,"2021-06-15","2021-06-28",13
657,139,871,"Calypso Ellaway",48,"Bigender","Port Joshualand","Western Australia",1110,"Cropped","Trousers","XS","indigo",55,99.0,115.0,3,345.0,"2021-06-15","2021-06-28",13
658,140,539,"Sonny Tremollet",78,"Male","Port Blake","Queensland",701,"Trench Coat","Jacket","S","red",54,112.0,119.0,3,357.0,"2021-04-08","2021-04-13",5
659,140,539,"Sonny Tremollet",78,"Male","Port Blake","Queensland",955,"Slim-Fit","Trousers","XS","yellow",59,119.0,97.0,1,97.0,"2021-04-08","2021-04-13",5
660,140,539,"Sonny Tremollet",78,"Male","Port Blake","Queensland",575,"Bomber","Jacket","XS","green",48,90.0,100.0,1,100.0,"2021-04-08","2021-04-13",5
661,140,539,"Sonny Tremollet",78,"Male","Port Blake","Queensland",533,"Leather","Jacket","L","orange",78,113.0,98.0,2,196.0,"2021-04-08","2021-04-13",5
662,140,539,"Sonny Tremollet",78,"Male","Port Blake","Queensland",687,"Parka","Jacket","M","blue",54,119.0,113.0,3,339.0,"2021-04-08","2021-04-13",5
663,140,539,"Sonny Tremollet",78,"Male","Port Blake","Queensland",628,"Cardigan","Jacket","L","violet",66,118.0,112.0,1,112.0,"2021-04-08","2021-04-13",5
664,140,539,"Sonny Tremollet",78,"Male","Port Blake","Queensland",1130,"Cargo Pants","Trousers","XS","yellow",68,106.0,102.0,3,306.0,"2021-04-08","2021-04-13",5
665,141,528,"Cad Dominichetti",63,"Non-binary","Lake Madelineton","Western Australia",805,"Shearling","Jacket","XS","red",74,95.0,117.0,3,351.0,"2021-08-26","2021-09-13",18
666,141,528,"Cad Dominichetti",63,"Non-binary","Lake Madelineton","Western Australia",950,"Slim-Fit","Trousers","XS","orange",69,119.0,97.0,1,97.0,"2021-08-26","2021-09-13",18
667,141,528,"Cad Dominichetti",63,"Non-binary","Lake Madelineton","Western Australia",733,"Trench Coat","Jacket","L","violet",76,112.0,119.0,3,357.0,"2021-08-26","2021-09-13",18
668,142,237,"Cassaundra Sliman",71,"Agender","Lake Mollyburgh","New South Wales",8,"Oxford Cloth","Shirt","L","orange",48,114.0,96.0,3,288.0,"2021-06-15","2021-07-12",27
669,142,237,"Cassaundra Sliman",71,"Agender","Lake Mollyburgh","New South Wales",843,"Chinos","Trousers","L","red",44,100.0,113.0,2,226.0,"2021-06-15","2021-07-12",27
670,142,237,"Cassaundra Sliman",71,"Agender","Lake Mollyburgh","New South Wales",131,"Denim","Shirt","S","indigo",69,115.0,92.0,3,276.0,"2021-06-15","2021-07-12",27
671,142,237,"Cassaundra Sliman",71,"Agender","Lake Mollyburgh","New South Wales",575,"Bomber","Jacket","XS","green",48,90.0,100.0,3,300.0,"2021-06-15","2021-07-12",27
672,142,237,"Cassaundra Sliman",71,"Agender","Lake Mollyburgh","New South Wales",717,"Trench Coat","Jacket","M","green",67,112.0,119.0,3,357.0,"2021-06-15","2021-07-12",27
673,142,237,"Cassaundra Sliman",71,"Agender","Lake Mollyburgh","New South Wales",1237,"Tracksuit Bottoms","Trousers","M","yellow",80,91.0,112.0,3,336.0,"2021-06-15","2021-07-12",27
674,142,237,"Cassaundra Sliman",71,"Agender","Lake Mollyburgh","New South Wales",712,"Trench Coat","Jacket","M","yellow",54,112.0,119.0,1,119.0,"2021-06-15","2021-07-12",27
675,142,237,"Cassaundra Sliman",71,"Agender","Lake Mollyburgh","New South Wales",932,"Drawstring","Trousers","M","blue",41,104.0,96.0,3,288.0,"2021-06-15","2021-07-12",27
676,142,237,"Cassaundra Sliman",71,"Agender","Lake Mollyburgh","New South Wales",630,"Coach","Jacket","XS","red",71,115.0,93.0,3,279.0,"2021-06-15","2021-07-12",27
677,143,828,"Tucky Kitchaside",57,"Female","East Zacharystad","Queensland",740,"Peacoat","Jacket","XS","orange",78,102.0,109.0,2,218.0,"2021-02-08","2021-02-11",3
678,143,828,"Tucky Kitchaside",57,"Female","East Zacharystad","Queensland",94,"Flannel","Shirt","XL","blue",61,96.0,118.0,2,236.0,"2021-02-08","2021-02-11",3
679,143,828,"Tucky Kitchaside",57,"Female","East Zacharystad","Queensland",1083,"Joggers","Trousers","L","violet",60,94.0,93.0,1,93.0,"2021-02-08","2021-02-11",3
680,143,828,"Tucky Kitchaside",57,"Female","East Zacharystad","Queensland",387,"Casual Slim Fit","Shirt","M","red",67,113.0,119.0,1,119.0,"2021-02-08","2021-02-11",3
681,143,828,"Tucky Kitchaside",57,"Female","East Zacharystad","Queensland",1123,"Cargo Pants","Trousers","L","red",61,106.0,102.0,3,306.0,"2021-02-08","2021-02-11",3
682,143,828,"Tucky Kitchaside",57,"Female","East Zacharystad","Queensland",837,"Shearling","Jacket","M","violet",74,95.0,117.0,1,117.0,"2021-02-08","2021-02-11",3
683,144,928,"Hughie Trelease",63,"Bigender","Haydentown","Australian Capital Territory",698,"Parka","Jacket","L","violet",53,119.0,113.0,1,113.0,"2021-05-22","2021-05-28",6
684,144,928,"Hughie Trelease",63,"Bigender","Haydentown","Australian Capital Territory",295,"Cuban Collar","Shirt","XS","green",63,93.0,105.0,3,315.0,"2021-05-22","2021-05-28",6
685,144,928,"Hughie Trelease",63,"Bigender","Haydentown","Australian Capital Territory",461,"Puffer","Jacket","S","orange",69,110.0,118.0,2,236.0,"2021-05-22","2021-05-28",6
686,144,928,"Hughie Trelease",63,"Bigender","Haydentown","Australian Capital Territory",680,"Parka","Jacket","XS","green",75,119.0,113.0,2,226.0,"2021-05-22","2021-05-28",6
687,145,871,"Calypso Ellaway",48,"Bigender","Port Joshualand","Western Australia",1138,"Cargo Pants","Trousers","L","green",42,106.0,102.0,1,102.0,"2021-02-02","2021-02-10",8
688,145,871,"Calypso Ellaway",48,"Bigender","Port Joshualand","Western Australia",623,"Cardigan","Jacket","L","indigo",40,118.0,112.0,3,336.0,"2021-02-02","2021-02-10",8
689,145,871,"Calypso Ellaway",48,"Bigender","Port Joshualand","Western Australia",655,"Coach","Jacket","XS","indigo",42,115.0,93.0,2,186.0,"2021-02-02","2021-02-10",8
690,145,871,"Calypso Ellaway",48,"Bigender","Port Joshualand","Western Australia",472,"Puffer","Jacket","M","green",72,110.0,118.0,3,354.0,"2021-02-02","2021-02-10",8
691,146,912,"Chancey Iacovozzo",60,"Agender","West John","Tasmania",17,"Oxford Cloth","Shirt","M","green",60,114.0,96.0,3,288.0,"2021-08-30","2021-09-26",27
692,146,912,"Chancey Iacovozzo",60,"Agender","West John","Tasmania",610,"Cardigan","Jacket","XS","green",40,118.0,112.0,3,336.0,"2021-08-30","2021-09-26",27
693,147,818,"Nathaniel McCandless",59,"Polygender","West Eviebury","Western Australia",1250,"Tracksuit Bottoms","Trousers","XS","indigo",63,91.0,112.0,1,112.0,"2021-09-28","2021-10-16",18
694,148,573,"Atlante Dissman",37,"Male","Abbeyshire","South Australia",213,"Chambray","Shirt","L","red",44,105.0,106.0,1,106.0,"2021-01-14","2021-01-24",10
695,148,573,"Atlante Dissman",37,"Male","Abbeyshire","South Australia",779,"Pullover","Jacket","XL","orange",69,114.0,91.0,3,273.0,"2021-01-14","2021-01-24",10
696,148,573,"Atlante Dissman",37,"Male","Abbeyshire","South Australia",1214,"Pleated","Trousers","XL","blue",55,90.0,105.0,3,315.0,"2021-01-14","2021-01-24",10
697,148,573,"Atlante Dissman",37,"Male","Abbeyshire","South Australia",220,"Chambray","Shirt","XS","yellow",57,105.0,106.0,3,318.0,"2021-01-14","2021-01-24",10
698,149,500,"Carlen Kelway",78,"Non-binary","Port Haydenchester","Western Australia",423,"Denim","Jacket","L","red",63,92.0,107.0,1,107.0,"2021-03-03","2021-03-14",11
699,149,500,"Carlen Kelway",78,"Non-binary","Port Haydenchester","Western Australia",549,"Leather","Jacket","XL","blue",67,113.0,98.0,3,294.0,"2021-03-03","2021-03-14",11
700,149,500,"Carlen Kelway",78,"Non-binary","Port Haydenchester","Western Australia",931,"Drawstring","Trousers","S","blue",48,104.0,96.0,1,96.0,"2021-03-03","2021-03-14",11
701,149,500,"Carlen Kelway",78,"Non-binary","Port Haydenchester","Western Australia",380,"Henley","Shirt","XS","violet",50,92.0,94.0,2,188.0,"2021-03-03","2021-03-14",11
702,149,500,"Carlen Kelway",78,"Non-binary","Port Haydenchester","Western Australia",93,"Flannel","Shirt","L","blue",44,96.0,118.0,3,354.0,"2021-03-03","2021-03-14",11
703,150,462,"Francklyn Willeman",45,"Non-binary","D'amoreborough","South Australia",736,"Peacoat","Jacket","S","red",67,102.0,109.0,1,109.0,"2021-06-22","2021-06-27",5
704,150,462,"Francklyn Willeman",45,"Non-binary","D'amoreborough","South Australia",1110,"Cropped","Trousers","XS","indigo",55,99.0,115.0,3,345.0,"2021-06-22","2021-06-27",5
705,150,462,"Francklyn Willeman",45,"Non-binary","D'amoreborough","South Australia",263,"Polo","Shirt","L","green",68,117.0,95.0,3,285.0,"2021-06-22","2021-06-27",5
706,150,462,"Francklyn Willeman",45,"Non-binary","D'amoreborough","South Australia",234,"Chambray","Shirt","XL","blue",43,105.0,106.0,2,212.0,"2021-06-22","2021-06-27",5
707,151,357,"Crawford Bolden",41,"Polygender","North Kaylastad","Australian Capital Territory",772,"Pullover","Jacket","M","red",55,114.0,91.0,1,91.0,"2021-08-08","2021-09-01",24
708,151,357,"Crawford Bolden",41,"Polygender","North Kaylastad","Australian Capital Territory",842,"Chinos","Trousers","M","red",54,100.0,113.0,2,226.0,"2021-08-08","2021-09-01",24
709,151,357,"Crawford Bolden",41,"Polygender","North Kaylastad","Australian Capital Territory",287,"Cuban Collar","Shirt","M","orange",49,93.0,105.0,3,315.0,"2021-08-08","2021-09-01",24
710,151,357,"Crawford Bolden",41,"Polygender","North Kaylastad","Australian Capital Territory",992,"Wool","Trousers","M","yellow",43,111.0,106.0,1,106.0,"2021-08-08","2021-09-01",24
711,152,320,"Dani Pinches",43,"Polygender","Howehaven","Tasmania",246,"Polo","Shirt","S","red",60,117.0,95.0,1,95.0,"2021-03-09","2021-03-12",3
712,152,320,"Dani Pinches",43,"Polygender","Howehaven","Tasmania",731,"Trench Coat","Jacket","S","violet",69,112.0,119.0,1,119.0,"2021-03-09","2021-03-12",3
713,152,320,"Dani Pinches",43,"Polygender","Howehaven","Tasmania",490,"Windbreaker","Jacket","XS","red",79,109.0,102.0,1,102.0,"2021-03-09","2021-03-12",3
714,152,320,"Dani Pinches",43,"Polygender","Howehaven","Tasmania",897,"Cords","Trousers","M","blue",47,113.0,94.0,1,94.0,"2021-03-09","2021-03-12",3
715,152,320,"Dani Pinches",43,"Polygender","Howehaven","Tasmania",537,"Leather","Jacket","M","yellow",77,113.0,98.0,3,294.0,"2021-03-09","2021-03-12",3
716,152,320,"Dani Pinches",43,"Polygender","Howehaven","Tasmania",904,"Cords","Trousers","XL","indigo",70,113.0,94.0,3,282.0,"2021-03-09","2021-03-12",3
717,152,320,"Dani Pinches",43,"Polygender","Howehaven","Tasmania",1230,"Tracksuit Bottoms","Trousers","XS","orange",57,91.0,112.0,1,112.0,"2021-03-09","2021-03-12",3
718,152,320,"Dani Pinches",43,"Polygender","Howehaven","Tasmania",1188,"High-Waisted","Trousers","L","violet",68,98.0,99.0,2,198.0,"2021-03-09","2021-03-12",3
719,153,727,"Herschel Verdey",26,"Female","Jacobport","New South Wales",542,"Leather","Jacket","M","green",45,113.0,98.0,3,294.0,"2021-10-21","2021-11-17",27
720,153,727,"Herschel Verdey",26,"Female","Jacobport","New South Wales",698,"Parka","Jacket","L","violet",53,119.0,113.0,1,113.0,"2021-10-21","2021-11-17",27
721,153,727,"Herschel Verdey",26,"Female","Jacobport","New South Wales",769,"Peacoat","Jacket","XL","violet",42,102.0,109.0,3,327.0,"2021-10-21","2021-11-17",27
722,153,727,"Herschel Verdey",26,"Female","Jacobport","New South Wales",989,"Wool","Trousers","XL","orange",56,111.0,106.0,2,212.0,"2021-10-21","2021-11-17",27
723,153,727,"Herschel Verdey",26,"Female","Jacobport","New South Wales",1188,"High-Waisted","Trousers","L","violet",68,98.0,99.0,3,297.0,"2021-10-21","2021-11-17",27
724,153,727,"Herschel Verdey",26,"Female","Jacobport","New South Wales",1235,"Tracksuit Bottoms","Trousers","XS","yellow",76,91.0,112.0,3,336.0,"2021-10-21","2021-11-17",27
725,154,674,"Marthena Matterson",36,"Bigender","Goodwinmouth","South Australia",347,"Mandarin Collar","Shirt","M","violet",76,108.0,109.0,1,109.0,"2021-10-17","2021-11-07",21
726,154,674,"Marthena Matterson",36,"Bigender","Goodwinmouth","South Australia",1043,"Relaxed Leg","Trousers","L","indigo",48,95.0,90.0,1,90.0,"2021-10-17","2021-11-07",21
727,154,674,"Marthena Matterson",36,"Bigender","Goodwinmouth","South Australia",174,"Linen","Shirt","XL","violet",73,116.0,91.0,1,91.0,"2021-10-17","2021-11-07",21
728,154,674,"Marthena Matterson",36,"Bigender","Goodwinmouth","South Australia",630,"Coach","Jacket","XS","red",71,115.0,93.0,2,186.0,"2021-10-17","2021-11-07",21
729,154,674,"Marthena Matterson",36,"Bigender","Goodwinmouth","South Australia",625,"Cardigan","Jacket","XS","violet",40,118.0,112.0,2,224.0,"2021-10-17","2021-11-07",21
730,155,834,"Glenn Keri",61,"Non-binary","Port Ellaside","New South Wales",512,"Windbreaker","Jacket","M","blue",70,109.0,102.0,1,102.0,"2021-06-30","2021-07-18",18
731,156,727,"Herschel Verdey",26,"Female","Jacobport","New South Wales",1253,"Tracksuit Bottoms","Trousers","L","indigo",50,91.0,112.0,1,112.0,"2021-07-10","2021-07-29",19
732,156,727,"Herschel Verdey",26,"Female","Jacobport","New South Wales",1155,"High-Waisted","Trousers","XS","red",74,98.0,99.0,2,198.0,"2021-07-10","2021-07-29",19
733,156,727,"Herschel Verdey",26,"Female","Jacobport","New South Wales",438,"Denim","Jacket","L","green",52,92.0,107.0,2,214.0,"2021-07-10","2021-07-29",19
734,156,727,"Herschel Verdey",26,"Female","Jacobport","New South Wales",719,"Trench Coat","Jacket","XL","green",53,112.0,119.0,1,119.0,"2021-07-10","2021-07-29",19
735,156,727,"Herschel Verdey",26,"Female","Jacobport","New South Wales",470,"Puffer","Jacket","XS","green",41,110.0,118.0,3,354.0,"2021-07-10","2021-07-29",19
736,157,909,"Patin Circuit",62,"Genderqueer","Langfort","Tasmania",918,"Drawstring","Trousers","L","orange",54,104.0,96.0,3,288.0,"2021-04-07","2021-04-17",10
737,157,909,"Patin Circuit",62,"Genderqueer","Langfort","Tasmania",585,"Bomber","Jacket","XS","indigo",59,90.0,100.0,1,100.0,"2021-04-07","2021-04-17",10
738,157,909,"Patin Circuit",62,"Genderqueer","Langfort","Tasmania",493,"Windbreaker","Jacket","L","red",40,109.0,102.0,2,204.0,"2021-04-07","2021-04-17",10
739,157,909,"Patin Circuit",62,"Genderqueer","Langfort","Tasmania",442,"Denim","Jacket","M","blue",61,92.0,107.0,1,107.0,"2021-04-07","2021-04-17",10
740,158,828,"Tucky Kitchaside",57,"Female","East Zacharystad","Queensland",1173,"High-Waisted","Trousers","L","green",75,98.0,99.0,2,198.0,"2021-07-13","2021-08-04",22
741,158,828,"Tucky Kitchaside",57,"Female","East Zacharystad","Queensland",975,"Slim-Fit","Trousers","XS","violet",70,119.0,97.0,2,194.0,"2021-07-13","2021-08-04",22
742,158,828,"Tucky Kitchaside",57,"Female","East Zacharystad","Queensland",238,"Chambray","Shirt","L","indigo",79,105.0,106.0,1,106.0,"2021-07-13","2021-08-04",22
743,158,828,"Tucky Kitchaside",57,"Female","East Zacharystad","Queensland",130,"Denim","Shirt","XS","indigo",79,115.0,92.0,2,184.0,"2021-07-13","2021-08-04",22
744,158,828,"Tucky Kitchaside",57,"Female","East Zacharystad","Queensland",257,"Polo","Shirt","M","yellow",52,117.0,95.0,2,190.0,"2021-07-13","2021-08-04",22
745,158,828,"Tucky Kitchaside",57,"Female","East Zacharystad","Queensland",100,"Flannel","Shirt","XS","violet",72,96.0,118.0,3,354.0,"2021-07-13","2021-08-04",22
746,159,208,"Shaylyn Musla",71,"Bigender","Josephland","South Australia",118,"Denim","Shirt","L","yellow",75,115.0,92.0,2,184.0,"2021-09-05","2021-09-13",8
747,159,208,"Shaylyn Musla",71,"Bigender","Josephland","South Australia",172,"Linen","Shirt","M","violet",44,116.0,91.0,2,182.0,"2021-09-05","2021-09-13",8
748,159,208,"Shaylyn Musla",71,"Bigender","Josephland","South Australia",209,"Camp Collared","Shirt","XL","violet",40,112.0,98.0,2,196.0,"2021-09-05","2021-09-13",8
749,159,208,"Shaylyn Musla",71,"Bigender","Josephland","South Australia",410,"Casual Slim Fit","Shirt","XS","indigo",57,113.0,119.0,3,357.0,"2021-09-05","2021-09-13",8
750,160,725,"Bucky Cragell",23,"Non-binary","Gracemouth","Northern Territory",765,"Peacoat","Jacket","XS","violet",54,102.0,109.0,1,109.0,"2021-07-31","2021-08-06",6
751,160,725,"Bucky Cragell",23,"Non-binary","Gracemouth","Northern Territory",117,"Denim","Shirt","M","yellow",67,115.0,92.0,1,92.0,"2021-07-31","2021-08-06",6
752,160,725,"Bucky Cragell",23,"Non-binary","Gracemouth","Northern Territory",94,"Flannel","Shirt","XL","blue",61,96.0,118.0,1,118.0,"2021-07-31","2021-08-06",6
753,160,725,"Bucky Cragell",23,"Non-binary","Gracemouth","Northern Territory",1213,"Pleated","Trousers","L","blue",79,90.0,105.0,1,105.0,"2021-07-31","2021-08-06",6
754,160,725,"Bucky Cragell",23,"Non-binary","Gracemouth","Northern Territory",437,"Denim","Jacket","M","green",79,92.0,107.0,2,214.0,"2021-07-31","2021-08-06",6
755,160,725,"Bucky Cragell",23,"Non-binary","Gracemouth","Northern Territory",1102,"Cropped","Trousers","M","green",65,99.0,115.0,1,115.0,"2021-07-31","2021-08-06",6
756,160,725,"Bucky Cragell",23,"Non-binary","Gracemouth","Northern Territory",122,"Denim","Shirt","M","green",66,115.0,92.0,2,184.0,"2021-07-31","2021-08-06",6
757,160,725,"Bucky Cragell",23,"Non-binary","Gracemouth","Northern Territory",878,"Cords","Trousers","L","red",53,113.0,94.0,2,188.0,"2021-07-31","2021-08-06",6
758,160,725,"Bucky Cragell",23,"Non-binary","Gracemouth","Northern Territory",134,"Denim","Shirt","XL","indigo",58,115.0,92.0,3,276.0,"2021-07-31","2021-08-06",6
759,160,725,"Bucky Cragell",23,"Non-binary","Gracemouth","Northern Territory",951,"Slim-Fit","Trousers","S","orange",55,119.0,97.0,1,97.0,"2021-07-31","2021-08-06",6
760,161,566,"Melissa Partkya",23,"Male","O'keefeton","Tasmania",48,"Dress","Shirt","L","yellow",56,119.0,104.0,2,208.0,"2021-03-22","2021-04-11",20
761,161,566,"Melissa Partkya",23,"Male","O'keefeton","Tasmania",1177,"High-Waisted","Trousers","M","blue",52,98.0,99.0,2,198.0,"2021-03-22","2021-04-11",20
762,161,566,"Melissa Partkya",23,"Male","O'keefeton","Tasmania",936,"Drawstring","Trousers","S","indigo",46,104.0,96.0,1,96.0,"2021-03-22","2021-04-11",20
763,161,566,"Melissa Partkya",23,"Male","O'keefeton","Tasmania",1041,"Relaxed Leg","Trousers","S","indigo",40,95.0,90.0,2,180.0,"2021-03-22","2021-04-11",20
764,161,566,"Melissa Partkya",23,"Male","O'keefeton","Tasmania",483,"Puffer","Jacket","L","indigo",61,110.0,118.0,2,236.0,"2021-03-22","2021-04-11",20
765,161,566,"Melissa Partkya",23,"Male","O'keefeton","Tasmania",525,"Leather","Jacket","XS","red",67,113.0,98.0,3,294.0,"2021-03-22","2021-04-11",20
766,161,566,"Melissa Partkya",23,"Male","O'keefeton","Tasmania",63,"Dress","Shirt","L","indigo",71,119.0,104.0,3,312.0,"2021-03-22","2021-04-11",20
767,161,566,"Melissa Partkya",23,"Male","O'keefeton","Tasmania",517,"Windbreaker","Jacket","M","indigo",56,109.0,102.0,2,204.0,"2021-03-22","2021-04-11",20
768,162,431,"Ronni Gruszczak",41,"Agender","Jademouth","Victoria",896,"Cords","Trousers","S","blue",59,113.0,94.0,1,94.0,"2021-04-25","2021-05-05",10
769,162,431,"Ronni Gruszczak",41,"Agender","Jademouth","Victoria",1052,"Joggers","Trousers","M","red",43,94.0,93.0,3,279.0,"2021-04-25","2021-05-05",10
770,162,431,"Ronni Gruszczak",41,"Agender","Jademouth","Victoria",1091,"Cropped","Trousers","S","orange",78,99.0,115.0,3,345.0,"2021-04-25","2021-05-05",10
771,162,431,"Ronni Gruszczak",41,"Agender","Jademouth","Victoria",870,"Chinos","Trousers","XS","violet",72,100.0,113.0,2,226.0,"2021-04-25","2021-05-05",10
772,162,431,"Ronni Gruszczak",41,"Agender","Jademouth","Victoria",849,"Chinos","Trousers","XL","orange",48,100.0,113.0,2,226.0,"2021-04-25","2021-05-05",10
773,163,84,"Minta Loble",63,"Female","Lake Paigemouth","Northern Territory",937,"Drawstring","Trousers","M","indigo",58,104.0,96.0,2,192.0,"2021-06-12","2021-06-17",5
774,163,84,"Minta Loble",63,"Female","Lake Paigemouth","Northern Territory",753,"Peacoat","Jacket","L","green",73,102.0,109.0,1,109.0,"2021-06-12","2021-06-17",5
775,163,84,"Minta Loble",63,"Female","Lake Paigemouth","Northern Territory",563,"Bomber","Jacket","L","red",50,90.0,100.0,3,300.0,"2021-06-12","2021-06-17",5
776,163,84,"Minta Loble",63,"Female","Lake Paigemouth","Northern Territory",549,"Leather","Jacket","XL","blue",67,113.0,98.0,2,196.0,"2021-06-12","2021-06-17",5
777,163,84,"Minta Loble",63,"Female","Lake Paigemouth","Northern Territory",43,"Dress","Shirt","L","orange",73,119.0,104.0,3,312.0,"2021-06-12","2021-06-17",5
778,163,84,"Minta Loble",63,"Female","Lake Paigemouth","Northern Territory",682,"Parka","Jacket","M","green",71,119.0,113.0,3,339.0,"2021-06-12","2021-06-17",5
779,163,84,"Minta Loble",63,"Female","Lake Paigemouth","Northern Territory",372,"Henley","Shirt","M","blue",42,92.0,94.0,1,94.0,"2021-06-12","2021-06-17",5
780,163,84,"Minta Loble",63,"Female","Lake Paigemouth","Northern Territory",153,"Linen","Shirt","L","yellow",72,116.0,91.0,2,182.0,"2021-06-12","2021-06-17",5
781,164,412,"Chandal Fransinelli",21,"Polygender","Hackettchester","South Australia",1202,"Pleated","Trousers","M","yellow",54,90.0,105.0,2,210.0,"2021-05-21","2021-06-03",13
782,164,412,"Chandal Fransinelli",21,"Polygender","Hackettchester","South Australia",604,"Cardigan","Jacket","XL","orange",75,118.0,112.0,1,112.0,"2021-05-21","2021-06-03",13
783,164,412,"Chandal Fransinelli",21,"Polygender","Hackettchester","South Australia",275,"Polo","Shirt","XS","violet",67,117.0,95.0,2,190.0,"2021-05-21","2021-06-03",13
784,164,412,"Chandal Fransinelli",21,"Polygender","Hackettchester","South Australia",8,"Oxford Cloth","Shirt","L","orange",48,114.0,96.0,1,96.0,"2021-05-21","2021-06-03",13
785,164,412,"Chandal Fransinelli",21,"Polygender","Hackettchester","South Australia",425,"Denim","Jacket","XS","orange",60,92.0,107.0,3,321.0,"2021-05-21","2021-06-03",13
786,165,389,"Caroljean Elstob",41,"Agender","Lake Lukeberg","South Australia",1165,"High-Waisted","Trousers","XS","yellow",64,98.0,99.0,3,297.0,"2021-06-23","2021-07-20",27
787,165,389,"Caroljean Elstob",41,"Agender","Lake Lukeberg","South Australia",1029,"Relaxed Leg","Trousers","XL","yellow",54,95.0,90.0,1,90.0,"2021-06-23","2021-07-20",27
788,165,389,"Caroljean Elstob",41,"Agender","Lake Lukeberg","South Australia",118,"Denim","Shirt","L","yellow",75,115.0,92.0,2,184.0,"2021-06-23","2021-07-20",27
789,165,389,"Caroljean Elstob",41,"Agender","Lake Lukeberg","South Australia",700,"Trench Coat","Jacket","XS","red",78,112.0,119.0,1,119.0,"2021-06-23","2021-07-20",27
790,165,389,"Caroljean Elstob",41,"Agender","Lake Lukeberg","South Australia",679,"Parka","Jacket","XL","yellow",44,119.0,113.0,1,113.0,"2021-06-23","2021-07-20",27
791,165,389,"Caroljean Elstob",41,"Agender","Lake Lukeberg","South Australia",1060,"Joggers","Trousers","XS","yellow",62,94.0,93.0,2,186.0,"2021-06-23","2021-07-20",27
792,165,389,"Caroljean Elstob",41,"Agender","Lake Lukeberg","South Australia",26,"Oxford Cloth","Shirt","S","indigo",59,114.0,96.0,1,96.0,"2021-06-23","2021-07-20",27
793,166,113,"Hew Cardinal",57,"Agender","North Ruby","South Australia",743,"Peacoat","Jacket","L","orange",45,102.0,109.0,1,109.0,"2021-07-11","2021-07-14",3
794,166,113,"Hew Cardinal",57,"Agender","North Ruby","South Australia",827,"Shearling","Jacket","M","blue",73,95.0,117.0,3,351.0,"2021-07-11","2021-07-14",3
795,166,113,"Hew Cardinal",57,"Agender","North Ruby","South Australia",740,"Peacoat","Jacket","XS","orange",78,102.0,109.0,1,109.0,"2021-07-11","2021-07-14",3
796,166,113,"Hew Cardinal",57,"Agender","North Ruby","South Australia",661,"Coach","Jacket","S","violet",74,115.0,93.0,2,186.0,"2021-07-11","2021-07-14",3
797,166,113,"Hew Cardinal",57,"Agender","North Ruby","South Australia",217,"Chambray","Shirt","M","orange",43,105.0,106.0,2,212.0,"2021-07-11","2021-07-14",3
798,166,113,"Hew Cardinal",57,"Agender","North Ruby","South Australia",430,"Denim","Jacket","XS","yellow",52,92.0,107.0,3,321.0,"2021-07-11","2021-07-14",3
799,167,595,"Thomasine Baudet",60,"Female","Ameliaview","South Australia",1035,"Relaxed Leg","Trousers","XS","blue",54,95.0,90.0,2,180.0,"2021-06-26","2021-07-18",22
800,167,595,"Thomasine Baudet",60,"Female","Ameliaview","South Australia",930,"Drawstring","Trousers","XS","blue",45,104.0,96.0,1,96.0,"2021-06-26","2021-07-18",22
801,167,595,"Thomasine Baudet",60,"Female","Ameliaview","South Australia",217,"Chambray","Shirt","M","orange",43,105.0,106.0,1,106.0,"2021-06-26","2021-07-18",22
802,167,595,"Thomasine Baudet",60,"Female","Ameliaview","South Australia",134,"Denim","Shirt","XL","indigo",58,115.0,92.0,2,184.0,"2021-06-26","2021-07-18",22
803,168,664,"Dannie Fidler",32,"Genderfluid","East Max","Tasmania",1037,"Relaxed Leg","Trousers","M","blue",72,95.0,90.0,3,270.0,"2021-01-10","2021-01-27",17
804,168,664,"Dannie Fidler",32,"Genderfluid","East Max","Tasmania",1112,"Cropped","Trousers","M","indigo",73,99.0,115.0,3,345.0,"2021-01-10","2021-01-27",17
805,168,664,"Dannie Fidler",32,"Genderfluid","East Max","Tasmania",19,"Oxford Cloth","Shirt","XL","green",42,114.0,96.0,1,96.0,"2021-01-10","2021-01-27",17
806,168,664,"Dannie Fidler",32,"Genderfluid","East Max","Tasmania",439,"Denim","Jacket","XL","green",59,92.0,107.0,1,107.0,"2021-01-10","2021-01-27",17
807,168,664,"Dannie Fidler",32,"Genderfluid","East Max","Tasmania",605,"Cardigan","Jacket","XS","yellow",46,118.0,112.0,2,224.0,"2021-01-10","2021-01-27",17
808,169,996,"Elvira Sarfati",59,"Agender","Lake Danielland","Tasmania",1016,"Relaxed Leg","Trousers","S","red",70,95.0,90.0,2,180.0,"2021-03-09","2021-03-12",3
809,169,996,"Elvira Sarfati",59,"Agender","Lake Danielland","Tasmania",468,"Puffer","Jacket","L","yellow",46,110.0,118.0,3,354.0,"2021-03-09","2021-03-12",3
810,169,996,"Elvira Sarfati",59,"Agender","Lake Danielland","Tasmania",928,"Drawstring","Trousers","L","green",43,104.0,96.0,2,192.0,"2021-03-09","2021-03-12",3
811,169,996,"Elvira Sarfati",59,"Agender","Lake Danielland","Tasmania",605,"Cardigan","Jacket","XS","yellow",46,118.0,112.0,2,224.0,"2021-03-09","2021-03-12",3
812,169,996,"Elvira Sarfati",59,"Agender","Lake Danielland","Tasmania",722,"Trench Coat","Jacket","M","blue",46,112.0,119.0,2,238.0,"2021-03-09","2021-03-12",3
813,169,996,"Elvira Sarfati",59,"Agender","Lake Danielland","Tasmania",792,"Pullover","Jacket","M","blue",44,114.0,91.0,3,273.0,"2021-03-09","2021-03-12",3
814,169,996,"Elvira Sarfati",59,"Agender","Lake Danielland","Tasmania",526,"Leather","Jacket","S","red",80,113.0,98.0,3,294.0,"2021-03-09","2021-03-12",3
815,169,996,"Elvira Sarfati",59,"Agender","Lake Danielland","Tasmania",1062,"Joggers","Trousers","M","yellow",72,94.0,93.0,1,93.0,"2021-03-09","2021-03-12",3
816,169,996,"Elvira Sarfati",59,"Agender","Lake Danielland","Tasmania",751,"Peacoat","Jacket","S","green",41,102.0,109.0,2,218.0,"2021-03-09","2021-03-12",3
817,170,867,"Hunfredo Peyto",36,"Bigender","Port Davidburgh","Tasmania",673,"Parka","Jacket","L","orange",77,119.0,113.0,3,339.0,"2021-08-17","2021-09-03",17
818,170,867,"Hunfredo Peyto",36,"Bigender","Port Davidburgh","Tasmania",357,"Henley","Shirt","M","orange",70,92.0,94.0,1,94.0,"2021-08-17","2021-09-03",17
819,170,867,"Hunfredo Peyto",36,"Bigender","Port Davidburgh","Tasmania",345,"Mandarin Collar","Shirt","XS","violet",52,108.0,109.0,1,109.0,"2021-08-17","2021-09-03",17
820,170,867,"Hunfredo Peyto",36,"Bigender","Port Davidburgh","Tasmania",1224,"Pleated","Trousers","XL","violet",65,90.0,105.0,2,210.0,"2021-08-17","2021-09-03",17
821,170,867,"Hunfredo Peyto",36,"Bigender","Port Davidburgh","Tasmania",899,"Cords","Trousers","XL","blue",65,113.0,94.0,2,188.0,"2021-08-17","2021-09-03",17
822,171,443,"Melodee Spencley",49,"Bigender","Crooksshire","Victoria",520,"Windbreaker","Jacket","XS","violet",68,109.0,102.0,2,204.0,"2021-09-14","2021-09-16",2
823,171,443,"Melodee Spencley",49,"Bigender","Crooksshire","Victoria",655,"Coach","Jacket","XS","indigo",42,115.0,93.0,1,93.0,"2021-09-14","2021-09-16",2
824,171,443,"Melodee Spencley",49,"Bigender","Crooksshire","Victoria",812,"Shearling","Jacket","M","orange",45,95.0,117.0,1,117.0,"2021-09-14","2021-09-16",2
825,171,443,"Melodee Spencley",49,"Bigender","Crooksshire","Victoria",444,"Denim","Jacket","XL","blue",80,92.0,107.0,3,321.0,"2021-09-14","2021-09-16",2
826,171,443,"Melodee Spencley",49,"Bigender","Crooksshire","Victoria",785,"Pullover","Jacket","XS","green",70,114.0,91.0,1,91.0,"2021-09-14","2021-09-16",2
827,171,443,"Melodee Spencley",49,"Bigender","Crooksshire","Victoria",85,"Flannel","Shirt","XS","green",55,96.0,118.0,2,236.0,"2021-09-14","2021-09-16",2
828,171,443,"Melodee Spencley",49,"Bigender","Crooksshire","Victoria",198,"Camp Collared","Shirt","L","blue",56,112.0,98.0,2,196.0,"2021-09-14","2021-09-16",2
829,171,443,"Melodee Spencley",49,"Bigender","Crooksshire","Victoria",314,"Cuban Collar","Shirt","XL","violet",44,93.0,105.0,2,210.0,"2021-09-14","2021-09-16",2
830,172,224,"Shelbi Impson",78,"Genderfluid","Hansenberg","New South Wales",574,"Bomber","Jacket","XL","yellow",50,90.0,100.0,3,300.0,"2021-01-05","2021-01-27",22
831,172,224,"Shelbi Impson",78,"Genderfluid","Hansenberg","New South Wales",413,"Casual Slim Fit","Shirt","L","indigo",60,113.0,119.0,1,119.0,"2021-01-05","2021-01-27",22
832,172,224,"Shelbi Impson",78,"Genderfluid","Hansenberg","New South Wales",1156,"High-Waisted","Trousers","S","red",80,98.0,99.0,2,198.0,"2021-01-05","2021-01-27",22
833,172,224,"Shelbi Impson",78,"Genderfluid","Hansenberg","New South Wales",683,"Parka","Jacket","L","green",55,119.0,113.0,3,339.0,"2021-01-05","2021-01-27",22
834,172,224,"Shelbi Impson",78,"Genderfluid","Hansenberg","New South Wales",706,"Trench Coat","Jacket","S","orange",41,112.0,119.0,3,357.0,"2021-01-05","2021-01-27",22
835,172,224,"Shelbi Impson",78,"Genderfluid","Hansenberg","New South Wales",1245,"Tracksuit Bottoms","Trousers","XS","blue",42,91.0,112.0,3,336.0,"2021-01-05","2021-01-27",22
836,173,435,"Aldridge Tesh",41,"Agender","South Tobyton","South Australia",1005,"Wool","Trousers","XS","indigo",43,111.0,106.0,2,212.0,"2021-06-06","2021-07-01",25
837,174,497,"Claudio Archibould",31,"Bigender","North Aidentown","Northern Territory",1174,"High-Waisted","Trousers","XL","green",78,98.0,99.0,1,99.0,"2021-02-22","2021-03-17",23
838,174,497,"Claudio Archibould",31,"Bigender","North Aidentown","Northern Territory",634,"Coach","Jacket","XL","red",46,115.0,93.0,3,279.0,"2021-02-22","2021-03-17",23
839,174,497,"Claudio Archibould",31,"Bigender","North Aidentown","Northern Territory",795,"Pullover","Jacket","XS","indigo",78,114.0,91.0,1,91.0,"2021-02-22","2021-03-17",23
840,175,309,"Ulla Crombie",29,"Genderqueer","Lake Edward","Queensland",329,"Mandarin Collar","Shirt","XL","yellow",43,108.0,109.0,1,109.0,"2021-03-22","2021-04-16",25
841,175,309,"Ulla Crombie",29,"Genderqueer","Lake Edward","Queensland",165,"Linen","Shirt","XS","indigo",70,116.0,91.0,1,91.0,"2021-03-22","2021-04-16",25
842,175,309,"Ulla Crombie",29,"Genderqueer","Lake Edward","Queensland",968,"Slim-Fit","Trousers","L","blue",49,119.0,97.0,3,291.0,"2021-03-22","2021-04-16",25
843,175,309,"Ulla Crombie",29,"Genderqueer","Lake Edward","Queensland",1207,"Pleated","Trousers","M","green",41,90.0,105.0,3,315.0,"2021-03-22","2021-04-16",25
844,175,309,"Ulla Crombie",29,"Genderqueer","Lake Edward","Queensland",381,"Henley","Shirt","S","violet",43,92.0,94.0,3,282.0,"2021-03-22","2021-04-16",25
845,175,309,"Ulla Crombie",29,"Genderqueer","Lake Edward","Queensland",890,"Cords","Trousers","XS","green",50,113.0,94.0,3,282.0,"2021-03-22","2021-04-16",25
846,175,309,"Ulla Crombie",29,"Genderqueer","Lake Edward","Queensland",66,"Dress","Shirt","S","violet",69,119.0,104.0,1,104.0,"2021-03-22","2021-04-16",25
847,175,309,"Ulla Crombie",29,"Genderqueer","Lake Edward","Queensland",1052,"Joggers","Trousers","M","red",43,94.0,93.0,1,93.0,"2021-03-22","2021-04-16",25
848,176,574,"Ranna Paolillo",53,"Polygender","Zacharybury","Northern Territory",704,"Trench Coat","Jacket","XL","red",40,112.0,119.0,1,119.0,"2021-09-26","2021-10-04",8
849,176,574,"Ranna Paolillo",53,"Polygender","Zacharybury","Northern Territory",642,"Coach","Jacket","M","yellow",48,115.0,93.0,1,93.0,"2021-09-26","2021-10-04",8
850,176,574,"Ranna Paolillo",53,"Polygender","Zacharybury","Northern Territory",124,"Denim","Shirt","XL","green",52,115.0,92.0,1,92.0,"2021-09-26","2021-10-04",8
851,176,574,"Ranna Paolillo",53,"Polygender","Zacharybury","Northern Territory",24,"Oxford Cloth","Shirt","XL","blue",60,114.0,96.0,3,288.0,"2021-09-26","2021-10-04",8
852,176,574,"Ranna Paolillo",53,"Polygender","Zacharybury","Northern Territory",1095,"Cropped","Trousers","XS","yellow",41,99.0,115.0,3,345.0,"2021-09-26","2021-10-04",8
853,176,574,"Ranna Paolillo",53,"Polygender","Zacharybury","Northern Territory",1028,"Relaxed Leg","Trousers","L","yellow",65,95.0,90.0,1,90.0,"2021-09-26","2021-10-04",8
854,177,315,"Jeff Curness",49,"Genderqueer","East Michaelmouth","Australian Capital Territory",64,"Dress","Shirt","XL","indigo",75,119.0,104.0,1,104.0,"2021-08-20","2021-09-01",12
855,177,315,"Jeff Curness",49,"Genderqueer","East Michaelmouth","Australian Capital Territory",256,"Polo","Shirt","S","yellow",77,117.0,95.0,1,95.0,"2021-08-20","2021-09-01",12
856,177,315,"Jeff Curness",49,"Genderqueer","East Michaelmouth","Australian Capital Territory",257,"Polo","Shirt","M","yellow",52,117.0,95.0,2,190.0,"2021-08-20","2021-09-01",12
857,177,315,"Jeff Curness",49,"Genderqueer","East Michaelmouth","Australian Capital Territory",207,"Camp Collared","Shirt","M","violet",41,112.0,98.0,1,98.0,"2021-08-20","2021-09-01",12
858,177,315,"Jeff Curness",49,"Genderqueer","East Michaelmouth","Australian Capital Territory",976,"Slim-Fit","Trousers","S","violet",46,119.0,97.0,3,291.0,"2021-08-20","2021-09-01",12
859,177,315,"Jeff Curness",49,"Genderqueer","East Michaelmouth","Australian Capital Territory",1059,"Joggers","Trousers","XL","orange",44,94.0,93.0,3,279.0,"2021-08-20","2021-09-01",12
860,178,236,"Anders Couvert",80,"Non-binary","East Sienna","New South Wales",593,"Bomber","Jacket","L","violet",68,90.0,100.0,1,100.0,"2021-02-02","2021-02-08",6
861,178,236,"Anders Couvert",80,"Non-binary","East Sienna","New South Wales",307,"Cuban Collar","Shirt","M","indigo",58,93.0,105.0,1,105.0,"2021-02-02","2021-02-08",6
862,178,236,"Anders Couvert",80,"Non-binary","East Sienna","New South Wales",1023,"Relaxed Leg","Trousers","L","orange",78,95.0,90.0,1,90.0,"2021-02-02","2021-02-08",6
863,179,161,"Katalin Tellesson",29,"Agender","Port Jade","Western Australia",182,"Camp Collared","Shirt","M","orange",65,112.0,98.0,2,196.0,"2021-06-10","2021-06-27",17
864,179,161,"Katalin Tellesson",29,"Agender","Port Jade","Western Australia",700,"Trench Coat","Jacket","XS","red",78,112.0,119.0,2,238.0,"2021-06-10","2021-06-27",17
865,179,161,"Katalin Tellesson",29,"Agender","Port Jade","Western Australia",788,"Pullover","Jacket","L","green",72,114.0,91.0,3,273.0,"2021-06-10","2021-06-27",17
866,179,161,"Katalin Tellesson",29,"Agender","Port Jade","Western Australia",360,"Henley","Shirt","XS","yellow",42,92.0,94.0,2,188.0,"2021-06-10","2021-06-27",17
867,179,161,"Katalin Tellesson",29,"Agender","Port Jade","Western Australia",1235,"Tracksuit Bottoms","Trousers","XS","yellow",76,91.0,112.0,1,112.0,"2021-06-10","2021-06-27",17
868,179,161,"Katalin Tellesson",29,"Agender","Port Jade","Western Australia",449,"Denim","Jacket","XL","indigo",51,92.0,107.0,3,321.0,"2021-06-10","2021-06-27",17
869,180,469,"Faber Purcell",78,"Female","Andrewborough","New South Wales",50,"Dress","Shirt","XS","green",51,119.0,104.0,3,312.0,"2021-05-29","2021-06-22",24
870,180,469,"Faber Purcell",78,"Female","Andrewborough","New South Wales",1184,"High-Waisted","Trousers","XL","indigo",57,98.0,99.0,1,99.0,"2021-05-29","2021-06-22",24
871,180,469,"Faber Purcell",78,"Female","Andrewborough","New South Wales",1245,"Tracksuit Bottoms","Trousers","XS","blue",42,91.0,112.0,1,112.0,"2021-05-29","2021-06-22",24
872,180,469,"Faber Purcell",78,"Female","Andrewborough","New South Wales",1058,"Joggers","Trousers","L","orange",49,94.0,93.0,2,186.0,"2021-05-29","2021-06-22",24
873,180,469,"Faber Purcell",78,"Female","Andrewborough","New South Wales",1054,"Joggers","Trousers","XL","red",58,94.0,93.0,1,93.0,"2021-05-29","2021-06-22",24
874,180,469,"Faber Purcell",78,"Female","Andrewborough","New South Wales",272,"Polo","Shirt","M","indigo",62,117.0,95.0,1,95.0,"2021-05-29","2021-06-22",24
875,181,241,"Valentine Marley",61,"Bigender","New Ava","Queensland",463,"Puffer","Jacket","L","orange",66,110.0,118.0,1,118.0,"2021-01-29","2021-02-13",15
876,181,241,"Valentine Marley",61,"Bigender","New Ava","Queensland",506,"Windbreaker","Jacket","S","green",65,109.0,102.0,3,306.0,"2021-01-29","2021-02-13",15
877,182,461,"Alina Strotton",54,"Female","West Chasemouth","Australian Capital Territory",852,"Chinos","Trousers","M","yellow",58,100.0,113.0,2,226.0,"2021-02-22","2021-03-04",10
878,182,461,"Alina Strotton",54,"Female","West Chasemouth","Australian Capital Territory",408,"Casual Slim Fit","Shirt","L","blue",75,113.0,119.0,2,238.0,"2021-02-22","2021-03-04",10
879,182,461,"Alina Strotton",54,"Female","West Chasemouth","Australian Capital Territory",578,"Bomber","Jacket","L","green",78,90.0,100.0,2,200.0,"2021-02-22","2021-03-04",10
880,182,461,"Alina Strotton",54,"Female","West Chasemouth","Australian Capital Territory",858,"Chinos","Trousers","L","green",77,100.0,113.0,3,339.0,"2021-02-22","2021-03-04",10
881,182,461,"Alina Strotton",54,"Female","West Chasemouth","Australian Capital Territory",756,"Peacoat","Jacket","S","blue",50,102.0,109.0,1,109.0,"2021-02-22","2021-03-04",10
882,182,461,"Alina Strotton",54,"Female","West Chasemouth","Australian Capital Territory",525,"Leather","Jacket","XS","red",67,113.0,98.0,1,98.0,"2021-02-22","2021-03-04",10
883,182,461,"Alina Strotton",54,"Female","West Chasemouth","Australian Capital Territory",792,"Pullover","Jacket","M","blue",44,114.0,91.0,3,273.0,"2021-02-22","2021-03-04",10
884,182,461,"Alina Strotton",54,"Female","West Chasemouth","Australian Capital Territory",705,"Trench Coat","Jacket","XS","orange",69,112.0,119.0,2,238.0,"2021-02-22","2021-03-04",10
885,182,461,"Alina Strotton",54,"Female","West Chasemouth","Australian Capital Territory",60,"Dress","Shirt","XS","indigo",56,119.0,104.0,2,208.0,"2021-02-22","2021-03-04",10
886,183,715,"Lindsey McCuthais",61,"Bigender","Port Hunter","Tasmania",1192,"Pleated","Trousers","M","red",40,90.0,105.0,2,210.0,"2021-10-06","2021-10-12",6
887,183,715,"Lindsey McCuthais",61,"Bigender","Port Hunter","Tasmania",513,"Windbreaker","Jacket","L","blue",41,109.0,102.0,3,306.0,"2021-10-06","2021-10-12",6
888,183,715,"Lindsey McCuthais",61,"Bigender","Port Hunter","Tasmania",758,"Peacoat","Jacket","L","blue",64,102.0,109.0,3,327.0,"2021-10-06","2021-10-12",6
889,183,715,"Lindsey McCuthais",61,"Bigender","Port Hunter","Tasmania",202,"Camp Collared","Shirt","M","indigo",52,112.0,98.0,1,98.0,"2021-10-06","2021-10-12",6
890,183,715,"Lindsey McCuthais",61,"Bigender","Port Hunter","Tasmania",359,"Henley","Shirt","XL","orange",52,92.0,94.0,2,188.0,"2021-10-06","2021-10-12",6
891,183,715,"Lindsey McCuthais",61,"Bigender","Port Hunter","Tasmania",300,"Cuban Collar","Shirt","XS","blue",56,93.0,105.0,3,315.0,"2021-10-06","2021-10-12",6
892,183,715,"Lindsey McCuthais",61,"Bigender","Port Hunter","Tasmania",709,"Trench Coat","Jacket","XL","orange",71,112.0,119.0,2,238.0,"2021-10-06","2021-10-12",6
893,184,240,"Brian Finnes",25,"Genderqueer","New Codyville","Victoria",31,"Oxford Cloth","Shirt","S","violet",41,114.0,96.0,2,192.0,"2021-09-15","2021-09-29",14
894,184,240,"Brian Finnes",25,"Genderqueer","New Codyville","Victoria",1100,"Cropped","Trousers","XS","green",48,99.0,115.0,2,230.0,"2021-09-15","2021-09-29",14
895,184,240,"Brian Finnes",25,"Genderqueer","New Codyville","Victoria",318,"Mandarin Collar","Shirt","L","red",54,108.0,109.0,2,218.0,"2021-09-15","2021-09-29",14
896,185,945,"Lorilyn Vittet",48,"Non-binary","Stantonmouth","Australian Capital Territory",360,"Henley","Shirt","XS","yellow",42,92.0,94.0,3,282.0,"2021-04-06","2021-04-20",14
897,185,945,"Lorilyn Vittet",48,"Non-binary","Stantonmouth","Australian Capital Territory",1145,"Cargo Pants","Trousers","XS","indigo",51,106.0,102.0,1,102.0,"2021-04-06","2021-04-20",14
898,185,945,"Lorilyn Vittet",48,"Non-binary","Stantonmouth","Australian Capital Territory",469,"Puffer","Jacket","XL","yellow",65,110.0,118.0,2,236.0,"2021-04-06","2021-04-20",14
899,185,945,"Lorilyn Vittet",48,"Non-binary","Stantonmouth","Australian Capital Territory",406,"Casual Slim Fit","Shirt","S","blue",75,113.0,119.0,3,357.0,"2021-04-06","2021-04-20",14
900,185,945,"Lorilyn Vittet",48,"Non-binary","Stantonmouth","Australian Capital Territory",411,"Casual Slim Fit","Shirt","S","indigo",65,113.0,119.0,2,238.0,"2021-04-06","2021-04-20",14
901,185,945,"Lorilyn Vittet",48,"Non-binary","Stantonmouth","Australian Capital Territory",249,"Polo","Shirt","XL","red",76,117.0,95.0,1,95.0,"2021-04-06","2021-04-20",14
902,185,945,"Lorilyn Vittet",48,"Non-binary","Stantonmouth","Australian Capital Territory",55,"Dress","Shirt","XS","blue",41,119.0,104.0,3,312.0,"2021-04-06","2021-04-20",14
903,185,945,"Lorilyn Vittet",48,"Non-binary","Stantonmouth","Australian Capital Territory",948,"Slim-Fit","Trousers","L","red",80,119.0,97.0,2,194.0,"2021-04-06","2021-04-20",14
904,185,945,"Lorilyn Vittet",48,"Non-binary","Stantonmouth","Australian Capital Territory",1057,"Joggers","Trousers","M","orange",52,94.0,93.0,3,279.0,"2021-04-06","2021-04-20",14
905,186,833,"Hilliard Papes",27,"Genderqueer","Jaspermouth","Western Australia",316,"Mandarin Collar","Shirt","S","red",48,108.0,109.0,2,218.0,"2021-09-26","2021-10-14",18
906,186,833,"Hilliard Papes",27,"Genderqueer","Jaspermouth","Western Australia",642,"Coach","Jacket","M","yellow",48,115.0,93.0,2,186.0,"2021-09-26","2021-10-14",18
907,186,833,"Hilliard Papes",27,"Genderqueer","Jaspermouth","Western Australia",759,"Peacoat","Jacket","XL","blue",77,102.0,109.0,2,218.0,"2021-09-26","2021-10-14",18
908,186,833,"Hilliard Papes",27,"Genderqueer","Jaspermouth","Western Australia",1208,"Pleated","Trousers","L","green",47,90.0,105.0,2,210.0,"2021-09-26","2021-10-14",18
909,186,833,"Hilliard Papes",27,"Genderqueer","Jaspermouth","Western Australia",617,"Cardigan","Jacket","M","blue",57,118.0,112.0,1,112.0,"2021-09-26","2021-10-14",18
910,186,833,"Hilliard Papes",27,"Genderqueer","Jaspermouth","Western Australia",1038,"Relaxed Leg","Trousers","L","blue",61,95.0,90.0,1,90.0,"2021-09-26","2021-10-14",18
911,187,401,"Waylen Swallwell",73,"Non-binary","Sarahstad","Western Australia",129,"Denim","Shirt","XL","blue",73,115.0,92.0,3,276.0,"2021-01-10","2021-01-19",9
912,187,401,"Waylen Swallwell",73,"Non-binary","Sarahstad","Western Australia",95,"Flannel","Shirt","XS","indigo",46,96.0,118.0,3,354.0,"2021-01-10","2021-01-19",9
913,187,401,"Waylen Swallwell",73,"Non-binary","Sarahstad","Western Australia",66,"Dress","Shirt","S","violet",69,119.0,104.0,1,104.0,"2021-01-10","2021-01-19",9
914,187,401,"Waylen Swallwell",73,"Non-binary","Sarahstad","Western Australia",644,"Coach","Jacket","XL","yellow",68,115.0,93.0,3,279.0,"2021-01-10","2021-01-19",9
915,187,401,"Waylen Swallwell",73,"Non-binary","Sarahstad","Western Australia",771,"Pullover","Jacket","S","red",46,114.0,91.0,2,182.0,"2021-01-10","2021-01-19",9
916,188,571,"Kristofor Roos",22,"Agender","Jordanside","Australian Capital Territory",961,"Slim-Fit","Trousers","S","green",70,119.0,97.0,3,291.0,"2021-04-10","2021-04-22",12
917,188,571,"Kristofor Roos",22,"Agender","Jordanside","Australian Capital Territory",1246,"Tracksuit Bottoms","Trousers","S","blue",48,91.0,112.0,3,336.0,"2021-04-10","2021-04-22",12
918,188,571,"Kristofor Roos",22,"Agender","Jordanside","Australian Capital Territory",1109,"Cropped","Trousers","XL","blue",51,99.0,115.0,1,115.0,"2021-04-10","2021-04-22",12
919,189,586,"Wenona Stuck",34,"Agender","Hallhaven","New South Wales",214,"Chambray","Shirt","XL","red",42,105.0,106.0,1,106.0,"2021-07-17","2021-08-08",22
920,189,586,"Wenona Stuck",34,"Agender","Hallhaven","New South Wales",668,"Parka","Jacket","L","red",73,119.0,113.0,1,113.0,"2021-07-17","2021-08-08",22
921,189,586,"Wenona Stuck",34,"Agender","Hallhaven","New South Wales",179,"Camp Collared","Shirt","XL","red",79,112.0,98.0,2,196.0,"2021-07-17","2021-08-08",22
922,189,586,"Wenona Stuck",34,"Agender","Hallhaven","New South Wales",877,"Cords","Trousers","M","red",68,113.0,94.0,2,188.0,"2021-07-17","2021-08-08",22
923,190,421,"Kellyann Stening",62,"Genderfluid","North Baileyside","Australian Capital Territory",431,"Denim","Jacket","S","yellow",43,92.0,107.0,3,321.0,"2021-02-01","2021-02-17",16
924,191,18,"Chan Duchesne",79,"Male","Walterland","New South Wales",219,"Chambray","Shirt","XL","orange",57,105.0,106.0,1,106.0,"2021-01-22","2021-02-15",24
925,191,18,"Chan Duchesne",79,"Male","Walterland","New South Wales",1077,"Joggers","Trousers","M","indigo",66,94.0,93.0,2,186.0,"2021-01-22","2021-02-15",24
926,191,18,"Chan Duchesne",79,"Male","Walterland","New South Wales",130,"Denim","Shirt","XS","indigo",79,115.0,92.0,2,184.0,"2021-01-22","2021-02-15",24
927,191,18,"Chan Duchesne",79,"Male","Walterland","New South Wales",74,"Flannel","Shirt","XL","red",72,96.0,118.0,1,118.0,"2021-01-22","2021-02-15",24
928,191,18,"Chan Duchesne",79,"Male","Walterland","New South Wales",23,"Oxford Cloth","Shirt","L","blue",59,114.0,96.0,2,192.0,"2021-01-22","2021-02-15",24
929,191,18,"Chan Duchesne",79,"Male","Walterland","New South Wales",282,"Cuban Collar","Shirt","M","red",53,93.0,105.0,1,105.0,"2021-01-22","2021-02-15",24
930,192,842,"Millicent Stedson",70,"Polygender","Port Kiara","Western Australia",863,"Chinos","Trousers","L","blue",46,100.0,113.0,2,226.0,"2021-02-06","2021-02-19",13
931,192,842,"Millicent Stedson",70,"Polygender","Port Kiara","Western Australia",390,"Casual Slim Fit","Shirt","XS","orange",43,113.0,119.0,3,357.0,"2021-02-06","2021-02-19",13
932,192,842,"Millicent Stedson",70,"Polygender","Port Kiara","Western Australia",990,"Wool","Trousers","XS","yellow",67,111.0,106.0,3,318.0,"2021-02-06","2021-02-19",13
933,192,842,"Millicent Stedson",70,"Polygender","Port Kiara","Western Australia",920,"Drawstring","Trousers","XS","yellow",41,104.0,96.0,3,288.0,"2021-02-06","2021-02-19",13
934,192,842,"Millicent Stedson",70,"Polygender","Port Kiara","Western Australia",9,"Oxford Cloth","Shirt","XL","orange",43,114.0,96.0,3,288.0,"2021-02-06","2021-02-19",13
935,192,842,"Millicent Stedson",70,"Polygender","Port Kiara","Western Australia",664,"Coach","Jacket","XL","violet",60,115.0,93.0,1,93.0,"2021-02-06","2021-02-19",13
936,192,842,"Millicent Stedson",70,"Polygender","Port Kiara","Western Australia",573,"Bomber","Jacket","L","yellow",54,90.0,100.0,3,300.0,"2021-02-06","2021-02-19",13
937,193,846,"Isidore Bleasdille",72,"Genderfluid","Davidtown","Victoria",1084,"Joggers","Trousers","XL","violet",40,94.0,93.0,2,186.0,"2021-06-06","2021-06-07",1
938,193,846,"Isidore Bleasdille",72,"Genderfluid","Davidtown","Victoria",63,"Dress","Shirt","L","indigo",71,119.0,104.0,3,312.0,"2021-06-06","2021-06-07",1
939,193,846,"Isidore Bleasdille",72,"Genderfluid","Davidtown","Victoria",396,"Casual Slim Fit","Shirt","S","yellow",45,113.0,119.0,2,238.0,"2021-06-06","2021-06-07",1
940,193,846,"Isidore Bleasdille",72,"Genderfluid","Davidtown","Victoria",762,"Peacoat","Jacket","M","indigo",52,102.0,109.0,1,109.0,"2021-06-06","2021-06-07",1
941,193,846,"Isidore Bleasdille",72,"Genderfluid","Davidtown","Victoria",593,"Bomber","Jacket","L","violet",68,90.0,100.0,2,200.0,"2021-06-06","2021-06-07",1
942,193,846,"Isidore Bleasdille",72,"Genderfluid","Davidtown","Victoria",1061,"Joggers","Trousers","S","yellow",76,94.0,93.0,2,186.0,"2021-06-06","2021-06-07",1
943,193,846,"Isidore Bleasdille",72,"Genderfluid","Davidtown","Victoria",656,"Coach","Jacket","S","indigo",78,115.0,93.0,3,279.0,"2021-06-06","2021-06-07",1
944,193,846,"Isidore Bleasdille",72,"Genderfluid","Davidtown","Victoria",727,"Trench Coat","Jacket","M","indigo",42,112.0,119.0,1,119.0,"2021-06-06","2021-06-07",1
945,194,415,"Ashley Gant",40,"Polygender","Dietrichville","South Australia",371,"Henley","Shirt","S","blue",75,92.0,94.0,1,94.0,"2021-10-23","2021-11-03",11
946,194,415,"Ashley Gant",40,"Polygender","Dietrichville","South Australia",303,"Cuban Collar","Shirt","L","blue",65,93.0,105.0,3,315.0,"2021-10-23","2021-11-03",11
947,194,415,"Ashley Gant",40,"Polygender","Dietrichville","South Australia",954,"Slim-Fit","Trousers","XL","orange",78,119.0,97.0,1,97.0,"2021-10-23","2021-11-03",11
948,194,415,"Ashley Gant",40,"Polygender","Dietrichville","South Australia",893,"Cords","Trousers","L","green",62,113.0,94.0,1,94.0,"2021-10-23","2021-11-03",11
949,194,415,"Ashley Gant",40,"Polygender","Dietrichville","South Australia",25,"Oxford Cloth","Shirt","XS","indigo",61,114.0,96.0,1,96.0,"2021-10-23","2021-11-03",11
950,194,415,"Ashley Gant",40,"Polygender","Dietrichville","South Australia",179,"Camp Collared","Shirt","XL","red",79,112.0,98.0,3,294.0,"2021-10-23","2021-11-03",11
951,194,415,"Ashley Gant",40,"Polygender","Dietrichville","South Australia",71,"Flannel","Shirt","S","red",59,96.0,118.0,3,354.0,"2021-10-23","2021-11-03",11
952,195,92,"Hillary Guiness",27,"Agender","Harrismouth","Queensland",495,"Windbreaker","Jacket","XS","orange",70,109.0,102.0,3,306.0,"2021-04-13","2021-04-17",4
953,195,92,"Hillary Guiness",27,"Agender","Harrismouth","Queensland",1212,"Pleated","Trousers","M","blue",66,90.0,105.0,2,210.0,"2021-04-13","2021-04-17",4
954,195,92,"Hillary Guiness",27,"Agender","Harrismouth","Queensland",370,"Henley","Shirt","XS","blue",61,92.0,94.0,2,188.0,"2021-04-13","2021-04-17",4
955,196,630,"Nicholle Coom",49,"Male","New Madisonborough","Victoria",1053,"Joggers","Trousers","L","red",63,94.0,93.0,3,279.0,"2021-10-22","2021-11-16",25
956,196,630,"Nicholle Coom",49,"Male","New Madisonborough","Victoria",948,"Slim-Fit","Trousers","L","red",80,119.0,97.0,2,194.0,"2021-10-22","2021-11-16",25
957,196,630,"Nicholle Coom",49,"Male","New Madisonborough","Victoria",1127,"Cargo Pants","Trousers","M","orange",51,106.0,102.0,1,102.0,"2021-10-22","2021-11-16",25
958,196,630,"Nicholle Coom",49,"Male","New Madisonborough","Victoria",750,"Peacoat","Jacket","XS","green",61,102.0,109.0,1,109.0,"2021-10-22","2021-11-16",25
959,196,630,"Nicholle Coom",49,"Male","New Madisonborough","Victoria",239,"Chambray","Shirt","XL","indigo",61,105.0,106.0,3,318.0,"2021-10-22","2021-11-16",25
960,196,630,"Nicholle Coom",49,"Male","New Madisonborough","Victoria",306,"Cuban Collar","Shirt","S","indigo",41,93.0,105.0,2,210.0,"2021-10-22","2021-11-16",25
961,197,110,"Giralda Trewin",65,"Genderfluid","Bartolettifurt","Western Australia",1065,"Joggers","Trousers","XS","green",77,94.0,93.0,1,93.0,"2021-04-30","2021-05-01",1
962,197,110,"Giralda Trewin",65,"Genderfluid","Bartolettifurt","Western Australia",1244,"Tracksuit Bottoms","Trousers","XL","green",49,91.0,112.0,2,224.0,"2021-04-30","2021-05-01",1
963,197,110,"Giralda Trewin",65,"Genderfluid","Bartolettifurt","Western Australia",697,"Parka","Jacket","M","violet",75,119.0,113.0,2,226.0,"2021-04-30","2021-05-01",1
964,197,110,"Giralda Trewin",65,"Genderfluid","Bartolettifurt","Western Australia",254,"Polo","Shirt","XL","orange",43,117.0,95.0,3,285.0,"2021-04-30","2021-05-01",1
965,197,110,"Giralda Trewin",65,"Genderfluid","Bartolettifurt","Western Australia",864,"Chinos","Trousers","XL","blue",48,100.0,113.0,1,113.0,"2021-04-30","2021-05-01",1
966,198,640,"Uriel Cottingham",49,"Genderqueer","Lincolnchester","Queensland",172,"Linen","Shirt","M","violet",44,116.0,91.0,3,273.0,"2021-08-31","2021-09-13",13
967,198,640,"Uriel Cottingham",49,"Genderqueer","Lincolnchester","Queensland",204,"Camp Collared","Shirt","XL","indigo",42,112.0,98.0,2,196.0,"2021-08-31","2021-09-13",13
968,198,640,"Uriel Cottingham",49,"Genderqueer","Lincolnchester","Queensland",1259,"Tracksuit Bottoms","Trousers","XL","violet",60,91.0,112.0,2,224.0,"2021-08-31","2021-09-13",13
969,199,206,"Crin Johnikin",66,"Polygender","South Clairetown","Queensland",78,"Flannel","Shirt","L","orange",59,96.0,118.0,2,236.0,"2021-05-17","2021-05-18",1
970,199,206,"Crin Johnikin",66,"Polygender","South Clairetown","Queensland",1057,"Joggers","Trousers","M","orange",52,94.0,93.0,3,279.0,"2021-05-17","2021-05-18",1
971,199,206,"Crin Johnikin",66,"Polygender","South Clairetown","Queensland",655,"Coach","Jacket","XS","indigo",42,115.0,93.0,3,279.0,"2021-05-17","2021-05-18",1
972,199,206,"Crin Johnikin",66,"Polygender","South Clairetown","Queensland",249,"Polo","Shirt","XL","red",76,117.0,95.0,3,285.0,"2021-05-17","2021-05-18",1
973,200,15,"Avril Rossiter",34,"Genderfluid","Kiehnburgh","Western Australia",758,"Peacoat","Jacket","L","blue",64,102.0,109.0,3,327.0,"2021-08-24","2021-09-07",14
974,200,15,"Avril Rossiter",34,"Genderfluid","Kiehnburgh","Western Australia",1158,"High-Waisted","Trousers","L","red",52,98.0,99.0,2,198.0,"2021-08-24","2021-09-07",14
975,200,15,"Avril Rossiter",34,"Genderfluid","Kiehnburgh","Western Australia",964,"Slim-Fit","Trousers","XL","green",67,119.0,97.0,2,194.0,"2021-08-24","2021-09-07",14
976,200,15,"Avril Rossiter",34,"Genderfluid","Kiehnburgh","Western Australia",135,"Denim","Shirt","XS","violet",73,115.0,92.0,2,184.0,"2021-08-24","2021-09-07",14
977,200,15,"Avril Rossiter",34,"Genderfluid","Kiehnburgh","Western Australia",842,"Chinos","Trousers","M","red",54,100.0,113.0,3,339.0,"2021-08-24","2021-09-07",14
978,200,15,"Avril Rossiter",34,"Genderfluid","Kiehnburgh","Western Australia",992,"Wool","Trousers","M","yellow",43,111.0,106.0,1,106.0,"2021-08-24","2021-09-07",14
979,201,325,"Robinetta Deners",68,"Genderqueer","West Claudia","South Australia",974,"Slim-Fit","Trousers","XL","indigo",66,119.0,97.0,3,291.0,"2021-05-26","2021-06-18",23
980,201,325,"Robinetta Deners",68,"Genderqueer","West Claudia","South Australia",1085,"Cropped","Trousers","XS","red",75,99.0,115.0,2,230.0,"2021-05-26","2021-06-18",23
981,201,325,"Robinetta Deners",68,"Genderqueer","West Claudia","South Australia",451,"Denim","Jacket","S","violet",73,92.0,107.0,2,214.0,"2021-05-26","2021-06-18",23
982,201,325,"Robinetta Deners",68,"Genderqueer","West Claudia","South Australia",27,"Oxford Cloth","Shirt","M","indigo",62,114.0,96.0,2,192.0,"2021-05-26","2021-06-18",23
983,201,325,"Robinetta Deners",68,"Genderqueer","West Claudia","South Australia",486,"Puffer","Jacket","S","violet",46,110.0,118.0,1,118.0,"2021-05-26","2021-06-18",23
984,202,129,"Beatrisa Winterscale",68,"Non-binary","Port Harrychester","Western Australia",104,"Flannel","Shirt","XL","violet",43,96.0,118.0,3,354.0,"2021-04-15","2021-04-22",7
985,202,129,"Beatrisa Winterscale",68,"Non-binary","Port Harrychester","Western Australia",182,"Camp Collared","Shirt","M","orange",65,112.0,98.0,3,294.0,"2021-04-15","2021-04-22",7
986,202,129,"Beatrisa Winterscale",68,"Non-binary","Port Harrychester","Western Australia",1177,"High-Waisted","Trousers","M","blue",52,98.0,99.0,1,99.0,"2021-04-15","2021-04-22",7
987,202,129,"Beatrisa Winterscale",68,"Non-binary","Port Harrychester","Western Australia",174,"Linen","Shirt","XL","violet",73,116.0,91.0,3,273.0,"2021-04-15","2021-04-22",7
988,202,129,"Beatrisa Winterscale",68,"Non-binary","Port Harrychester","Western Australia",224,"Chambray","Shirt","XL","yellow",53,105.0,106.0,1,106.0,"2021-04-15","2021-04-22",7
989,202,129,"Beatrisa Winterscale",68,"Non-binary","Port Harrychester","Western Australia",860,"Chinos","Trousers","XS","blue",69,100.0,113.0,1,113.0,"2021-04-15","2021-04-22",7
990,203,369,"Ephrem Hambers",46,"Female","New Stellastad","Australian Capital Territory",574,"Bomber","Jacket","XL","yellow",50,90.0,100.0,1,100.0,"2021-06-21","2021-07-11",20
991,203,369,"Ephrem Hambers",46,"Female","New Stellastad","Australian Capital Territory",1058,"Joggers","Trousers","L","orange",49,94.0,93.0,2,186.0,"2021-06-21","2021-07-11",20
992,203,369,"Ephrem Hambers",46,"Female","New Stellastad","Australian Capital Territory",1170,"High-Waisted","Trousers","XS","green",42,98.0,99.0,2,198.0,"2021-06-21","2021-07-11",20
993,203,369,"Ephrem Hambers",46,"Female","New Stellastad","Australian Capital Territory",1229,"Tracksuit Bottoms","Trousers","XL","red",45,91.0,112.0,1,112.0,"2021-06-21","2021-07-11",20
994,203,369,"Ephrem Hambers",46,"Female","New Stellastad","Australian Capital Territory",1104,"Cropped","Trousers","XL","green",49,99.0,115.0,3,345.0,"2021-06-21","2021-07-11",20
995,204,568,"Gallard Mangan",64,"Bigender","Chloeville","Tasmania",879,"Cords","Trousers","XL","red",80,113.0,94.0,1,94.0,"2021-09-30","2021-10-10",10
996,204,568,"Gallard Mangan",64,"Bigender","Chloeville","Tasmania",325,"Mandarin Collar","Shirt","XS","yellow",45,108.0,109.0,2,218.0,"2021-09-30","2021-10-10",10
997,204,568,"Gallard Mangan",64,"Bigender","Chloeville","Tasmania",649,"Coach","Jacket","XL","green",48,115.0,93.0,1,93.0,"2021-09-30","2021-10-10",10
998,204,568,"Gallard Mangan",64,"Bigender","Chloeville","Tasmania",484,"Puffer","Jacket","XL","indigo",60,110.0,118.0,2,236.0,"2021-09-30","2021-10-10",10
999,205,267,"Lionel Mansel",45,"Bigender","Lukefurt","Western Australia",502,"Windbreaker","Jacket","M","yellow",52,109.0,102.0,2,204.0,"2021-02-03","2021-02-04",1
1000,205,267,"Lionel Mansel",45,"Bigender","Lukefurt","Western Australia",506,"Windbreaker","Jacket","S","green",65,109.0,102.0,2,204.0,"2021-02-03","2021-02-04",1
1001,205,267,"Lionel Mansel",45,"Bigender","Lukefurt","Western Australia",230,"Chambray","Shirt","XS","blue",76,105.0,106.0,1,106.0,"2021-02-03","2021-02-04",1
1002,206,654,"Gareth Bindon",42,"Female","West Sebastianfort","Victoria",249,"Polo","Shirt","XL","red",76,117.0,95.0,1,95.0,"2021-06-01","2021-06-16",15
1003,206,654,"Gareth Bindon",42,"Female","West Sebastianfort","Victoria",66,"Dress","Shirt","S","violet",69,119.0,104.0,3,312.0,"2021-06-01","2021-06-16",15
1004,206,654,"Gareth Bindon",42,"Female","West Sebastianfort","Victoria",340,"Mandarin Collar","Shirt","XS","indigo",80,108.0,109.0,2,218.0,"2021-06-01","2021-06-16",15
1005,206,654,"Gareth Bindon",42,"Female","West Sebastianfort","Victoria",541,"Leather","Jacket","S","green",77,113.0,98.0,2,196.0,"2021-06-01","2021-06-16",15
1006,206,654,"Gareth Bindon",42,"Female","West Sebastianfort","Victoria",912,"Drawstring","Trousers","M","red",70,104.0,96.0,1,96.0,"2021-06-01","2021-06-16",15
1007,206,654,"Gareth Bindon",42,"Female","West Sebastianfort","Victoria",553,"Leather","Jacket","L","indigo",79,113.0,98.0,3,294.0,"2021-06-01","2021-06-16",15
1008,207,644,"Ashlie Godwyn",46,"Polygender","Baileyberg","Western Australia",403,"Casual Slim Fit","Shirt","L","green",54,113.0,119.0,1,119.0,"2021-09-25","2021-09-28",3
1009,207,644,"Ashlie Godwyn",46,"Polygender","Baileyberg","Western Australia",327,"Mandarin Collar","Shirt","M","yellow",58,108.0,109.0,3,327.0,"2021-09-25","2021-09-28",3
1010,207,644,"Ashlie Godwyn",46,"Polygender","Baileyberg","Western Australia",1017,"Relaxed Leg","Trousers","M","red",56,95.0,90.0,1,90.0,"2021-09-25","2021-09-28",3
1011,207,644,"Ashlie Godwyn",46,"Polygender","Baileyberg","Western Australia",839,"Shearling","Jacket","XL","violet",70,95.0,117.0,2,234.0,"2021-09-25","2021-09-28",3
1012,208,28,"Hadley Baddam",79,"Non-binary","West Noah","Queensland",501,"Windbreaker","Jacket","S","yellow",66,109.0,102.0,2,204.0,"2021-10-10","2021-10-15",5
1013,208,28,"Hadley Baddam",79,"Non-binary","West Noah","Queensland",231,"Chambray","Shirt","S","blue",61,105.0,106.0,2,212.0,"2021-10-10","2021-10-15",5
1014,208,28,"Hadley Baddam",79,"Non-binary","West Noah","Queensland",895,"Cords","Trousers","XS","blue",60,113.0,94.0,1,94.0,"2021-10-10","2021-10-15",5
1015,208,28,"Hadley Baddam",79,"Non-binary","West Noah","Queensland",744,"Peacoat","Jacket","XL","orange",69,102.0,109.0,1,109.0,"2021-10-10","2021-10-15",5
1016,208,28,"Hadley Baddam",79,"Non-binary","West Noah","Queensland",1006,"Wool","Trousers","S","indigo",45,111.0,106.0,1,106.0,"2021-10-10","2021-10-15",5
1017,208,28,"Hadley Baddam",79,"Non-binary","West Noah","Queensland",486,"Puffer","Jacket","S","violet",46,110.0,118.0,3,354.0,"2021-10-10","2021-10-15",5
1018,209,292,"Aldin Moline",25,"Male","West Aidenview","Victoria",837,"Shearling","Jacket","M","violet",74,95.0,117.0,1,117.0,"2021-05-08","2021-05-20",12
1019,209,292,"Aldin Moline",25,"Male","West Aidenview","Victoria",428,"Denim","Jacket","L","orange",73,92.0,107.0,2,214.0,"2021-05-08","2021-05-20",12
1020,209,292,"Aldin Moline",25,"Male","West Aidenview","Victoria",1220,"Pleated","Trousers","XS","violet",58,90.0,105.0,1,105.0,"2021-05-08","2021-05-20",12
1021,209,292,"Aldin Moline",25,"Male","West Aidenview","Victoria",29,"Oxford Cloth","Shirt","XL","indigo",55,114.0,96.0,2,192.0,"2021-05-08","2021-05-20",12
1022,210,723,"Drusi Eagell",34,"Polygender","Lake Mitchellbury","Australian Capital Territory",412,"Casual Slim Fit","Shirt","M","indigo",65,113.0,119.0,3,357.0,"2021-07-22","2021-08-18",27
1023,210,723,"Drusi Eagell",34,"Polygender","Lake Mitchellbury","Australian Capital Territory",546,"Leather","Jacket","S","blue",75,113.0,98.0,3,294.0,"2021-07-22","2021-08-18",27
1024,211,515,"Joannes Pandie",52,"Female","Huelhaven","Australian Capital Territory",1253,"Tracksuit Bottoms","Trousers","L","indigo",50,91.0,112.0,2,224.0,"2021-05-09","2021-05-17",8
1025,211,515,"Joannes Pandie",52,"Female","Huelhaven","Australian Capital Territory",430,"Denim","Jacket","XS","yellow",52,92.0,107.0,2,214.0,"2021-05-09","2021-05-17",8
1026,211,515,"Joannes Pandie",52,"Female","Huelhaven","Australian Capital Territory",152,"Linen","Shirt","M","yellow",59,116.0,91.0,3,273.0,"2021-05-09","2021-05-17",8
1027,211,515,"Joannes Pandie",52,"Female","Huelhaven","Australian Capital Territory",519,"Windbreaker","Jacket","XL","indigo",60,109.0,102.0,1,102.0,"2021-05-09","2021-05-17",8
1028,211,515,"Joannes Pandie",52,"Female","Huelhaven","Australian Capital Territory",573,"Bomber","Jacket","L","yellow",54,90.0,100.0,3,300.0,"2021-05-09","2021-05-17",8
1029,212,62,"Denice Ledrane",32,"Bigender","New Beaumouth","Australian Capital Territory",1087,"Cropped","Trousers","M","red",50,99.0,115.0,3,345.0,"2021-10-14","2021-11-08",25
1030,212,62,"Denice Ledrane",32,"Bigender","New Beaumouth","Australian Capital Territory",317,"Mandarin Collar","Shirt","M","red",60,108.0,109.0,3,327.0,"2021-10-14","2021-11-08",25
1031,212,62,"Denice Ledrane",32,"Bigender","New Beaumouth","Australian Capital Territory",627,"Cardigan","Jacket","M","violet",75,118.0,112.0,1,112.0,"2021-10-14","2021-11-08",25
1032,212,62,"Denice Ledrane",32,"Bigender","New Beaumouth","Australian Capital Territory",517,"Windbreaker","Jacket","M","indigo",56,109.0,102.0,2,204.0,"2021-10-14","2021-11-08",25
1033,212,62,"Denice Ledrane",32,"Bigender","New Beaumouth","Australian Capital Territory",1174,"High-Waisted","Trousers","XL","green",78,98.0,99.0,1,99.0,"2021-10-14","2021-11-08",25
1034,212,62,"Denice Ledrane",32,"Bigender","New Beaumouth","Australian Capital Territory",362,"Henley","Shirt","M","yellow",71,92.0,94.0,3,282.0,"2021-10-14","2021-11-08",25
1035,212,62,"Denice Ledrane",32,"Bigender","New Beaumouth","Australian Capital Territory",172,"Linen","Shirt","M","violet",44,116.0,91.0,2,182.0,"2021-10-14","2021-11-08",25
1036,212,62,"Denice Ledrane",32,"Bigender","New Beaumouth","Australian Capital Territory",1006,"Wool","Trousers","S","indigo",45,111.0,106.0,1,106.0,"2021-10-14","2021-11-08",25
1037,213,678,"Dare Andrich",79,"Agender","East Alex","New South Wales",262,"Polo","Shirt","M","green",62,117.0,95.0,3,285.0,"2021-09-14","2021-09-27",13
1038,213,678,"Dare Andrich",79,"Agender","East Alex","New South Wales",907,"Cords","Trousers","M","violet",77,113.0,94.0,1,94.0,"2021-09-14","2021-09-27",13
1039,213,678,"Dare Andrich",79,"Agender","East Alex","New South Wales",759,"Peacoat","Jacket","XL","blue",77,102.0,109.0,3,327.0,"2021-09-14","2021-09-27",13
1040,213,678,"Dare Andrich",79,"Agender","East Alex","New South Wales",1007,"Wool","Trousers","M","indigo",56,111.0,106.0,2,212.0,"2021-09-14","2021-09-27",13
1041,213,678,"Dare Andrich",79,"Agender","East Alex","New South Wales",737,"Peacoat","Jacket","M","red",59,102.0,109.0,1,109.0,"2021-09-14","2021-09-27",13
1042,213,678,"Dare Andrich",79,"Agender","East Alex","New South Wales",55,"Dress","Shirt","XS","blue",41,119.0,104.0,1,104.0,"2021-09-14","2021-09-27",13
1043,213,678,"Dare Andrich",79,"Agender","East Alex","New South Wales",522,"Windbreaker","Jacket","M","violet",64,109.0,102.0,3,306.0,"2021-09-14","2021-09-27",13
1044,214,288,"Matilde Yanuk",24,"Male","Reillyfurt","Victoria",667,"Parka","Jacket","M","red",56,119.0,113.0,3,339.0,"2021-06-20","2021-07-09",19
1045,214,288,"Matilde Yanuk",24,"Male","Reillyfurt","Victoria",1111,"Cropped","Trousers","S","indigo",65,99.0,115.0,1,115.0,"2021-06-20","2021-07-09",19
1046,214,288,"Matilde Yanuk",24,"Male","Reillyfurt","Victoria",415,"Casual Slim Fit","Shirt","XS","violet",55,113.0,119.0,1,119.0,"2021-06-20","2021-07-09",19
1047,214,288,"Matilde Yanuk",24,"Male","Reillyfurt","Victoria",740,"Peacoat","Jacket","XS","orange",78,102.0,109.0,1,109.0,"2021-06-20","2021-07-09",19
1048,215,526,"Ellyn Collacombe",73,"Male","Adamsside","Tasmania",207,"Camp Collared","Shirt","M","violet",41,112.0,98.0,1,98.0,"2021-08-10","2021-08-20",10
1049,215,526,"Ellyn Collacombe",73,"Male","Adamsside","Tasmania",618,"Cardigan","Jacket","L","blue",68,118.0,112.0,2,224.0,"2021-08-10","2021-08-20",10
1050,215,526,"Ellyn Collacombe",73,"Male","Adamsside","Tasmania",780,"Pullover","Jacket","XS","yellow",65,114.0,91.0,3,273.0,"2021-08-10","2021-08-20",10
1051,215,526,"Ellyn Collacombe",73,"Male","Adamsside","Tasmania",793,"Pullover","Jacket","L","blue",66,114.0,91.0,2,182.0,"2021-08-10","2021-08-20",10
1052,216,865,"Ondrea Apark",44,"Agender","North Riley","Victoria",370,"Henley","Shirt","XS","blue",61,92.0,94.0,1,94.0,"2021-04-16","2021-05-04",18
1053,216,865,"Ondrea Apark",44,"Agender","North Riley","Victoria",118,"Denim","Shirt","L","yellow",75,115.0,92.0,1,92.0,"2021-04-16","2021-05-04",18
1054,216,865,"Ondrea Apark",44,"Agender","North Riley","Victoria",731,"Trench Coat","Jacket","S","violet",69,112.0,119.0,2,238.0,"2021-04-16","2021-05-04",18
1055,216,865,"Ondrea Apark",44,"Agender","North Riley","Victoria",303,"Cuban Collar","Shirt","L","blue",65,93.0,105.0,1,105.0,"2021-04-16","2021-05-04",18
1056,216,865,"Ondrea Apark",44,"Agender","North Riley","Victoria",493,"Windbreaker","Jacket","L","red",40,109.0,102.0,3,306.0,"2021-04-16","2021-05-04",18
1057,217,234,"Duncan Walliker",37,"Genderfluid","West Zoe","Victoria",1149,"Cargo Pants","Trousers","XL","indigo",64,106.0,102.0,3,306.0,"2021-07-18","2021-07-31",13
1058,217,234,"Duncan Walliker",37,"Genderfluid","West Zoe","Victoria",865,"Chinos","Trousers","XS","indigo",61,100.0,113.0,1,113.0,"2021-07-18","2021-07-31",13
1059,217,234,"Duncan Walliker",37,"Genderfluid","West Zoe","Victoria",871,"Chinos","Trousers","S","violet",64,100.0,113.0,3,339.0,"2021-07-18","2021-07-31",13
1060,217,234,"Duncan Walliker",37,"Genderfluid","West Zoe","Victoria",245,"Polo","Shirt","XS","red",40,117.0,95.0,2,190.0,"2021-07-18","2021-07-31",13
1061,217,234,"Duncan Walliker",37,"Genderfluid","West Zoe","Victoria",277,"Polo","Shirt","M","violet",77,117.0,95.0,3,285.0,"2021-07-18","2021-07-31",13
1062,217,234,"Duncan Walliker",37,"Genderfluid","West Zoe","Victoria",1058,"Joggers","Trousers","L","orange",49,94.0,93.0,1,93.0,"2021-07-18","2021-07-31",13
1063,217,234,"Duncan Walliker",37,"Genderfluid","West Zoe","Victoria",1029,"Relaxed Leg","Trousers","XL","yellow",54,95.0,90.0,3,270.0,"2021-07-18","2021-07-31",13
1064,218,606,"Averyl Atthow",53,"Polygender","Calebville","New South Wales",360,"Henley","Shirt","XS","yellow",42,92.0,94.0,1,94.0,"2021-07-12","2021-07-20",8
1065,218,606,"Averyl Atthow",53,"Polygender","Calebville","New South Wales",478,"Puffer","Jacket","L","blue",48,110.0,118.0,2,236.0,"2021-07-12","2021-07-20",8
1066,218,606,"Averyl Atthow",53,"Polygender","Calebville","New South Wales",1219,"Pleated","Trousers","XL","indigo",45,90.0,105.0,3,315.0,"2021-07-12","2021-07-20",8
1067,219,667,"Annice Kelcey",30,"Polygender","New Beau","Victoria",279,"Polo","Shirt","XL","violet",79,117.0,95.0,2,190.0,"2021-01-05","2021-01-10",5
1068,219,667,"Annice Kelcey",30,"Polygender","New Beau","Victoria",872,"Chinos","Trousers","M","violet",54,100.0,113.0,1,113.0,"2021-01-05","2021-01-10",5
1069,219,667,"Annice Kelcey",30,"Polygender","New Beau","Victoria",288,"Cuban Collar","Shirt","L","orange",65,93.0,105.0,1,105.0,"2021-01-05","2021-01-10",5
1070,219,667,"Annice Kelcey",30,"Polygender","New Beau","Victoria",956,"Slim-Fit","Trousers","S","yellow",54,119.0,97.0,1,97.0,"2021-01-05","2021-01-10",5
1071,220,555,"Kalil Thal",77,"Polygender","Lake Jacobborough","Victoria",878,"Cords","Trousers","L","red",53,113.0,94.0,2,188.0,"2021-10-10","2021-10-25",15
1072,220,555,"Kalil Thal",77,"Polygender","Lake Jacobborough","Victoria",1000,"Wool","Trousers","XS","blue",58,111.0,106.0,3,318.0,"2021-10-10","2021-10-25",15
1073,220,555,"Kalil Thal",77,"Polygender","Lake Jacobborough","Victoria",97,"Flannel","Shirt","M","indigo",69,96.0,118.0,1,118.0,"2021-10-10","2021-10-25",15
1074,220,555,"Kalil Thal",77,"Polygender","Lake Jacobborough","Victoria",472,"Puffer","Jacket","M","green",72,110.0,118.0,3,354.0,"2021-10-10","2021-10-25",15
1075,221,473,"Lori Briars",61,"Male","Annaton","South Australia",824,"Shearling","Jacket","XL","green",51,95.0,117.0,3,351.0,"2021-08-03","2021-08-17",14
1076,221,473,"Lori Briars",61,"Male","Annaton","South Australia",348,"Mandarin Collar","Shirt","L","violet",54,108.0,109.0,2,218.0,"2021-08-03","2021-08-17",14
1077,221,473,"Lori Briars",61,"Male","Annaton","South Australia",416,"Casual Slim Fit","Shirt","S","violet",50,113.0,119.0,3,357.0,"2021-08-03","2021-08-17",14
1078,221,473,"Lori Briars",61,"Male","Annaton","South Australia",700,"Trench Coat","Jacket","XS","red",78,112.0,119.0,1,119.0,"2021-08-03","2021-08-17",14
1079,222,368,"Mady Greenleaf",61,"Genderfluid","South Chelseaton","Australian Capital Territory",908,"Cords","Trousers","L","violet",74,113.0,94.0,3,282.0,"2021-09-08","2021-10-05",27
1080,222,368,"Mady Greenleaf",61,"Genderfluid","South Chelseaton","Australian Capital Territory",796,"Pullover","Jacket","S","indigo",44,114.0,91.0,2,182.0,"2021-09-08","2021-10-05",27
1081,222,368,"Mady Greenleaf",61,"Genderfluid","South Chelseaton","Australian Capital Territory",490,"Windbreaker","Jacket","XS","red",79,109.0,102.0,3,306.0,"2021-09-08","2021-10-05",27
1082,223,657,"Orran Skip",25,"Male","Port Eveland","South Australia",883,"Cords","Trousers","L","orange",74,113.0,94.0,3,282.0,"2021-03-23","2021-03-30",7
1083,223,657,"Orran Skip",25,"Male","Port Eveland","South Australia",373,"Henley","Shirt","L","blue",60,92.0,94.0,1,94.0,"2021-03-23","2021-03-30",7
1084,223,657,"Orran Skip",25,"Male","Port Eveland","South Australia",832,"Shearling","Jacket","M","indigo",74,95.0,117.0,1,117.0,"2021-03-23","2021-03-30",7
1085,223,657,"Orran Skip",25,"Male","Port Eveland","South Australia",13,"Oxford Cloth","Shirt","L","yellow",75,114.0,96.0,1,96.0,"2021-03-23","2021-03-30",7
1086,223,657,"Orran Skip",25,"Male","Port Eveland","South Australia",1117,"Cropped","Trousers","M","violet",47,99.0,115.0,3,345.0,"2021-03-23","2021-03-30",7
1087,223,657,"Orran Skip",25,"Male","Port Eveland","South Australia",91,"Flannel","Shirt","S","blue",43,96.0,118.0,2,236.0,"2021-03-23","2021-03-30",7
1088,223,657,"Orran Skip",25,"Male","Port Eveland","South Australia",583,"Bomber","Jacket","L","blue",64,90.0,100.0,3,300.0,"2021-03-23","2021-03-30",7
1089,224,628,"Frayda Simonini",75,"Non-binary","West Sophie","Northern Territory",449,"Denim","Jacket","XL","indigo",51,92.0,107.0,2,214.0,"2021-07-07","2021-08-02",26
1090,224,628,"Frayda Simonini",75,"Non-binary","West Sophie","Northern Territory",57,"Dress","Shirt","M","blue",48,119.0,104.0,2,208.0,"2021-07-07","2021-08-02",26
1091,224,628,"Frayda Simonini",75,"Non-binary","West Sophie","Northern Territory",179,"Camp Collared","Shirt","XL","red",79,112.0,98.0,3,294.0,"2021-07-07","2021-08-02",26
1092,224,628,"Frayda Simonini",75,"Non-binary","West Sophie","Northern Territory",516,"Windbreaker","Jacket","S","indigo",62,109.0,102.0,3,306.0,"2021-07-07","2021-08-02",26
1093,225,664,"Dannie Fidler",32,"Genderfluid","East Max","Tasmania",687,"Parka","Jacket","M","blue",54,119.0,113.0,2,226.0,"2021-10-04","2021-10-26",22
1094,225,664,"Dannie Fidler",32,"Genderfluid","East Max","Tasmania",382,"Henley","Shirt","M","violet",44,92.0,94.0,1,94.0,"2021-10-04","2021-10-26",22
1095,225,664,"Dannie Fidler",32,"Genderfluid","East Max","Tasmania",575,"Bomber","Jacket","XS","green",48,90.0,100.0,2,200.0,"2021-10-04","2021-10-26",22
1096,225,664,"Dannie Fidler",32,"Genderfluid","East Max","Tasmania",328,"Mandarin Collar","Shirt","L","yellow",78,108.0,109.0,2,218.0,"2021-10-04","2021-10-26",22
1097,225,664,"Dannie Fidler",32,"Genderfluid","East Max","Tasmania",318,"Mandarin Collar","Shirt","L","red",54,108.0,109.0,3,327.0,"2021-10-04","2021-10-26",22
1098,225,664,"Dannie Fidler",32,"Genderfluid","East Max","Tasmania",243,"Chambray","Shirt","L","violet",53,105.0,106.0,3,318.0,"2021-10-04","2021-10-26",22
1099,226,28,"Hadley Baddam",79,"Non-binary","West Noah","Queensland",711,"Trench Coat","Jacket","S","yellow",59,112.0,119.0,2,238.0,"2021-07-09","2021-07-23",14
1100,226,28,"Hadley Baddam",79,"Non-binary","West Noah","Queensland",1128,"Cargo Pants","Trousers","L","orange",78,106.0,102.0,3,306.0,"2021-07-09","2021-07-23",14
1101,226,28,"Hadley Baddam",79,"Non-binary","West Noah","Queensland",206,"Camp Collared","Shirt","S","violet",80,112.0,98.0,1,98.0,"2021-07-09","2021-07-23",14
1102,226,28,"Hadley Baddam",79,"Non-binary","West Noah","Queensland",972,"Slim-Fit","Trousers","M","indigo",67,119.0,97.0,1,97.0,"2021-07-09","2021-07-23",14
1103,226,28,"Hadley Baddam",79,"Non-binary","West Noah","Queensland",860,"Chinos","Trousers","XS","blue",69,100.0,113.0,3,339.0,"2021-07-09","2021-07-23",14
1104,226,28,"Hadley Baddam",79,"Non-binary","West Noah","Queensland",683,"Parka","Jacket","L","green",55,119.0,113.0,2,226.0,"2021-07-09","2021-07-23",14
1105,226,28,"Hadley Baddam",79,"Non-binary","West Noah","Queensland",900,"Cords","Trousers","XS","indigo",47,113.0,94.0,2,188.0,"2021-07-09","2021-07-23",14
1106,226,28,"Hadley Baddam",79,"Non-binary","West Noah","Queensland",512,"Windbreaker","Jacket","M","blue",70,109.0,102.0,2,204.0,"2021-07-09","2021-07-23",14
1107,226,28,"Hadley Baddam",79,"Non-binary","West Noah","Queensland",517,"Windbreaker","Jacket","M","indigo",56,109.0,102.0,1,102.0,"2021-07-09","2021-07-23",14
0,227,406,"Paige Uebel",59,"Agender","Clarkville","Victoria",0,"","","","",0,0.0,0.0,0,0.0,"2021-10-23","2021-11-19",27
1108,228,773,"Paxon O'Shiel",55,"Genderfluid","Thomasborough","New South Wales",478,"Puffer","Jacket","L","blue",48,110.0,118.0,3,354.0,"2021-01-06","2021-01-17",11
1109,228,773,"Paxon O'Shiel",55,"Genderfluid","Thomasborough","New South Wales",904,"Cords","Trousers","XL","indigo",70,113.0,94.0,1,94.0,"2021-01-06","2021-01-17",11
1110,228,773,"Paxon O'Shiel",55,"Genderfluid","Thomasborough","New South Wales",123,"Denim","Shirt","L","green",71,115.0,92.0,1,92.0,"2021-01-06","2021-01-17",11
1111,228,773,"Paxon O'Shiel",55,"Genderfluid","Thomasborough","New South Wales",1026,"Relaxed Leg","Trousers","S","yellow",43,95.0,90.0,3,270.0,"2021-01-06","2021-01-17",11
1112,228,773,"Paxon O'Shiel",55,"Genderfluid","Thomasborough","New South Wales",381,"Henley","Shirt","S","violet",43,92.0,94.0,2,188.0,"2021-01-06","2021-01-17",11
1113,229,107,"Sandy Yushachkov",35,"Genderfluid","Claudiaview","Western Australia",523,"Windbreaker","Jacket","L","violet",72,109.0,102.0,2,204.0,"2021-10-08","2021-10-20",12
1114,229,107,"Sandy Yushachkov",35,"Genderfluid","Claudiaview","Western Australia",695,"Parka","Jacket","XS","violet",59,119.0,113.0,1,113.0,"2021-10-08","2021-10-20",12
1115,229,107,"Sandy Yushachkov",35,"Genderfluid","Claudiaview","Western Australia",145,"Linen","Shirt","XS","orange",70,116.0,91.0,3,273.0,"2021-10-08","2021-10-20",12
1116,230,497,"Claudio Archibould",31,"Bigender","North Aidentown","Northern Territory",1146,"Cargo Pants","Trousers","S","indigo",48,106.0,102.0,1,102.0,"2021-08-31","2021-09-18",18
1117,230,497,"Claudio Archibould",31,"Bigender","North Aidentown","Northern Territory",51,"Dress","Shirt","S","green",60,119.0,104.0,1,104.0,"2021-08-31","2021-09-18",18
1118,230,497,"Claudio Archibould",31,"Bigender","North Aidentown","Northern Territory",657,"Coach","Jacket","M","indigo",64,115.0,93.0,1,93.0,"2021-08-31","2021-09-18",18
1119,231,731,"Olimpia Tankus",39,"Genderfluid","North Jessica","Western Australia",192,"Camp Collared","Shirt","M","green",41,112.0,98.0,2,196.0,"2021-03-20","2021-04-09",20
1120,231,731,"Olimpia Tankus",39,"Genderfluid","North Jessica","Western Australia",646,"Coach","Jacket","S","green",60,115.0,93.0,2,186.0,"2021-03-20","2021-04-09",20
1121,231,731,"Olimpia Tankus",39,"Genderfluid","North Jessica","Western Australia",1,"Oxford Cloth","Shirt","S","red",53,114.0,96.0,1,96.0,"2021-03-20","2021-04-09",20
1122,231,731,"Olimpia Tankus",39,"Genderfluid","North Jessica","Western Australia",740,"Peacoat","Jacket","XS","orange",78,102.0,109.0,1,109.0,"2021-03-20","2021-04-09",20
1123,231,731,"Olimpia Tankus",39,"Genderfluid","North Jessica","Western Australia",126,"Denim","Shirt","S","blue",47,115.0,92.0,2,184.0,"2021-03-20","2021-04-09",20
1124,232,256,"Dulcia Gawthorpe",46,"Bigender","North Lillian","Australian Capital Territory",794,"Pullover","Jacket","XL","blue",74,114.0,91.0,3,273.0,"2021-05-02","2021-05-16",14
1125,232,256,"Dulcia Gawthorpe",46,"Bigender","North Lillian","Australian Capital Territory",246,"Polo","Shirt","S","red",60,117.0,95.0,2,190.0,"2021-05-02","2021-05-16",14
1126,232,256,"Dulcia Gawthorpe",46,"Bigender","North Lillian","Australian Capital Territory",447,"Denim","Jacket","M","indigo",52,92.0,107.0,2,214.0,"2021-05-02","2021-05-16",14
1127,232,256,"Dulcia Gawthorpe",46,"Bigender","North Lillian","Australian Capital Territory",43,"Dress","Shirt","L","orange",73,119.0,104.0,3,312.0,"2021-05-02","2021-05-16",14
1128,232,256,"Dulcia Gawthorpe",46,"Bigender","North Lillian","Australian Capital Territory",1182,"High-Waisted","Trousers","M","indigo",61,98.0,99.0,3,297.0,"2021-05-02","2021-05-16",14
1129,233,996,"Elvira Sarfati",59,"Agender","Lake Danielland","Tasmania",218,"Chambray","Shirt","L","orange",44,105.0,106.0,3,318.0,"2021-09-03","2021-09-19",16
1130,233,996,"Elvira Sarfati",59,"Agender","Lake Danielland","Tasmania",1191,"Pleated","Trousers","S","red",78,90.0,105.0,2,210.0,"2021-09-03","2021-09-19",16
1131,233,996,"Elvira Sarfati",59,"Agender","Lake Danielland","Tasmania",886,"Cords","Trousers","S","yellow",68,113.0,94.0,1,94.0,"2021-09-03","2021-09-19",16
1132,233,996,"Elvira Sarfati",59,"Agender","Lake Danielland","Tasmania",701,"Trench Coat","Jacket","S","red",54,112.0,119.0,3,357.0,"2021-09-03","2021-09-19",16
1133,234,133,"Bette-ann Harteley",49,"Bigender","Shieldsside","Tasmania",941,"Drawstring","Trousers","S","violet",40,104.0,96.0,3,288.0,"2021-09-18","2021-10-10",22
1134,234,133,"Bette-ann Harteley",49,"Bigender","Shieldsside","Tasmania",244,"Chambray","Shirt","XL","violet",54,105.0,106.0,3,318.0,"2021-09-18","2021-10-10",22
1135,234,133,"Bette-ann Harteley",49,"Bigender","Shieldsside","Tasmania",174,"Linen","Shirt","XL","violet",73,116.0,91.0,1,91.0,"2021-09-18","2021-10-10",22
1136,235,767,"Waylin Gasson",37,"Genderqueer","West Kai","South Australia",1213,"Pleated","Trousers","L","blue",79,90.0,105.0,3,315.0,"2021-09-28","2021-10-12",14
1137,235,767,"Waylin Gasson",37,"Genderqueer","West Kai","South Australia",140,"Linen","Shirt","XS","red",61,116.0,91.0,3,273.0,"2021-09-28","2021-10-12",14
1138,235,767,"Waylin Gasson",37,"Genderqueer","West Kai","South Australia",78,"Flannel","Shirt","L","orange",59,96.0,118.0,2,236.0,"2021-09-28","2021-10-12",14
1139,235,767,"Waylin Gasson",37,"Genderqueer","West Kai","South Australia",950,"Slim-Fit","Trousers","XS","orange",69,119.0,97.0,2,194.0,"2021-09-28","2021-10-12",14
1140,235,767,"Waylin Gasson",37,"Genderqueer","West Kai","South Australia",801,"Pullover","Jacket","S","violet",74,114.0,91.0,3,273.0,"2021-09-28","2021-10-12",14
1141,236,228,"Zaria Garken",40,"Female","Towneport","Northern Territory",17,"Oxford Cloth","Shirt","M","green",60,114.0,96.0,2,192.0,"2021-07-15","2021-08-08",24
1142,236,228,"Zaria Garken",40,"Female","Towneport","Northern Territory",566,"Bomber","Jacket","S","orange",49,90.0,100.0,1,100.0,"2021-07-15","2021-08-08",24
1143,236,228,"Zaria Garken",40,"Female","Towneport","Northern Territory",844,"Chinos","Trousers","XL","red",71,100.0,113.0,1,113.0,"2021-07-15","2021-08-08",24
1144,236,228,"Zaria Garken",40,"Female","Towneport","Northern Territory",640,"Coach","Jacket","XS","yellow",52,115.0,93.0,1,93.0,"2021-07-15","2021-08-08",24
1145,236,228,"Zaria Garken",40,"Female","Towneport","Northern Territory",1189,"High-Waisted","Trousers","XL","violet",74,98.0,99.0,1,99.0,"2021-07-15","2021-08-08",24
1146,236,228,"Zaria Garken",40,"Female","Towneport","Northern Territory",160,"Linen","Shirt","XS","blue",53,116.0,91.0,2,182.0,"2021-07-15","2021-08-08",24
1147,237,829,"Marget Kells",39,"Non-binary","Baumbachtown","Victoria",17,"Oxford Cloth","Shirt","M","green",60,114.0,96.0,2,192.0,"2021-03-16","2021-04-06",21
1148,237,829,"Marget Kells",39,"Non-binary","Baumbachtown","Victoria",1009,"Wool","Trousers","XL","indigo",51,111.0,106.0,1,106.0,"2021-03-16","2021-04-06",21
1149,237,829,"Marget Kells",39,"Non-binary","Baumbachtown","Victoria",268,"Polo","Shirt","L","blue",77,117.0,95.0,2,190.0,"2021-03-16","2021-04-06",21
1150,237,829,"Marget Kells",39,"Non-binary","Baumbachtown","Victoria",502,"Windbreaker","Jacket","M","yellow",52,109.0,102.0,2,204.0,"2021-03-16","2021-04-06",21
1151,237,829,"Marget Kells",39,"Non-binary","Baumbachtown","Victoria",74,"Flannel","Shirt","XL","red",72,96.0,118.0,3,354.0,"2021-03-16","2021-04-06",21
1152,238,328,"Wadsworth Olivier",59,"Non-binary","North Elijahshire","Western Australia",1024,"Relaxed Leg","Trousers","XL","orange",80,95.0,90.0,3,270.0,"2021-03-17","2021-03-27",10
1153,238,328,"Wadsworth Olivier",59,"Non-binary","North Elijahshire","Western Australia",883,"Cords","Trousers","L","orange",74,113.0,94.0,2,188.0,"2021-03-17","2021-03-27",10
1154,238,328,"Wadsworth Olivier",59,"Non-binary","North Elijahshire","Western Australia",101,"Flannel","Shirt","S","violet",70,96.0,118.0,3,354.0,"2021-03-17","2021-03-27",10
1155,238,328,"Wadsworth Olivier",59,"Non-binary","North Elijahshire","Western Australia",313,"Cuban Collar","Shirt","L","violet",78,93.0,105.0,3,315.0,"2021-03-17","2021-03-27",10
1156,238,328,"Wadsworth Olivier",59,"Non-binary","North Elijahshire","Western Australia",179,"Camp Collared","Shirt","XL","red",79,112.0,98.0,2,196.0,"2021-03-17","2021-03-27",10
1157,238,328,"Wadsworth Olivier",59,"Non-binary","North Elijahshire","Western Australia",340,"Mandarin Collar","Shirt","XS","indigo",80,108.0,109.0,1,109.0,"2021-03-17","2021-03-27",10
1158,239,530,"Leroi Weal",63,"Polygender","Lake Rose","Western Australia",1177,"High-Waisted","Trousers","M","blue",52,98.0,99.0,3,297.0,"2021-10-13","2021-11-02",20
1159,239,530,"Leroi Weal",63,"Polygender","Lake Rose","Western Australia",445,"Denim","Jacket","XS","indigo",75,92.0,107.0,3,321.0,"2021-10-13","2021-11-02",20
1160,240,578,"Riordan Goreway",75,"Genderfluid","East Marcus","New South Wales",1009,"Wool","Trousers","XL","indigo",51,111.0,106.0,1,106.0,"2021-01-27","2021-02-01",5
1161,240,578,"Riordan Goreway",75,"Genderfluid","East Marcus","New South Wales",259,"Polo","Shirt","XL","yellow",46,117.0,95.0,2,190.0,"2021-01-27","2021-02-01",5
1162,240,578,"Riordan Goreway",75,"Genderfluid","East Marcus","New South Wales",473,"Puffer","Jacket","L","green",43,110.0,118.0,1,118.0,"2021-01-27","2021-02-01",5
1163,240,578,"Riordan Goreway",75,"Genderfluid","East Marcus","New South Wales",124,"Denim","Shirt","XL","green",52,115.0,92.0,3,276.0,"2021-01-27","2021-02-01",5
1164,240,578,"Riordan Goreway",75,"Genderfluid","East Marcus","New South Wales",9,"Oxford Cloth","Shirt","XL","orange",43,114.0,96.0,1,96.0,"2021-01-27","2021-02-01",5
1165,240,578,"Riordan Goreway",75,"Genderfluid","East Marcus","New South Wales",298,"Cuban Collar","Shirt","L","green",58,93.0,105.0,3,315.0,"2021-01-27","2021-02-01",5
1166,241,401,"Waylen Swallwell",73,"Non-binary","Sarahstad","Western Australia",400,"Casual Slim Fit","Shirt","XS","green",69,113.0,119.0,2,238.0,"2021-07-22","2021-08-17",26
1167,241,401,"Waylen Swallwell",73,"Non-binary","Sarahstad","Western Australia",1051,"Joggers","Trousers","S","red",71,94.0,93.0,2,186.0,"2021-07-22","2021-08-17",26
1168,241,401,"Waylen Swallwell",73,"Non-binary","Sarahstad","Western Australia",333,"Mandarin Collar","Shirt","L","green",67,108.0,109.0,2,218.0,"2021-07-22","2021-08-17",26
1169,242,909,"Patin Circuit",62,"Genderqueer","Langfort","Tasmania",26,"Oxford Cloth","Shirt","S","indigo",59,114.0,96.0,3,288.0,"2021-08-25","2021-09-13",19
1170,242,909,"Patin Circuit",62,"Genderqueer","Langfort","Tasmania",1002,"Wool","Trousers","M","blue",52,111.0,106.0,3,318.0,"2021-08-25","2021-09-13",19
1171,242,909,"Patin Circuit",62,"Genderqueer","Langfort","Tasmania",877,"Cords","Trousers","M","red",68,113.0,94.0,1,94.0,"2021-08-25","2021-09-13",19
1172,242,909,"Patin Circuit",62,"Genderqueer","Langfort","Tasmania",950,"Slim-Fit","Trousers","XS","orange",69,119.0,97.0,1,97.0,"2021-08-25","2021-09-13",19
1173,242,909,"Patin Circuit",62,"Genderqueer","Langfort","Tasmania",182,"Camp Collared","Shirt","M","orange",65,112.0,98.0,3,294.0,"2021-08-25","2021-09-13",19
1174,242,909,"Patin Circuit",62,"Genderqueer","Langfort","Tasmania",729,"Trench Coat","Jacket","XL","indigo",64,112.0,119.0,3,357.0,"2021-08-25","2021-09-13",19
1175,243,263,"Ringo Sollars",22,"Genderfluid","West Cameron","Western Australia",389,"Casual Slim Fit","Shirt","XL","red",47,113.0,119.0,1,119.0,"2021-07-06","2021-07-11",5
1176,243,263,"Ringo Sollars",22,"Genderfluid","West Cameron","Western Australia",567,"Bomber","Jacket","M","orange",69,90.0,100.0,3,300.0,"2021-07-06","2021-07-11",5
1177,244,637,"Morie Woodfield",58,"Bigender","Lilystad","Western Australia",429,"Denim","Jacket","XL","orange",79,92.0,107.0,3,321.0,"2021-09-02","2021-09-09",7
1178,244,637,"Morie Woodfield",58,"Bigender","Lilystad","Western Australia",896,"Cords","Trousers","S","blue",59,113.0,94.0,3,282.0,"2021-09-02","2021-09-09",7
1179,244,637,"Morie Woodfield",58,"Bigender","Lilystad","Western Australia",777,"Pullover","Jacket","M","orange",60,114.0,91.0,1,91.0,"2021-09-02","2021-09-09",7
1180,244,637,"Morie Woodfield",58,"Bigender","Lilystad","Western Australia",205,"Camp Collared","Shirt","XS","violet",72,112.0,98.0,2,196.0,"2021-09-02","2021-09-09",7
1181,244,637,"Morie Woodfield",58,"Bigender","Lilystad","Western Australia",651,"Coach","Jacket","S","blue",47,115.0,93.0,3,279.0,"2021-09-02","2021-09-09",7
1182,245,191,"Isis Doel",76,"Agender","Grimesstad","Northern Territory",1059,"Joggers","Trousers","XL","orange",44,94.0,93.0,3,279.0,"2021-05-06","2021-05-10",4
1183,245,191,"Isis Doel",76,"Agender","Grimesstad","Northern Territory",655,"Coach","Jacket","XS","indigo",42,115.0,93.0,2,186.0,"2021-05-06","2021-05-10",4
1184,245,191,"Isis Doel",76,"Agender","Grimesstad","Northern Territory",472,"Puffer","Jacket","M","green",72,110.0,118.0,3,354.0,"2021-05-06","2021-05-10",4
1185,245,191,"Isis Doel",76,"Agender","Grimesstad","Northern Territory",1050,"Joggers","Trousers","XS","red",65,94.0,93.0,2,186.0,"2021-05-06","2021-05-10",4
1186,246,641,"Zebulon Rousel",62,"Agender","Hamishview","New South Wales",485,"Puffer","Jacket","XS","violet",74,110.0,118.0,1,118.0,"2021-06-19","2021-07-16",27
1187,246,641,"Zebulon Rousel",62,"Agender","Hamishview","New South Wales",627,"Cardigan","Jacket","M","violet",75,118.0,112.0,3,336.0,"2021-06-19","2021-07-16",27
1188,246,641,"Zebulon Rousel",62,"Agender","Hamishview","New South Wales",450,"Denim","Jacket","XS","violet",65,92.0,107.0,2,214.0,"2021-06-19","2021-07-16",27
1189,246,641,"Zebulon Rousel",62,"Agender","Hamishview","New South Wales",1250,"Tracksuit Bottoms","Trousers","XS","indigo",63,91.0,112.0,1,112.0,"2021-06-19","2021-07-16",27
1190,247,68,"Willa Gaisford",23,"Female","West Justin","Western Australia",1220,"Pleated","Trousers","XS","violet",58,90.0,105.0,3,315.0,"2021-10-19","2021-11-12",24
1191,247,68,"Willa Gaisford",23,"Female","West Justin","Western Australia",1208,"Pleated","Trousers","L","green",47,90.0,105.0,1,105.0,"2021-10-19","2021-11-12",24
1192,247,68,"Willa Gaisford",23,"Female","West Justin","Western Australia",152,"Linen","Shirt","M","yellow",59,116.0,91.0,3,273.0,"2021-10-19","2021-11-12",24
1193,248,457,"North Diamond",27,"Male","Charlotteborough","Victoria",1121,"Cargo Pants","Trousers","S","red",63,106.0,102.0,2,204.0,"2021-01-15","2021-01-20",5
1194,248,457,"North Diamond",27,"Male","Charlotteborough","Victoria",835,"Shearling","Jacket","XS","violet",75,95.0,117.0,3,351.0,"2021-01-15","2021-01-20",5
1195,248,457,"North Diamond",27,"Male","Charlotteborough","Victoria",689,"Parka","Jacket","XL","blue",47,119.0,113.0,3,339.0,"2021-01-15","2021-01-20",5
1196,248,457,"North Diamond",27,"Male","Charlotteborough","Victoria",889,"Cords","Trousers","XL","yellow",65,113.0,94.0,2,188.0,"2021-01-15","2021-01-20",5
1197,248,457,"North Diamond",27,"Male","Charlotteborough","Victoria",1171,"High-Waisted","Trousers","S","green",73,98.0,99.0,3,297.0,"2021-01-15","2021-01-20",5
1198,248,457,"North Diamond",27,"Male","Charlotteborough","Victoria",192,"Camp Collared","Shirt","M","green",41,112.0,98.0,1,98.0,"2021-01-15","2021-01-20",5
1199,248,457,"North Diamond",27,"Male","Charlotteborough","Victoria",254,"Polo","Shirt","XL","orange",43,117.0,95.0,1,95.0,"2021-01-15","2021-01-20",5
1200,248,457,"North Diamond",27,"Male","Charlotteborough","Victoria",262,"Polo","Shirt","M","green",62,117.0,95.0,1,95.0,"2021-01-15","2021-01-20",5
1201,249,86,"Corinna Maystone",76,"Non-binary","Gleasonport","Tasmania",1186,"High-Waisted","Trousers","S","violet",45,98.0,99.0,2,198.0,"2021-05-13","2021-05-26",13
1202,249,86,"Corinna Maystone",76,"Non-binary","Gleasonport","Tasmania",241,"Chambray","Shirt","S","violet",52,105.0,106.0,1,106.0,"2021-05-13","2021-05-26",13
1203,249,86,"Corinna Maystone",76,"Non-binary","Gleasonport","Tasmania",928,"Drawstring","Trousers","L","green",43,104.0,96.0,1,96.0,"2021-05-13","2021-05-26",13
1204,249,86,"Corinna Maystone",76,"Non-binary","Gleasonport","Tasmania",51,"Dress","Shirt","S","green",60,119.0,104.0,3,312.0,"2021-05-13","2021-05-26",13
1205,249,86,"Corinna Maystone",76,"Non-binary","Gleasonport","Tasmania",547,"Leather","Jacket","M","blue",60,113.0,98.0,2,196.0,"2021-05-13","2021-05-26",13
1206,249,86,"Corinna Maystone",76,"Non-binary","Gleasonport","Tasmania",729,"Trench Coat","Jacket","XL","indigo",64,112.0,119.0,2,238.0,"2021-05-13","2021-05-26",13
1207,249,86,"Corinna Maystone",76,"Non-binary","Gleasonport","Tasmania",935,"Drawstring","Trousers","XS","indigo",61,104.0,96.0,2,192.0,"2021-05-13","2021-05-26",13
1208,250,518,"Margalo Cousen",31,"Agender","Bauchton","Northern Territory",41,"Dress","Shirt","S","orange",69,119.0,104.0,3,312.0,"2021-03-26","2021-04-03",8
1209,250,518,"Margalo Cousen",31,"Agender","Bauchton","Northern Territory",540,"Leather","Jacket","XS","green",57,113.0,98.0,2,196.0,"2021-03-26","2021-04-03",8
1210,250,518,"Margalo Cousen",31,"Agender","Bauchton","Northern Territory",880,"Cords","Trousers","XS","orange",70,113.0,94.0,1,94.0,"2021-03-26","2021-04-03",8
1211,250,518,"Margalo Cousen",31,"Agender","Bauchton","Northern Territory",219,"Chambray","Shirt","XL","orange",57,105.0,106.0,3,318.0,"2021-03-26","2021-04-03",8
1212,250,518,"Margalo Cousen",31,"Agender","Bauchton","Northern Territory",600,"Cardigan","Jacket","XS","orange",46,118.0,112.0,1,112.0,"2021-03-26","2021-04-03",8
1213,251,433,"Candis Roswarne",46,"Non-binary","West Michaelport","Tasmania",790,"Pullover","Jacket","XS","blue",61,114.0,91.0,1,91.0,"2021-07-31","2021-08-27",27
1214,251,433,"Candis Roswarne",46,"Non-binary","West Michaelport","Tasmania",551,"Leather","Jacket","S","indigo",40,113.0,98.0,3,294.0,"2021-07-31","2021-08-27",27
1215,251,433,"Candis Roswarne",46,"Non-binary","West Michaelport","Tasmania",1015,"Relaxed Leg","Trousers","XS","red",52,95.0,90.0,2,180.0,"2021-07-31","2021-08-27",27
1216,251,433,"Candis Roswarne",46,"Non-binary","West Michaelport","Tasmania",26,"Oxford Cloth","Shirt","S","indigo",59,114.0,96.0,3,288.0,"2021-07-31","2021-08-27",27
1217,252,683,"Esteban Hensmans",45,"Genderfluid","West Finnberg","Australian Capital Territory",772,"Pullover","Jacket","M","red",55,114.0,91.0,1,91.0,"2021-01-11","2021-02-05",25
1218,252,683,"Esteban Hensmans",45,"Genderfluid","West Finnberg","Australian Capital Territory",397,"Casual Slim Fit","Shirt","M","yellow",76,113.0,119.0,2,238.0,"2021-01-11","2021-02-05",25
1219,252,683,"Esteban Hensmans",45,"Genderfluid","West Finnberg","Australian Capital Territory",524,"Windbreaker","Jacket","XL","violet",54,109.0,102.0,2,204.0,"2021-01-11","2021-02-05",25
1220,252,683,"Esteban Hensmans",45,"Genderfluid","West Finnberg","Australian Capital Territory",662,"Coach","Jacket","M","violet",74,115.0,93.0,3,279.0,"2021-01-11","2021-02-05",25
1221,252,683,"Esteban Hensmans",45,"Genderfluid","West Finnberg","Australian Capital Territory",728,"Trench Coat","Jacket","L","indigo",71,112.0,119.0,3,357.0,"2021-01-11","2021-02-05",25
1222,252,683,"Esteban Hensmans",45,"Genderfluid","West Finnberg","Australian Capital Territory",859,"Chinos","Trousers","XL","green",50,100.0,113.0,2,226.0,"2021-01-11","2021-02-05",25
1223,252,683,"Esteban Hensmans",45,"Genderfluid","West Finnberg","Australian Capital Territory",627,"Cardigan","Jacket","M","violet",75,118.0,112.0,3,336.0,"2021-01-11","2021-02-05",25
1224,252,683,"Esteban Hensmans",45,"Genderfluid","West Finnberg","Australian Capital Territory",98,"Flannel","Shirt","L","indigo",62,96.0,118.0,3,354.0,"2021-01-11","2021-02-05",25
1225,252,683,"Esteban Hensmans",45,"Genderfluid","West Finnberg","Australian Capital Territory",364,"Henley","Shirt","XL","yellow",55,92.0,94.0,3,282.0,"2021-01-11","2021-02-05",25
1226,252,683,"Esteban Hensmans",45,"Genderfluid","West Finnberg","Australian Capital Territory",1104,"Cropped","Trousers","XL","green",49,99.0,115.0,2,230.0,"2021-01-11","2021-02-05",25
1227,253,179,"Leeann Gowdie",52,"Agender","Callumborough","Queensland",797,"Pullover","Jacket","M","indigo",72,114.0,91.0,3,273.0,"2021-09-10","2021-10-02",22
1228,253,179,"Leeann Gowdie",52,"Agender","Callumborough","Queensland",1065,"Joggers","Trousers","XS","green",77,94.0,93.0,2,186.0,"2021-09-10","2021-10-02",22
1229,253,179,"Leeann Gowdie",52,"Agender","Callumborough","Queensland",740,"Peacoat","Jacket","XS","orange",78,102.0,109.0,2,218.0,"2021-09-10","2021-10-02",22
1230,254,571,"Kristofor Roos",22,"Agender","Jordanside","Australian Capital Territory",1186,"High-Waisted","Trousers","S","violet",45,98.0,99.0,2,198.0,"2021-08-07","2021-09-03",27
1231,254,571,"Kristofor Roos",22,"Agender","Jordanside","Australian Capital Territory",816,"Shearling","Jacket","S","yellow",48,95.0,117.0,1,117.0,"2021-08-07","2021-09-03",27
1232,254,571,"Kristofor Roos",22,"Agender","Jordanside","Australian Capital Territory",175,"Camp Collared","Shirt","XS","red",77,112.0,98.0,2,196.0,"2021-08-07","2021-09-03",27
1233,254,571,"Kristofor Roos",22,"Agender","Jordanside","Australian Capital Territory",664,"Coach","Jacket","XL","violet",60,115.0,93.0,2,186.0,"2021-08-07","2021-09-03",27
1234,255,605,"Stanleigh Hazelton",25,"Female","Hamiltonshire","Western Australia",806,"Shearling","Jacket","S","red",75,95.0,117.0,3,351.0,"2021-09-26","2021-10-15",19
1235,255,605,"Stanleigh Hazelton",25,"Female","Hamiltonshire","Western Australia",437,"Denim","Jacket","M","green",79,92.0,107.0,2,214.0,"2021-09-26","2021-10-15",19
1236,256,313,"Courtnay Cornewell",24,"Agender","South Pipermouth","South Australia",1051,"Joggers","Trousers","S","red",71,94.0,93.0,1,93.0,"2021-08-09","2021-08-12",3
1237,256,313,"Courtnay Cornewell",24,"Agender","South Pipermouth","South Australia",178,"Camp Collared","Shirt","L","red",52,112.0,98.0,3,294.0,"2021-08-09","2021-08-12",3
1238,256,313,"Courtnay Cornewell",24,"Agender","South Pipermouth","South Australia",118,"Denim","Shirt","L","yellow",75,115.0,92.0,3,276.0,"2021-08-09","2021-08-12",3
1239,256,313,"Courtnay Cornewell",24,"Agender","South Pipermouth","South Australia",1018,"Relaxed Leg","Trousers","L","red",63,95.0,90.0,1,90.0,"2021-08-09","2021-08-12",3
1240,256,313,"Courtnay Cornewell",24,"Agender","South Pipermouth","South Australia",36,"Dress","Shirt","S","red",72,119.0,104.0,2,208.0,"2021-08-09","2021-08-12",3
1241,257,914,"Emmalee Camin",39,"Bigender","South Alexview","South Australia",976,"Slim-Fit","Trousers","S","violet",46,119.0,97.0,2,194.0,"2021-02-12","2021-03-02",18
1242,257,914,"Emmalee Camin",39,"Bigender","South Alexview","South Australia",1124,"Cargo Pants","Trousers","XL","red",45,106.0,102.0,2,204.0,"2021-02-12","2021-03-02",18
1243,257,914,"Emmalee Camin",39,"Bigender","South Alexview","South Australia",61,"Dress","Shirt","S","indigo",40,119.0,104.0,1,104.0,"2021-02-12","2021-03-02",18
1244,257,914,"Emmalee Camin",39,"Bigender","South Alexview","South Australia",952,"Slim-Fit","Trousers","M","orange",44,119.0,97.0,2,194.0,"2021-02-12","2021-03-02",18
1245,257,914,"Emmalee Camin",39,"Bigender","South Alexview","South Australia",796,"Pullover","Jacket","S","indigo",44,114.0,91.0,3,273.0,"2021-02-12","2021-03-02",18
1246,258,742,"Selestina Dauber",44,"Polygender","Port Aliview","Western Australia",861,"Chinos","Trousers","S","blue",51,100.0,113.0,1,113.0,"2021-10-21","2021-11-13",23
1247,258,742,"Selestina Dauber",44,"Polygender","Port Aliview","Western Australia",669,"Parka","Jacket","XL","red",64,119.0,113.0,1,113.0,"2021-10-21","2021-11-13",23
1248,258,742,"Selestina Dauber",44,"Polygender","Port Aliview","Western Australia",65,"Dress","Shirt","XS","violet",63,119.0,104.0,2,208.0,"2021-10-21","2021-11-13",23
1249,258,742,"Selestina Dauber",44,"Polygender","Port Aliview","Western Australia",35,"Dress","Shirt","XS","red",63,119.0,104.0,1,104.0,"2021-10-21","2021-11-13",23
1250,258,742,"Selestina Dauber",44,"Polygender","Port Aliview","Western Australia",843,"Chinos","Trousers","L","red",44,100.0,113.0,2,226.0,"2021-10-21","2021-11-13",23
1251,258,742,"Selestina Dauber",44,"Polygender","Port Aliview","Western Australia",348,"Mandarin Collar","Shirt","L","violet",54,108.0,109.0,3,327.0,"2021-10-21","2021-11-13",23
1252,259,878,"Elianore Syphas",54,"Genderfluid","Lake William","Victoria",317,"Mandarin Collar","Shirt","M","red",60,108.0,109.0,1,109.0,"2021-08-16","2021-09-07",22
1253,259,878,"Elianore Syphas",54,"Genderfluid","Lake William","Victoria",777,"Pullover","Jacket","M","orange",60,114.0,91.0,3,273.0,"2021-08-16","2021-09-07",22
1254,259,878,"Elianore Syphas",54,"Genderfluid","Lake William","Victoria",162,"Linen","Shirt","M","blue",58,116.0,91.0,2,182.0,"2021-08-16","2021-09-07",22
1255,260,317,"Gates Torrance",48,"Male","Miafort","Australian Capital Territory",828,"Shearling","Jacket","L","blue",64,95.0,117.0,2,234.0,"2021-07-13","2021-07-25",12
1256,260,317,"Gates Torrance",48,"Male","Miafort","Australian Capital Territory",1095,"Cropped","Trousers","XS","yellow",41,99.0,115.0,1,115.0,"2021-07-13","2021-07-25",12
1257,260,317,"Gates Torrance",48,"Male","Miafort","Australian Capital Territory",1213,"Pleated","Trousers","L","blue",79,90.0,105.0,2,210.0,"2021-07-13","2021-07-25",12
1258,260,317,"Gates Torrance",48,"Male","Miafort","Australian Capital Territory",241,"Chambray","Shirt","S","violet",52,105.0,106.0,2,212.0,"2021-07-13","2021-07-25",12
1259,260,317,"Gates Torrance",48,"Male","Miafort","Australian Capital Territory",563,"Bomber","Jacket","L","red",50,90.0,100.0,1,100.0,"2021-07-13","2021-07-25",12
1260,260,317,"Gates Torrance",48,"Male","Miafort","Australian Capital Territory",1096,"Cropped","Trousers","S","yellow",65,99.0,115.0,2,230.0,"2021-07-13","2021-07-25",12
1261,261,250,"Lavina Dartnell",23,"Polygender","Boyleberg","Queensland",961,"Slim-Fit","Trousers","S","green",70,119.0,97.0,2,194.0,"2021-02-06","2021-03-01",23
1262,261,250,"Lavina Dartnell",23,"Polygender","Boyleberg","Queensland",920,"Drawstring","Trousers","XS","yellow",41,104.0,96.0,3,288.0,"2021-02-06","2021-03-01",23
1263,261,250,"Lavina Dartnell",23,"Polygender","Boyleberg","Queensland",886,"Cords","Trousers","S","yellow",68,113.0,94.0,3,282.0,"2021-02-06","2021-03-01",23
1264,261,250,"Lavina Dartnell",23,"Polygender","Boyleberg","Queensland",425,"Denim","Jacket","XS","orange",60,92.0,107.0,1,107.0,"2021-02-06","2021-03-01",23
1265,262,812,"Else Bicheno",28,"Male","Lucyport","Western Australia",1062,"Joggers","Trousers","M","yellow",72,94.0,93.0,3,279.0,"2021-05-22","2021-05-24",2
1266,262,812,"Else Bicheno",28,"Male","Lucyport","Western Australia",814,"Shearling","Jacket","XL","orange",60,95.0,117.0,1,117.0,"2021-05-22","2021-05-24",2
1267,262,812,"Else Bicheno",28,"Male","Lucyport","Western Australia",507,"Windbreaker","Jacket","M","green",63,109.0,102.0,2,204.0,"2021-05-22","2021-05-24",2
1268,262,812,"Else Bicheno",28,"Male","Lucyport","Western Australia",553,"Leather","Jacket","L","indigo",79,113.0,98.0,2,196.0,"2021-05-22","2021-05-24",2
1269,263,372,"Griffy Wenger",53,"Genderqueer","East Sophia","South Australia",355,"Henley","Shirt","XS","orange",65,92.0,94.0,1,94.0,"2021-06-19","2021-07-08",19
1270,263,372,"Griffy Wenger",53,"Genderqueer","East Sophia","South Australia",289,"Cuban Collar","Shirt","XL","orange",49,93.0,105.0,3,315.0,"2021-06-19","2021-07-08",19
1271,263,372,"Griffy Wenger",53,"Genderqueer","East Sophia","South Australia",1157,"High-Waisted","Trousers","M","red",59,98.0,99.0,2,198.0,"2021-06-19","2021-07-08",19
1272,263,372,"Griffy Wenger",53,"Genderqueer","East Sophia","South Australia",473,"Puffer","Jacket","L","green",43,110.0,118.0,3,354.0,"2021-06-19","2021-07-08",19
1273,263,372,"Griffy Wenger",53,"Genderqueer","East Sophia","South Australia",293,"Cuban Collar","Shirt","L","yellow",77,93.0,105.0,1,105.0,"2021-06-19","2021-07-08",19
1274,264,636,"Nara Legerwood",24,"Male","Abbottburgh","Northern Territory",1211,"Pleated","Trousers","S","blue",60,90.0,105.0,3,315.0,"2021-06-13","2021-06-18",5
1275,264,636,"Nara Legerwood",24,"Male","Abbottburgh","Northern Territory",633,"Coach","Jacket","L","red",80,115.0,93.0,3,279.0,"2021-06-13","2021-06-18",5
1276,264,636,"Nara Legerwood",24,"Male","Abbottburgh","Northern Territory",1024,"Relaxed Leg","Trousers","XL","orange",80,95.0,90.0,2,180.0,"2021-06-13","2021-06-18",5
1277,264,636,"Nara Legerwood",24,"Male","Abbottburgh","Northern Territory",396,"Casual Slim Fit","Shirt","S","yellow",45,113.0,119.0,3,357.0,"2021-06-13","2021-06-18",5
1278,264,636,"Nara Legerwood",24,"Male","Abbottburgh","Northern Territory",1137,"Cargo Pants","Trousers","M","green",78,106.0,102.0,1,102.0,"2021-06-13","2021-06-18",5
1279,264,636,"Nara Legerwood",24,"Male","Abbottburgh","Northern Territory",13,"Oxford Cloth","Shirt","L","yellow",75,114.0,96.0,2,192.0,"2021-06-13","2021-06-18",5
1280,265,189,"Deedee Pashe",28,"Bigender","Lake Abigailhaven","Western Australia",1029,"Relaxed Leg","Trousers","XL","yellow",54,95.0,90.0,2,180.0,"2021-07-04","2021-07-29",25
1281,265,189,"Deedee Pashe",28,"Bigender","Lake Abigailhaven","Western Australia",742,"Peacoat","Jacket","M","orange",47,102.0,109.0,2,218.0,"2021-07-04","2021-07-29",25
1282,265,189,"Deedee Pashe",28,"Bigender","Lake Abigailhaven","Western Australia",364,"Henley","Shirt","XL","yellow",55,92.0,94.0,1,94.0,"2021-07-04","2021-07-29",25
1283,265,189,"Deedee Pashe",28,"Bigender","Lake Abigailhaven","Western Australia",479,"Puffer","Jacket","XL","blue",80,110.0,118.0,1,118.0,"2021-07-04","2021-07-29",25
1284,265,189,"Deedee Pashe",28,"Bigender","Lake Abigailhaven","Western Australia",813,"Shearling","Jacket","L","orange",58,95.0,117.0,1,117.0,"2021-07-04","2021-07-29",25
1285,265,189,"Deedee Pashe",28,"Bigender","Lake Abigailhaven","Western Australia",630,"Coach","Jacket","XS","red",71,115.0,93.0,1,93.0,"2021-07-04","2021-07-29",25
1286,265,189,"Deedee Pashe",28,"Bigender","Lake Abigailhaven","Western Australia",462,"Puffer","Jacket","M","orange",61,110.0,118.0,1,118.0,"2021-07-04","2021-07-29",25
1287,266,623,"Hort Ridding",57,"Agender","West Ashley","South Australia",209,"Camp Collared","Shirt","XL","violet",40,112.0,98.0,1,98.0,"2021-03-10","2021-03-20",10
1288,266,623,"Hort Ridding",57,"Agender","West Ashley","South Australia",229,"Chambray","Shirt","XL","green",58,105.0,106.0,2,212.0,"2021-03-10","2021-03-20",10
1289,266,623,"Hort Ridding",57,"Agender","West Ashley","South Australia",318,"Mandarin Collar","Shirt","L","red",54,108.0,109.0,2,218.0,"2021-03-10","2021-03-20",10
1290,266,623,"Hort Ridding",57,"Agender","West Ashley","South Australia",224,"Chambray","Shirt","XL","yellow",53,105.0,106.0,2,212.0,"2021-03-10","2021-03-20",10
1291,266,623,"Hort Ridding",57,"Agender","West Ashley","South Australia",1212,"Pleated","Trousers","M","blue",66,90.0,105.0,1,105.0,"2021-03-10","2021-03-20",10
1292,266,623,"Hort Ridding",57,"Agender","West Ashley","South Australia",1258,"Tracksuit Bottoms","Trousers","L","violet",45,91.0,112.0,2,224.0,"2021-03-10","2021-03-20",10
1293,266,623,"Hort Ridding",57,"Agender","West Ashley","South Australia",1098,"Cropped","Trousers","L","yellow",60,99.0,115.0,1,115.0,"2021-03-10","2021-03-20",10
1294,267,34,"Ninon Corteney",55,"Non-binary","Sauerfort","Western Australia",252,"Polo","Shirt","M","orange",67,117.0,95.0,1,95.0,"2021-09-11","2021-09-12",1
1295,267,34,"Ninon Corteney",55,"Non-binary","Sauerfort","Western Australia",298,"Cuban Collar","Shirt","L","green",58,93.0,105.0,2,210.0,"2021-09-11","2021-09-12",1
1296,267,34,"Ninon Corteney",55,"Non-binary","Sauerfort","Western Australia",372,"Henley","Shirt","M","blue",42,92.0,94.0,3,282.0,"2021-09-11","2021-09-12",1
1297,267,34,"Ninon Corteney",55,"Non-binary","Sauerfort","Western Australia",1069,"Joggers","Trousers","XL","green",56,94.0,93.0,3,279.0,"2021-09-11","2021-09-12",1
1298,268,530,"Leroi Weal",63,"Polygender","Lake Rose","Western Australia",1117,"Cropped","Trousers","M","violet",47,99.0,115.0,1,115.0,"2021-03-16","2021-04-10",25
1299,268,530,"Leroi Weal",63,"Polygender","Lake Rose","Western Australia",1224,"Pleated","Trousers","XL","violet",65,90.0,105.0,1,105.0,"2021-03-16","2021-04-10",25
1300,269,89,"Matthiew Hinckes",51,"Female","Lake Hannah","Queensland",1210,"Pleated","Trousers","XS","blue",62,90.0,105.0,3,315.0,"2021-02-05","2021-02-22",17
1301,269,89,"Matthiew Hinckes",51,"Female","Lake Hannah","Queensland",730,"Trench Coat","Jacket","XS","violet",64,112.0,119.0,3,357.0,"2021-02-05","2021-02-22",17
1302,269,89,"Matthiew Hinckes",51,"Female","Lake Hannah","Queensland",103,"Flannel","Shirt","L","violet",76,96.0,118.0,2,236.0,"2021-02-05","2021-02-22",17
1303,270,711,"Lin Norville",42,"Male","Russelstad","Victoria",390,"Casual Slim Fit","Shirt","XS","orange",43,113.0,119.0,1,119.0,"2021-03-02","2021-03-27",25
1304,270,711,"Lin Norville",42,"Male","Russelstad","Victoria",313,"Cuban Collar","Shirt","L","violet",78,93.0,105.0,2,210.0,"2021-03-02","2021-03-27",25
1305,270,711,"Lin Norville",42,"Male","Russelstad","Victoria",1150,"Cargo Pants","Trousers","XS","violet",40,106.0,102.0,2,204.0,"2021-03-02","2021-03-27",25
1306,270,711,"Lin Norville",42,"Male","Russelstad","Victoria",857,"Chinos","Trousers","M","green",49,100.0,113.0,3,339.0,"2021-03-02","2021-03-27",25
1307,270,711,"Lin Norville",42,"Male","Russelstad","Victoria",1138,"Cargo Pants","Trousers","L","green",42,106.0,102.0,2,204.0,"2021-03-02","2021-03-27",25
1308,270,711,"Lin Norville",42,"Male","Russelstad","Victoria",1128,"Cargo Pants","Trousers","L","orange",78,106.0,102.0,1,102.0,"2021-03-02","2021-03-27",25
1309,271,469,"Faber Purcell",78,"Female","Andrewborough","New South Wales",1103,"Cropped","Trousers","L","green",55,99.0,115.0,3,345.0,"2021-06-07","2021-06-09",2
1310,271,469,"Faber Purcell",78,"Female","Andrewborough","New South Wales",253,"Polo","Shirt","L","orange",63,117.0,95.0,1,95.0,"2021-06-07","2021-06-09",2
1311,271,469,"Faber Purcell",78,"Female","Andrewborough","New South Wales",999,"Wool","Trousers","XL","green",48,111.0,106.0,1,106.0,"2021-06-07","2021-06-09",2
1312,271,469,"Faber Purcell",78,"Female","Andrewborough","New South Wales",943,"Drawstring","Trousers","L","violet",62,104.0,96.0,1,96.0,"2021-06-07","2021-06-09",2
1313,272,92,"Hillary Guiness",27,"Agender","Harrismouth","Queensland",826,"Shearling","Jacket","S","blue",72,95.0,117.0,1,117.0,"2021-01-20","2021-01-31",11
1314,273,828,"Tucky Kitchaside",57,"Female","East Zacharystad","Queensland",889,"Cords","Trousers","XL","yellow",65,113.0,94.0,2,188.0,"2021-10-07","2021-11-03",27
1315,273,828,"Tucky Kitchaside",57,"Female","East Zacharystad","Queensland",749,"Peacoat","Jacket","XL","yellow",53,102.0,109.0,1,109.0,"2021-10-07","2021-11-03",27
1316,273,828,"Tucky Kitchaside",57,"Female","East Zacharystad","Queensland",596,"Cardigan","Jacket","S","red",47,118.0,112.0,3,336.0,"2021-10-07","2021-11-03",27
1317,273,828,"Tucky Kitchaside",57,"Female","East Zacharystad","Queensland",522,"Windbreaker","Jacket","M","violet",64,109.0,102.0,1,102.0,"2021-10-07","2021-11-03",27
1318,274,19,"Chadwick Cruddas",41,"Agender","West Bailey","Victoria",942,"Drawstring","Trousers","M","violet",73,104.0,96.0,1,96.0,"2021-04-13","2021-04-27",14
1319,274,19,"Chadwick Cruddas",41,"Agender","West Bailey","Victoria",1140,"Cargo Pants","Trousers","XS","blue",73,106.0,102.0,2,204.0,"2021-04-13","2021-04-27",14
1320,274,19,"Chadwick Cruddas",41,"Agender","West Bailey","Victoria",73,"Flannel","Shirt","L","red",77,96.0,118.0,3,354.0,"2021-04-13","2021-04-27",14
1321,274,19,"Chadwick Cruddas",41,"Agender","West Bailey","Victoria",1225,"Tracksuit Bottoms","Trousers","XS","red",55,91.0,112.0,1,112.0,"2021-04-13","2021-04-27",14
1322,274,19,"Chadwick Cruddas",41,"Agender","West Bailey","Victoria",513,"Windbreaker","Jacket","L","blue",41,109.0,102.0,3,306.0,"2021-04-13","2021-04-27",14
1323,274,19,"Chadwick Cruddas",41,"Agender","West Bailey","Victoria",581,"Bomber","Jacket","S","blue",50,90.0,100.0,1,100.0,"2021-04-13","2021-04-27",14
1324,275,329,"Valery Pache",53,"Polygender","South Claudialand","Western Australia",4,"Oxford Cloth","Shirt","XL","red",47,114.0,96.0,3,288.0,"2021-01-05","2021-01-15",10
1325,275,329,"Valery Pache",53,"Polygender","South Claudialand","Western Australia",1217,"Pleated","Trousers","M","indigo",48,90.0,105.0,3,315.0,"2021-01-05","2021-01-15",10
1326,275,329,"Valery Pache",53,"Polygender","South Claudialand","Western Australia",1190,"Pleated","Trousers","XS","red",42,90.0,105.0,3,315.0,"2021-01-05","2021-01-15",10
1327,275,329,"Valery Pache",53,"Polygender","South Claudialand","Western Australia",420,"Denim","Jacket","XS","red",60,92.0,107.0,2,214.0,"2021-01-05","2021-01-15",10
1328,275,329,"Valery Pache",53,"Polygender","South Claudialand","Western Australia",867,"Chinos","Trousers","M","indigo",64,100.0,113.0,1,113.0,"2021-01-05","2021-01-15",10
1329,276,775,"Edee Wildt",56,"Bigender","East Charlesfurt","Northern Territory",1134,"Cargo Pants","Trousers","XL","yellow",52,106.0,102.0,3,306.0,"2021-06-20","2021-06-24",4
1330,276,775,"Edee Wildt",56,"Bigender","East Charlesfurt","Northern Territory",951,"Slim-Fit","Trousers","S","orange",55,119.0,97.0,1,97.0,"2021-06-20","2021-06-24",4
1331,276,775,"Edee Wildt",56,"Bigender","East Charlesfurt","Northern Territory",1178,"High-Waisted","Trousers","L","blue",57,98.0,99.0,1,99.0,"2021-06-20","2021-06-24",4
1332,276,775,"Edee Wildt",56,"Bigender","East Charlesfurt","Northern Territory",1060,"Joggers","Trousers","XS","yellow",62,94.0,93.0,3,279.0,"2021-06-20","2021-06-24",4
1333,277,659,"Ira Dafforne",57,"Non-binary","Sophiemouth","Tasmania",690,"Parka","Jacket","XS","indigo",57,119.0,113.0,2,226.0,"2021-04-05","2021-04-06",1
1334,277,659,"Ira Dafforne",57,"Non-binary","Sophiemouth","Tasmania",944,"Drawstring","Trousers","XL","violet",80,104.0,96.0,2,192.0,"2021-04-05","2021-04-06",1
1335,277,659,"Ira Dafforne",57,"Non-binary","Sophiemouth","Tasmania",1180,"High-Waisted","Trousers","XS","indigo",47,98.0,99.0,2,198.0,"2021-04-05","2021-04-06",1
1336,277,659,"Ira Dafforne",57,"Non-binary","Sophiemouth","Tasmania",181,"Camp Collared","Shirt","S","orange",62,112.0,98.0,2,196.0,"2021-04-05","2021-04-06",1
1337,277,659,"Ira Dafforne",57,"Non-binary","Sophiemouth","Tasmania",740,"Peacoat","Jacket","XS","orange",78,102.0,109.0,3,327.0,"2021-04-05","2021-04-06",1
1338,277,659,"Ira Dafforne",57,"Non-binary","Sophiemouth","Tasmania",1037,"Relaxed Leg","Trousers","M","blue",72,95.0,90.0,3,270.0,"2021-04-05","2021-04-06",1
1339,277,659,"Ira Dafforne",57,"Non-binary","Sophiemouth","Tasmania",126,"Denim","Shirt","S","blue",47,115.0,92.0,2,184.0,"2021-04-05","2021-04-06",1
1340,278,510,"Kinny Roget",67,"Non-binary","Alexandramouth","New South Wales",1193,"Pleated","Trousers","L","red",70,90.0,105.0,2,210.0,"2021-01-30","2021-02-13",14
1341,278,510,"Kinny Roget",67,"Non-binary","Alexandramouth","New South Wales",534,"Leather","Jacket","XL","orange",64,113.0,98.0,2,196.0,"2021-01-30","2021-02-13",14
1342,278,510,"Kinny Roget",67,"Non-binary","Alexandramouth","New South Wales",92,"Flannel","Shirt","M","blue",73,96.0,118.0,3,354.0,"2021-01-30","2021-02-13",14
1343,278,510,"Kinny Roget",67,"Non-binary","Alexandramouth","New South Wales",248,"Polo","Shirt","L","red",72,117.0,95.0,1,95.0,"2021-01-30","2021-02-13",14
1344,278,510,"Kinny Roget",67,"Non-binary","Alexandramouth","New South Wales",637,"Coach","Jacket","M","orange",72,115.0,93.0,1,93.0,"2021-01-30","2021-02-13",14
1345,278,510,"Kinny Roget",67,"Non-binary","Alexandramouth","New South Wales",232,"Chambray","Shirt","M","blue",66,105.0,106.0,1,106.0,"2021-01-30","2021-02-13",14
1346,279,620,"Phillipe Gatecliffe",35,"Male","Jettstad","Australian Capital Territory",560,"Bomber","Jacket","XS","red",76,90.0,100.0,3,300.0,"2021-07-25","2021-07-28",3
1347,279,620,"Phillipe Gatecliffe",35,"Male","Jettstad","Australian Capital Territory",15,"Oxford Cloth","Shirt","XS","green",68,114.0,96.0,2,192.0,"2021-07-25","2021-07-28",3
1348,279,620,"Phillipe Gatecliffe",35,"Male","Jettstad","Australian Capital Territory",997,"Wool","Trousers","M","green",41,111.0,106.0,3,318.0,"2021-07-25","2021-07-28",3
1349,279,620,"Phillipe Gatecliffe",35,"Male","Jettstad","Australian Capital Territory",707,"Trench Coat","Jacket","M","orange",43,112.0,119.0,1,119.0,"2021-07-25","2021-07-28",3
1350,279,620,"Phillipe Gatecliffe",35,"Male","Jettstad","Australian Capital Territory",1073,"Joggers","Trousers","L","blue",75,94.0,93.0,1,93.0,"2021-07-25","2021-07-28",3
1351,279,620,"Phillipe Gatecliffe",35,"Male","Jettstad","Australian Capital Territory",136,"Denim","Shirt","S","violet",54,115.0,92.0,1,92.0,"2021-07-25","2021-07-28",3
1352,279,620,"Phillipe Gatecliffe",35,"Male","Jettstad","Australian Capital Territory",755,"Peacoat","Jacket","XS","blue",48,102.0,109.0,3,327.0,"2021-07-25","2021-07-28",3
1353,280,551,"Theodor Skipton",68,"Bigender","Declanton","South Australia",502,"Windbreaker","Jacket","M","yellow",52,109.0,102.0,1,102.0,"2021-01-07","2021-01-08",1
1354,280,551,"Theodor Skipton",68,"Bigender","Declanton","South Australia",1159,"High-Waisted","Trousers","XL","red",80,98.0,99.0,3,297.0,"2021-01-07","2021-01-08",1
1355,280,551,"Theodor Skipton",68,"Bigender","Declanton","South Australia",459,"Puffer","Jacket","XL","red",41,110.0,118.0,1,118.0,"2021-01-07","2021-01-08",1
1356,281,489,"Isahella Enrique",59,"Polygender","West Phoenix","New South Wales",649,"Coach","Jacket","XL","green",48,115.0,93.0,1,93.0,"2021-07-03","2021-07-15",12
1357,281,489,"Isahella Enrique",59,"Polygender","West Phoenix","New South Wales",994,"Wool","Trousers","XL","yellow",72,111.0,106.0,3,318.0,"2021-07-03","2021-07-15",12
1358,281,489,"Isahella Enrique",59,"Polygender","West Phoenix","New South Wales",486,"Puffer","Jacket","S","violet",46,110.0,118.0,3,354.0,"2021-07-03","2021-07-15",12
1359,281,489,"Isahella Enrique",59,"Polygender","West Phoenix","New South Wales",639,"Coach","Jacket","XL","orange",46,115.0,93.0,1,93.0,"2021-07-03","2021-07-15",12
1360,281,489,"Isahella Enrique",59,"Polygender","West Phoenix","New South Wales",1157,"High-Waisted","Trousers","M","red",59,98.0,99.0,3,297.0,"2021-07-03","2021-07-15",12
1361,281,489,"Isahella Enrique",59,"Polygender","West Phoenix","New South Wales",624,"Cardigan","Jacket","XL","indigo",78,118.0,112.0,1,112.0,"2021-07-03","2021-07-15",12
1362,281,489,"Isahella Enrique",59,"Polygender","West Phoenix","New South Wales",321,"Mandarin Collar","Shirt","S","orange",52,108.0,109.0,1,109.0,"2021-07-03","2021-07-15",12
1363,281,489,"Isahella Enrique",59,"Polygender","West Phoenix","New South Wales",363,"Henley","Shirt","L","yellow",62,92.0,94.0,3,282.0,"2021-07-03","2021-07-15",12
1364,281,489,"Isahella Enrique",59,"Polygender","West Phoenix","New South Wales",51,"Dress","Shirt","S","green",60,119.0,104.0,3,312.0,"2021-07-03","2021-07-15",12
1365,282,423,"Datha Vicary",32,"Agender","New Rileybury","South Australia",52,"Dress","Shirt","M","green",65,119.0,104.0,2,208.0,"2021-03-30","2021-04-18",19
1366,282,423,"Datha Vicary",32,"Agender","New Rileybury","South Australia",537,"Leather","Jacket","M","yellow",77,113.0,98.0,1,98.0,"2021-03-30","2021-04-18",19
1367,282,423,"Datha Vicary",32,"Agender","New Rileybury","South Australia",481,"Puffer","Jacket","S","indigo",62,110.0,118.0,1,118.0,"2021-03-30","2021-04-18",19
1368,282,423,"Datha Vicary",32,"Agender","New Rileybury","South Australia",1207,"Pleated","Trousers","M","green",41,90.0,105.0,2,210.0,"2021-03-30","2021-04-18",19
1369,282,423,"Datha Vicary",32,"Agender","New Rileybury","South Australia",611,"Cardigan","Jacket","S","green",62,118.0,112.0,1,112.0,"2021-03-30","2021-04-18",19
1370,282,423,"Datha Vicary",32,"Agender","New Rileybury","South Australia",427,"Denim","Jacket","M","orange",48,92.0,107.0,2,214.0,"2021-03-30","2021-04-18",19
1371,282,423,"Datha Vicary",32,"Agender","New Rileybury","South Australia",74,"Flannel","Shirt","XL","red",72,96.0,118.0,2,236.0,"2021-03-30","2021-04-18",19
1372,282,423,"Datha Vicary",32,"Agender","New Rileybury","South Australia",1106,"Cropped","Trousers","S","blue",62,99.0,115.0,2,230.0,"2021-03-30","2021-04-18",19
1373,283,303,"De Lourens",75,"Genderqueer","North Paige","New South Wales",67,"Dress","Shirt","M","violet",41,119.0,104.0,1,104.0,"2021-09-04","2021-09-15",11
1374,283,303,"De Lourens",75,"Genderqueer","North Paige","New South Wales",1239,"Tracksuit Bottoms","Trousers","XL","yellow",59,91.0,112.0,1,112.0,"2021-09-04","2021-09-15",11
1375,283,303,"De Lourens",75,"Genderqueer","North Paige","New South Wales",1213,"Pleated","Trousers","L","blue",79,90.0,105.0,3,315.0,"2021-09-04","2021-09-15",11
1376,283,303,"De Lourens",75,"Genderqueer","North Paige","New South Wales",1119,"Cropped","Trousers","XL","violet",64,99.0,115.0,3,345.0,"2021-09-04","2021-09-15",11
1377,283,303,"De Lourens",75,"Genderqueer","North Paige","New South Wales",168,"Linen","Shirt","L","indigo",75,116.0,91.0,2,182.0,"2021-09-04","2021-09-15",11
1378,283,303,"De Lourens",75,"Genderqueer","North Paige","New South Wales",606,"Cardigan","Jacket","S","yellow",79,118.0,112.0,1,112.0,"2021-09-04","2021-09-15",11
1379,283,303,"De Lourens",75,"Genderqueer","North Paige","New South Wales",1113,"Cropped","Trousers","L","indigo",63,99.0,115.0,1,115.0,"2021-09-04","2021-09-15",11
1380,283,303,"De Lourens",75,"Genderqueer","North Paige","New South Wales",288,"Cuban Collar","Shirt","L","orange",65,93.0,105.0,1,105.0,"2021-09-04","2021-09-15",11
1381,283,303,"De Lourens",75,"Genderqueer","North Paige","New South Wales",392,"Casual Slim Fit","Shirt","M","orange",47,113.0,119.0,3,357.0,"2021-09-04","2021-09-15",11
1382,284,522,"Ailina Kynan",71,"Genderqueer","Handborough","South Australia",1057,"Joggers","Trousers","M","orange",52,94.0,93.0,1,93.0,"2021-04-29","2021-05-16",17
1383,284,522,"Ailina Kynan",71,"Genderqueer","Handborough","South Australia",1016,"Relaxed Leg","Trousers","S","red",70,95.0,90.0,2,180.0,"2021-04-29","2021-05-16",17
1384,285,882,"Bartel Clemendet",43,"Genderqueer","Kiehnfurt","South Australia",1223,"Pleated","Trousers","L","violet",48,90.0,105.0,2,210.0,"2021-09-25","2021-10-20",25
1385,285,882,"Bartel Clemendet",43,"Genderqueer","Kiehnfurt","South Australia",948,"Slim-Fit","Trousers","L","red",80,119.0,97.0,2,194.0,"2021-09-25","2021-10-20",25
1386,286,998,"Rebecka Fabler",32,"Polygender","Kohlerberg","Queensland",740,"Peacoat","Jacket","XS","orange",78,102.0,109.0,1,109.0,"2021-01-05","2021-01-08",3
1387,286,998,"Rebecka Fabler",32,"Polygender","Kohlerberg","Queensland",982,"Wool","Trousers","M","red",58,111.0,106.0,3,318.0,"2021-01-05","2021-01-08",3
1388,286,998,"Rebecka Fabler",32,"Polygender","Kohlerberg","Queensland",719,"Trench Coat","Jacket","XL","green",53,112.0,119.0,3,357.0,"2021-01-05","2021-01-08",3
1389,286,998,"Rebecka Fabler",32,"Polygender","Kohlerberg","Queensland",802,"Pullover","Jacket","M","violet",78,114.0,91.0,2,182.0,"2021-01-05","2021-01-08",3
1390,286,998,"Rebecka Fabler",32,"Polygender","Kohlerberg","Queensland",285,"Cuban Collar","Shirt","XS","orange",62,93.0,105.0,3,315.0,"2021-01-05","2021-01-08",3
1391,286,998,"Rebecka Fabler",32,"Polygender","Kohlerberg","Queensland",741,"Peacoat","Jacket","S","orange",73,102.0,109.0,1,109.0,"2021-01-05","2021-01-08",3
1392,287,799,"Gibbie Beardall",67,"Polygender","South Levi","New South Wales",977,"Slim-Fit","Trousers","M","violet",51,119.0,97.0,1,97.0,"2021-09-09","2021-10-03",24
1393,287,799,"Gibbie Beardall",67,"Polygender","South Levi","New South Wales",607,"Cardigan","Jacket","M","yellow",64,118.0,112.0,3,336.0,"2021-09-09","2021-10-03",24
1394,287,799,"Gibbie Beardall",67,"Polygender","South Levi","New South Wales",755,"Peacoat","Jacket","XS","blue",48,102.0,109.0,3,327.0,"2021-09-09","2021-10-03",24
1395,288,201,"Loni Tort",58,"Polygender","Joelmouth","Australian Capital Territory",84,"Flannel","Shirt","XL","yellow",72,96.0,118.0,3,354.0,"2021-10-13","2021-10-16",3
1396,288,201,"Loni Tort",58,"Polygender","Joelmouth","Australian Capital Territory",519,"Windbreaker","Jacket","XL","indigo",60,109.0,102.0,3,306.0,"2021-10-13","2021-10-16",3
1397,288,201,"Loni Tort",58,"Polygender","Joelmouth","Australian Capital Territory",715,"Trench Coat","Jacket","XS","green",62,112.0,119.0,1,119.0,"2021-10-13","2021-10-16",3
1398,288,201,"Loni Tort",58,"Polygender","Joelmouth","Australian Capital Territory",519,"Windbreaker","Jacket","XL","indigo",60,109.0,102.0,3,306.0,"2021-10-13","2021-10-16",3
1399,288,201,"Loni Tort",58,"Polygender","Joelmouth","Australian Capital Territory",788,"Pullover","Jacket","L","green",72,114.0,91.0,2,182.0,"2021-10-13","2021-10-16",3
1400,288,201,"Loni Tort",58,"Polygender","Joelmouth","Australian Capital Territory",888,"Cords","Trousers","L","yellow",62,113.0,94.0,3,282.0,"2021-10-13","2021-10-16",3
1401,288,201,"Loni Tort",58,"Polygender","Joelmouth","Australian Capital Territory",1203,"Pleated","Trousers","L","yellow",62,90.0,105.0,1,105.0,"2021-10-13","2021-10-16",3
1402,288,201,"Loni Tort",58,"Polygender","Joelmouth","Australian Capital Territory",847,"Chinos","Trousers","M","orange",73,100.0,113.0,2,226.0,"2021-10-13","2021-10-16",3
1403,288,201,"Loni Tort",58,"Polygender","Joelmouth","Australian Capital Territory",395,"Casual Slim Fit","Shirt","XS","yellow",63,113.0,119.0,1,119.0,"2021-10-13","2021-10-16",3
1404,289,977,"Michell Lappine",34,"Polygender","East Sophia","Queensland",828,"Shearling","Jacket","L","blue",64,95.0,117.0,2,234.0,"2021-01-26","2021-02-16",21
1405,289,977,"Michell Lappine",34,"Polygender","East Sophia","Queensland",422,"Denim","Jacket","M","red",43,92.0,107.0,1,107.0,"2021-01-26","2021-02-16",21
1406,289,977,"Michell Lappine",34,"Polygender","East Sophia","Queensland",1141,"Cargo Pants","Trousers","S","blue",63,106.0,102.0,1,102.0,"2021-01-26","2021-02-16",21
1407,289,977,"Michell Lappine",34,"Polygender","East Sophia","Queensland",599,"Cardigan","Jacket","XL","red",54,118.0,112.0,2,224.0,"2021-01-26","2021-02-16",21
1408,289,977,"Michell Lappine",34,"Polygender","East Sophia","Queensland",481,"Puffer","Jacket","S","indigo",62,110.0,118.0,2,236.0,"2021-01-26","2021-02-16",21
1409,289,977,"Michell Lappine",34,"Polygender","East Sophia","Queensland",736,"Peacoat","Jacket","S","red",67,102.0,109.0,2,218.0,"2021-01-26","2021-02-16",21
1410,289,977,"Michell Lappine",34,"Polygender","East Sophia","Queensland",45,"Dress","Shirt","XS","yellow",69,119.0,104.0,3,312.0,"2021-01-26","2021-02-16",21
1411,289,977,"Michell Lappine",34,"Polygender","East Sophia","Queensland",1045,"Relaxed Leg","Trousers","XS","violet",49,95.0,90.0,1,90.0,"2021-01-26","2021-02-16",21
1412,289,977,"Michell Lappine",34,"Polygender","East Sophia","Queensland",463,"Puffer","Jacket","L","orange",66,110.0,118.0,2,236.0,"2021-01-26","2021-02-16",21
1413,289,977,"Michell Lappine",34,"Polygender","East Sophia","Queensland",1150,"Cargo Pants","Trousers","XS","violet",40,106.0,102.0,2,204.0,"2021-01-26","2021-02-16",21
1414,290,364,"Konstantin Kuhlmey",28,"Polygender","Swiftfort","New South Wales",780,"Pullover","Jacket","XS","yellow",65,114.0,91.0,1,91.0,"2021-08-01","2021-08-16",15
1415,290,364,"Konstantin Kuhlmey",28,"Polygender","Swiftfort","New South Wales",770,"Pullover","Jacket","XS","red",54,114.0,91.0,3,273.0,"2021-08-01","2021-08-16",15
1416,290,364,"Konstantin Kuhlmey",28,"Polygender","Swiftfort","New South Wales",916,"Drawstring","Trousers","S","orange",58,104.0,96.0,2,192.0,"2021-08-01","2021-08-16",15
1417,290,364,"Konstantin Kuhlmey",28,"Polygender","Swiftfort","New South Wales",843,"Chinos","Trousers","L","red",44,100.0,113.0,3,339.0,"2021-08-01","2021-08-16",15
1418,290,364,"Konstantin Kuhlmey",28,"Polygender","Swiftfort","New South Wales",143,"Linen","Shirt","L","red",80,116.0,91.0,1,91.0,"2021-08-01","2021-08-16",15
1419,291,112,"Hadlee Douthwaite",42,"Female","West Hamish","South Australia",443,"Denim","Jacket","L","blue",42,92.0,107.0,3,321.0,"2021-01-12","2021-02-05",24
1420,291,112,"Hadlee Douthwaite",42,"Female","West Hamish","South Australia",810,"Shearling","Jacket","XS","orange",54,95.0,117.0,3,351.0,"2021-01-12","2021-02-05",24
1421,291,112,"Hadlee Douthwaite",42,"Female","West Hamish","South Australia",800,"Pullover","Jacket","XS","violet",61,114.0,91.0,3,273.0,"2021-01-12","2021-02-05",24
1422,291,112,"Hadlee Douthwaite",42,"Female","West Hamish","South Australia",287,"Cuban Collar","Shirt","M","orange",49,93.0,105.0,2,210.0,"2021-01-12","2021-02-05",24
1423,291,112,"Hadlee Douthwaite",42,"Female","West Hamish","South Australia",222,"Chambray","Shirt","M","yellow",62,105.0,106.0,1,106.0,"2021-01-12","2021-02-05",24
1424,291,112,"Hadlee Douthwaite",42,"Female","West Hamish","South Australia",806,"Shearling","Jacket","S","red",75,95.0,117.0,1,117.0,"2021-01-12","2021-02-05",24
1425,292,337,"Milton Otson",78,"Non-binary","Cooperbury","Western Australia",946,"Slim-Fit","Trousers","S","red",71,119.0,97.0,3,291.0,"2021-03-26","2021-04-04",9
1426,292,337,"Milton Otson",78,"Non-binary","Cooperbury","Western Australia",692,"Parka","Jacket","M","indigo",66,119.0,113.0,3,339.0,"2021-03-26","2021-04-04",9
1427,292,337,"Milton Otson",78,"Non-binary","Cooperbury","Western Australia",1246,"Tracksuit Bottoms","Trousers","S","blue",48,91.0,112.0,1,112.0,"2021-03-26","2021-04-04",9
1428,292,337,"Milton Otson",78,"Non-binary","Cooperbury","Western Australia",925,"Drawstring","Trousers","XS","green",57,104.0,96.0,2,192.0,"2021-03-26","2021-04-04",9
1429,292,337,"Milton Otson",78,"Non-binary","Cooperbury","Western Australia",189,"Camp Collared","Shirt","XL","yellow",44,112.0,98.0,3,294.0,"2021-03-26","2021-04-04",9
1430,292,337,"Milton Otson",78,"Non-binary","Cooperbury","Western Australia",1250,"Tracksuit Bottoms","Trousers","XS","indigo",63,91.0,112.0,2,224.0,"2021-03-26","2021-04-04",9
1431,293,426,"Augusto Ackrill",40,"Bigender","South Sophieview","Victoria",740,"Peacoat","Jacket","XS","orange",78,102.0,109.0,2,218.0,"2021-08-05","2021-08-13",8
1432,293,426,"Augusto Ackrill",40,"Bigender","South Sophieview","Victoria",982,"Wool","Trousers","M","red",58,111.0,106.0,2,212.0,"2021-08-05","2021-08-13",8
1433,293,426,"Augusto Ackrill",40,"Bigender","South Sophieview","Victoria",1122,"Cargo Pants","Trousers","M","red",52,106.0,102.0,2,204.0,"2021-08-05","2021-08-13",8
1434,293,426,"Augusto Ackrill",40,"Bigender","South Sophieview","Victoria",1050,"Joggers","Trousers","XS","red",65,94.0,93.0,1,93.0,"2021-08-05","2021-08-13",8
1435,293,426,"Augusto Ackrill",40,"Bigender","South Sophieview","Victoria",1055,"Joggers","Trousers","XS","orange",65,94.0,93.0,2,186.0,"2021-08-05","2021-08-13",8
1436,293,426,"Augusto Ackrill",40,"Bigender","South Sophieview","Victoria",105,"Denim","Shirt","XS","red",52,115.0,92.0,3,276.0,"2021-08-05","2021-08-13",8
1437,293,426,"Augusto Ackrill",40,"Bigender","South Sophieview","Victoria",317,"Mandarin Collar","Shirt","M","red",60,108.0,109.0,1,109.0,"2021-08-05","2021-08-13",8
1438,294,499,"Henrietta Briatt",24,"Agender","New Hannah","Australian Capital Territory",539,"Leather","Jacket","XL","yellow",67,113.0,98.0,1,98.0,"2021-08-28","2021-09-15",18
1439,294,499,"Henrietta Briatt",24,"Agender","New Hannah","Australian Capital Territory",566,"Bomber","Jacket","S","orange",49,90.0,100.0,3,300.0,"2021-08-28","2021-09-15",18
1440,294,499,"Henrietta Briatt",24,"Agender","New Hannah","Australian Capital Territory",1241,"Tracksuit Bottoms","Trousers","S","green",72,91.0,112.0,2,224.0,"2021-08-28","2021-09-15",18
1441,294,499,"Henrietta Briatt",24,"Agender","New Hannah","Australian Capital Territory",181,"Camp Collared","Shirt","S","orange",62,112.0,98.0,1,98.0,"2021-08-28","2021-09-15",18
1442,294,499,"Henrietta Briatt",24,"Agender","New Hannah","Australian Capital Territory",25,"Oxford Cloth","Shirt","XS","indigo",61,114.0,96.0,1,96.0,"2021-08-28","2021-09-15",18
1443,294,499,"Henrietta Briatt",24,"Agender","New Hannah","Australian Capital Territory",1219,"Pleated","Trousers","XL","indigo",45,90.0,105.0,1,105.0,"2021-08-28","2021-09-15",18
1444,295,412,"Chandal Fransinelli",21,"Polygender","Hackettchester","South Australia",865,"Chinos","Trousers","XS","indigo",61,100.0,113.0,1,113.0,"2021-03-05","2021-03-19",14
1445,295,412,"Chandal Fransinelli",21,"Polygender","Hackettchester","South Australia",571,"Bomber","Jacket","S","yellow",64,90.0,100.0,2,200.0,"2021-03-05","2021-03-19",14
1446,296,207,"Brade Caught",56,"Genderqueer","Elijahburgh","Queensland",100,"Flannel","Shirt","XS","violet",72,96.0,118.0,1,118.0,"2021-10-22","2021-10-25",3
1447,296,207,"Brade Caught",56,"Genderqueer","Elijahburgh","Queensland",49,"Dress","Shirt","XL","yellow",75,119.0,104.0,2,208.0,"2021-10-22","2021-10-25",3
1448,296,207,"Brade Caught",56,"Genderqueer","Elijahburgh","Queensland",466,"Puffer","Jacket","S","yellow",48,110.0,118.0,3,354.0,"2021-10-22","2021-10-25",3
1449,296,207,"Brade Caught",56,"Genderqueer","Elijahburgh","Queensland",103,"Flannel","Shirt","L","violet",76,96.0,118.0,3,354.0,"2021-10-22","2021-10-25",3
1450,296,207,"Brade Caught",56,"Genderqueer","Elijahburgh","Queensland",343,"Mandarin Collar","Shirt","L","indigo",53,108.0,109.0,2,218.0,"2021-10-22","2021-10-25",3
1451,297,256,"Dulcia Gawthorpe",46,"Bigender","North Lillian","Australian Capital Territory",1235,"Tracksuit Bottoms","Trousers","XS","yellow",76,91.0,112.0,3,336.0,"2021-06-15","2021-06-27",12
1452,297,256,"Dulcia Gawthorpe",46,"Bigender","North Lillian","Australian Capital Territory",247,"Polo","Shirt","M","red",70,117.0,95.0,1,95.0,"2021-06-15","2021-06-27",12
1453,297,256,"Dulcia Gawthorpe",46,"Bigender","North Lillian","Australian Capital Territory",416,"Casual Slim Fit","Shirt","S","violet",50,113.0,119.0,2,238.0,"2021-06-15","2021-06-27",12
1454,297,256,"Dulcia Gawthorpe",46,"Bigender","North Lillian","Australian Capital Territory",845,"Chinos","Trousers","XS","orange",53,100.0,113.0,1,113.0,"2021-06-15","2021-06-27",12
1455,297,256,"Dulcia Gawthorpe",46,"Bigender","North Lillian","Australian Capital Territory",752,"Peacoat","Jacket","M","green",49,102.0,109.0,1,109.0,"2021-06-15","2021-06-27",12
1456,297,256,"Dulcia Gawthorpe",46,"Bigender","North Lillian","Australian Capital Territory",892,"Cords","Trousers","M","green",76,113.0,94.0,3,282.0,"2021-06-15","2021-06-27",12
1457,297,256,"Dulcia Gawthorpe",46,"Bigender","North Lillian","Australian Capital Territory",672,"Parka","Jacket","M","orange",51,119.0,113.0,2,226.0,"2021-06-15","2021-06-27",12
1458,297,256,"Dulcia Gawthorpe",46,"Bigender","North Lillian","Australian Capital Territory",854,"Chinos","Trousers","XL","yellow",59,100.0,113.0,2,226.0,"2021-06-15","2021-06-27",12
1459,297,256,"Dulcia Gawthorpe",46,"Bigender","North Lillian","Australian Capital Territory",757,"Peacoat","Jacket","M","blue",71,102.0,109.0,1,109.0,"2021-06-15","2021-06-27",12
1460,297,256,"Dulcia Gawthorpe",46,"Bigender","North Lillian","Australian Capital Territory",971,"Slim-Fit","Trousers","S","indigo",41,119.0,97.0,2,194.0,"2021-06-15","2021-06-27",12
1461,298,58,"Aurie Margett",39,"Agender","Amelieburgh","New South Wales",978,"Slim-Fit","Trousers","L","violet",58,119.0,97.0,2,194.0,"2021-09-11","2021-09-20",9
1462,298,58,"Aurie Margett",39,"Agender","Amelieburgh","New South Wales",667,"Parka","Jacket","M","red",56,119.0,113.0,2,226.0,"2021-09-11","2021-09-20",9
1463,298,58,"Aurie Margett",39,"Agender","Amelieburgh","New South Wales",672,"Parka","Jacket","M","orange",51,119.0,113.0,1,113.0,"2021-09-11","2021-09-20",9
1464,298,58,"Aurie Margett",39,"Agender","Amelieburgh","New South Wales",767,"Peacoat","Jacket","M","violet",77,102.0,109.0,2,218.0,"2021-09-11","2021-09-20",9
1465,298,58,"Aurie Margett",39,"Agender","Amelieburgh","New South Wales",1081,"Joggers","Trousers","S","violet",63,94.0,93.0,3,279.0,"2021-09-11","2021-09-20",9
1466,298,58,"Aurie Margett",39,"Agender","Amelieburgh","New South Wales",555,"Leather","Jacket","XS","violet",70,113.0,98.0,2,196.0,"2021-09-11","2021-09-20",9
1467,299,994,"Vanna Densham",53,"Female","Hallshire","Western Australia",153,"Linen","Shirt","L","yellow",72,116.0,91.0,2,182.0,"2021-01-12","2021-02-03",22
1468,299,994,"Vanna Densham",53,"Female","Hallshire","Western Australia",143,"Linen","Shirt","L","red",80,116.0,91.0,3,273.0,"2021-01-12","2021-02-03",22
1469,299,994,"Vanna Densham",53,"Female","Hallshire","Western Australia",694,"Parka","Jacket","XL","indigo",78,119.0,113.0,3,339.0,"2021-01-12","2021-02-03",22
1470,299,994,"Vanna Densham",53,"Female","Hallshire","Western Australia",199,"Camp Collared","Shirt","XL","blue",51,112.0,98.0,1,98.0,"2021-01-12","2021-02-03",22
1471,299,994,"Vanna Densham",53,"Female","Hallshire","Western Australia",492,"Windbreaker","Jacket","M","red",47,109.0,102.0,3,306.0,"2021-01-12","2021-02-03",22
1472,299,994,"Vanna Densham",53,"Female","Hallshire","Western Australia",149,"Linen","Shirt","XL","orange",59,116.0,91.0,2,182.0,"2021-01-12","2021-02-03",22
1473,299,994,"Vanna Densham",53,"Female","Hallshire","Western Australia",1242,"Tracksuit Bottoms","Trousers","M","green",47,91.0,112.0,3,336.0,"2021-01-12","2021-02-03",22
1474,300,912,"Chancey Iacovozzo",60,"Agender","West John","Tasmania",523,"Windbreaker","Jacket","L","violet",72,109.0,102.0,2,204.0,"2021-09-30","2021-10-25",25
1475,301,535,"Kerry Luto",56,"Polygender","Conroychester","South Australia",1035,"Relaxed Leg","Trousers","XS","blue",54,95.0,90.0,2,180.0,"2021-06-21","2021-06-25",4
1476,301,535,"Kerry Luto",56,"Polygender","Conroychester","South Australia",814,"Shearling","Jacket","XL","orange",60,95.0,117.0,3,351.0,"2021-06-21","2021-06-25",4
1477,301,535,"Kerry Luto",56,"Polygender","Conroychester","South Australia",141,"Linen","Shirt","S","red",67,116.0,91.0,3,273.0,"2021-06-21","2021-06-25",4
1478,301,535,"Kerry Luto",56,"Polygender","Conroychester","South Australia",266,"Polo","Shirt","S","blue",76,117.0,95.0,3,285.0,"2021-06-21","2021-06-25",4
1479,301,535,"Kerry Luto",56,"Polygender","Conroychester","South Australia",947,"Slim-Fit","Trousers","M","red",67,119.0,97.0,2,194.0,"2021-06-21","2021-06-25",4
1480,301,535,"Kerry Luto",56,"Polygender","Conroychester","South Australia",1094,"Cropped","Trousers","XL","orange",61,99.0,115.0,2,230.0,"2021-06-21","2021-06-25",4
1481,302,156,"Cosmo Leys",24,"Female","Kaiberg","Western Australia",1052,"Joggers","Trousers","M","red",43,94.0,93.0,1,93.0,"2021-06-19","2021-07-07",18
1482,302,156,"Cosmo Leys",24,"Female","Kaiberg","Western Australia",528,"Leather","Jacket","L","red",76,113.0,98.0,2,196.0,"2021-06-19","2021-07-07",18
1483,302,156,"Cosmo Leys",24,"Female","Kaiberg","Western Australia",926,"Drawstring","Trousers","S","green",73,104.0,96.0,1,96.0,"2021-06-19","2021-07-07",18
1484,303,758,"Mallissa Lawdham",44,"Genderfluid","East Madison","New South Wales",595,"Cardigan","Jacket","XS","red",51,118.0,112.0,2,224.0,"2021-09-02","2021-09-11",9
1485,303,758,"Mallissa Lawdham",44,"Genderfluid","East Madison","New South Wales",589,"Bomber","Jacket","XL","indigo",50,90.0,100.0,1,100.0,"2021-09-02","2021-09-11",9
1486,303,758,"Mallissa Lawdham",44,"Genderfluid","East Madison","New South Wales",3,"Oxford Cloth","Shirt","L","red",69,114.0,96.0,2,192.0,"2021-09-02","2021-09-11",9
1487,303,758,"Mallissa Lawdham",44,"Genderfluid","East Madison","New South Wales",399,"Casual Slim Fit","Shirt","XL","yellow",78,113.0,119.0,3,357.0,"2021-09-02","2021-09-11",9
1488,304,537,"Beverly Burbridge",45,"Non-binary","Krisland","Western Australia",155,"Linen","Shirt","XS","green",49,116.0,91.0,3,273.0,"2021-04-10","2021-05-03",23
1489,304,537,"Beverly Burbridge",45,"Non-binary","Krisland","Western Australia",605,"Cardigan","Jacket","XS","yellow",46,118.0,112.0,3,336.0,"2021-04-10","2021-05-03",23
1490,304,537,"Beverly Burbridge",45,"Non-binary","Krisland","Western Australia",104,"Flannel","Shirt","XL","violet",43,96.0,118.0,3,354.0,"2021-04-10","2021-05-03",23
1491,304,537,"Beverly Burbridge",45,"Non-binary","Krisland","Western Australia",850,"Chinos","Trousers","XS","yellow",41,100.0,113.0,3,339.0,"2021-04-10","2021-05-03",23
1492,304,537,"Beverly Burbridge",45,"Non-binary","Krisland","Western Australia",98,"Flannel","Shirt","L","indigo",62,96.0,118.0,2,236.0,"2021-04-10","2021-05-03",23
1493,305,234,"Duncan Walliker",37,"Genderfluid","West Zoe","Victoria",706,"Trench Coat","Jacket","S","orange",41,112.0,119.0,3,357.0,"2021-07-09","2021-07-26",17
1494,305,234,"Duncan Walliker",37,"Genderfluid","West Zoe","Victoria",504,"Windbreaker","Jacket","XL","yellow",58,109.0,102.0,1,102.0,"2021-07-09","2021-07-26",17
1495,305,234,"Duncan Walliker",37,"Genderfluid","West Zoe","Victoria",188,"Camp Collared","Shirt","L","yellow",71,112.0,98.0,2,196.0,"2021-07-09","2021-07-26",17
1496,305,234,"Duncan Walliker",37,"Genderfluid","West Zoe","Victoria",308,"Cuban Collar","Shirt","L","indigo",65,93.0,105.0,2,210.0,"2021-07-09","2021-07-26",17
1497,306,747,"Cristen Hagley",25,"Bigender","Lake Gabriella","Victoria",768,"Peacoat","Jacket","L","violet",65,102.0,109.0,3,327.0,"2021-10-16","2021-10-19",3
1498,307,679,"Osgood Percifer",76,"Genderqueer","Cameronton","Western Australia",349,"Mandarin Collar","Shirt","XL","violet",71,108.0,109.0,1,109.0,"2021-10-11","2021-10-28",17
1499,307,679,"Osgood Percifer",76,"Genderqueer","Cameronton","Western Australia",886,"Cords","Trousers","S","yellow",68,113.0,94.0,3,282.0,"2021-10-11","2021-10-28",17
1500,307,679,"Osgood Percifer",76,"Genderqueer","Cameronton","Western Australia",1070,"Joggers","Trousers","XS","blue",67,94.0,93.0,2,186.0,"2021-10-11","2021-10-28",17
1501,307,679,"Osgood Percifer",76,"Genderqueer","Cameronton","Western Australia",1177,"High-Waisted","Trousers","M","blue",52,98.0,99.0,3,297.0,"2021-10-11","2021-10-28",17
1502,308,549,"Barclay Beswick",50,"Male","Gleasonburgh","Northern Territory",598,"Cardigan","Jacket","L","red",41,118.0,112.0,1,112.0,"2021-02-13","2021-03-08",23
1503,308,549,"Barclay Beswick",50,"Male","Gleasonburgh","Northern Territory",678,"Parka","Jacket","L","yellow",72,119.0,113.0,3,339.0,"2021-02-13","2021-03-08",23
1504,308,549,"Barclay Beswick",50,"Male","Gleasonburgh","Northern Territory",944,"Drawstring","Trousers","XL","violet",80,104.0,96.0,3,288.0,"2021-02-13","2021-03-08",23
1505,309,390,"Bee Mazonowicz",36,"Bigender","South Eveshire","Western Australia",406,"Casual Slim Fit","Shirt","S","blue",75,113.0,119.0,1,119.0,"2021-01-07","2021-01-25",18
1506,309,390,"Bee Mazonowicz",36,"Bigender","South Eveshire","Western Australia",350,"Henley","Shirt","XS","red",62,92.0,94.0,2,188.0,"2021-01-07","2021-01-25",18
1507,310,348,"Thorny Nornable",76,"Genderqueer","Rubyfort","Tasmania",640,"Coach","Jacket","XS","yellow",52,115.0,93.0,2,186.0,"2021-04-25","2021-05-15",20
1508,310,348,"Thorny Nornable",76,"Genderqueer","Rubyfort","Tasmania",1036,"Relaxed Leg","Trousers","S","blue",57,95.0,90.0,2,180.0,"2021-04-25","2021-05-15",20
1509,310,348,"Thorny Nornable",76,"Genderqueer","Rubyfort","Tasmania",78,"Flannel","Shirt","L","orange",59,96.0,118.0,1,118.0,"2021-04-25","2021-05-15",20
1510,310,348,"Thorny Nornable",76,"Genderqueer","Rubyfort","Tasmania",1105,"Cropped","Trousers","XS","blue",47,99.0,115.0,3,345.0,"2021-04-25","2021-05-15",20
1511,310,348,"Thorny Nornable",76,"Genderqueer","Rubyfort","Tasmania",870,"Chinos","Trousers","XS","violet",72,100.0,113.0,2,226.0,"2021-04-25","2021-05-15",20
1512,311,807,"Dena Banbrick",26,"Polygender","Tylershire","Queensland",317,"Mandarin Collar","Shirt","M","red",60,108.0,109.0,2,218.0,"2021-03-07","2021-03-25",18
1513,311,807,"Dena Banbrick",26,"Polygender","Tylershire","Queensland",39,"Dress","Shirt","XL","red",47,119.0,104.0,3,312.0,"2021-03-07","2021-03-25",18
1514,311,807,"Dena Banbrick",26,"Polygender","Tylershire","Queensland",399,"Casual Slim Fit","Shirt","XL","yellow",78,113.0,119.0,1,119.0,"2021-03-07","2021-03-25",18
1515,311,807,"Dena Banbrick",26,"Polygender","Tylershire","Queensland",1191,"Pleated","Trousers","S","red",78,90.0,105.0,1,105.0,"2021-03-07","2021-03-25",18
1516,312,683,"Esteban Hensmans",45,"Genderfluid","West Finnberg","Australian Capital Territory",285,"Cuban Collar","Shirt","XS","orange",62,93.0,105.0,2,210.0,"2021-07-06","2021-07-31",25
1517,312,683,"Esteban Hensmans",45,"Genderfluid","West Finnberg","Australian Capital Territory",31,"Oxford Cloth","Shirt","S","violet",41,114.0,96.0,2,192.0,"2021-07-06","2021-07-31",25
1518,312,683,"Esteban Hensmans",45,"Genderfluid","West Finnberg","Australian Capital Territory",899,"Cords","Trousers","XL","blue",65,113.0,94.0,3,282.0,"2021-07-06","2021-07-31",25
1519,312,683,"Esteban Hensmans",45,"Genderfluid","West Finnberg","Australian Capital Territory",713,"Trench Coat","Jacket","L","yellow",77,112.0,119.0,1,119.0,"2021-07-06","2021-07-31",25
1520,312,683,"Esteban Hensmans",45,"Genderfluid","West Finnberg","Australian Capital Territory",155,"Linen","Shirt","XS","green",49,116.0,91.0,2,182.0,"2021-07-06","2021-07-31",25
1521,312,683,"Esteban Hensmans",45,"Genderfluid","West Finnberg","Australian Capital Territory",78,"Flannel","Shirt","L","orange",59,96.0,118.0,2,236.0,"2021-07-06","2021-07-31",25
1522,312,683,"Esteban Hensmans",45,"Genderfluid","West Finnberg","Australian Capital Territory",895,"Cords","Trousers","XS","blue",60,113.0,94.0,3,282.0,"2021-07-06","2021-07-31",25
1523,312,683,"Esteban Hensmans",45,"Genderfluid","West Finnberg","Australian Capital Territory",684,"Parka","Jacket","XL","green",55,119.0,113.0,2,226.0,"2021-07-06","2021-07-31",25
1524,312,683,"Esteban Hensmans",45,"Genderfluid","West Finnberg","Australian Capital Territory",836,"Shearling","Jacket","S","violet",49,95.0,117.0,1,117.0,"2021-07-06","2021-07-31",25
1525,312,683,"Esteban Hensmans",45,"Genderfluid","West Finnberg","Australian Capital Territory",1239,"Tracksuit Bottoms","Trousers","XL","yellow",59,91.0,112.0,3,336.0,"2021-07-06","2021-07-31",25
1526,312,683,"Esteban Hensmans",45,"Genderfluid","West Finnberg","Australian Capital Territory",949,"Slim-Fit","Trousers","XL","red",67,119.0,97.0,1,97.0,"2021-07-06","2021-07-31",25
1527,313,266,"Sheff Ruoss",55,"Non-binary","Laylabury","New South Wales",540,"Leather","Jacket","XS","green",57,113.0,98.0,3,294.0,"2021-06-02","2021-06-11",9
1528,313,266,"Sheff Ruoss",55,"Non-binary","Laylabury","New South Wales",196,"Camp Collared","Shirt","S","blue",75,112.0,98.0,1,98.0,"2021-06-02","2021-06-11",9
1529,313,266,"Sheff Ruoss",55,"Non-binary","Laylabury","New South Wales",1129,"Cargo Pants","Trousers","XL","orange",61,106.0,102.0,2,204.0,"2021-06-02","2021-06-11",9
1530,313,266,"Sheff Ruoss",55,"Non-binary","Laylabury","New South Wales",1063,"Joggers","Trousers","L","yellow",58,94.0,93.0,3,279.0,"2021-06-02","2021-06-11",9
1531,313,266,"Sheff Ruoss",55,"Non-binary","Laylabury","New South Wales",420,"Denim","Jacket","XS","red",60,92.0,107.0,2,214.0,"2021-06-02","2021-06-11",9
1532,313,266,"Sheff Ruoss",55,"Non-binary","Laylabury","New South Wales",123,"Denim","Shirt","L","green",71,115.0,92.0,3,276.0,"2021-06-02","2021-06-11",9
1533,313,266,"Sheff Ruoss",55,"Non-binary","Laylabury","New South Wales",527,"Leather","Jacket","M","red",54,113.0,98.0,3,294.0,"2021-06-02","2021-06-11",9
1534,313,266,"Sheff Ruoss",55,"Non-binary","Laylabury","New South Wales",2,"Oxford Cloth","Shirt","M","red",54,114.0,96.0,1,96.0,"2021-06-02","2021-06-11",9
1535,314,95,"Pierre Rockwill",33,"Non-binary","Port Jordan","Western Australia",869,"Chinos","Trousers","XL","indigo",78,100.0,113.0,2,226.0,"2021-08-14","2021-08-17",3
1536,314,95,"Pierre Rockwill",33,"Non-binary","Port Jordan","Western Australia",815,"Shearling","Jacket","XS","yellow",66,95.0,117.0,3,351.0,"2021-08-14","2021-08-17",3
1537,314,95,"Pierre Rockwill",33,"Non-binary","Port Jordan","Western Australia",884,"Cords","Trousers","XL","orange",72,113.0,94.0,3,282.0,"2021-08-14","2021-08-17",3
1538,314,95,"Pierre Rockwill",33,"Non-binary","Port Jordan","Western Australia",1257,"Tracksuit Bottoms","Trousers","M","violet",73,91.0,112.0,3,336.0,"2021-08-14","2021-08-17",3
1539,314,95,"Pierre Rockwill",33,"Non-binary","Port Jordan","Western Australia",205,"Camp Collared","Shirt","XS","violet",72,112.0,98.0,1,98.0,"2021-08-14","2021-08-17",3
1540,314,95,"Pierre Rockwill",33,"Non-binary","Port Jordan","Western Australia",829,"Shearling","Jacket","XL","blue",79,95.0,117.0,3,351.0,"2021-08-14","2021-08-17",3
1541,314,95,"Pierre Rockwill",33,"Non-binary","Port Jordan","Western Australia",935,"Drawstring","Trousers","XS","indigo",61,104.0,96.0,3,288.0,"2021-08-14","2021-08-17",3
1542,315,239,"Daria Embleton",63,"Genderfluid","North Sophie","Australian Capital Territory",677,"Parka","Jacket","M","yellow",46,119.0,113.0,1,113.0,"2021-04-05","2021-04-25",20
1543,315,239,"Daria Embleton",63,"Genderfluid","North Sophie","Australian Capital Territory",1089,"Cropped","Trousers","XL","red",78,99.0,115.0,1,115.0,"2021-04-05","2021-04-25",20
1544,315,239,"Daria Embleton",63,"Genderfluid","North Sophie","Australian Capital Territory",145,"Linen","Shirt","XS","orange",70,116.0,91.0,3,273.0,"2021-04-05","2021-04-25",20
1545,316,179,"Leeann Gowdie",52,"Agender","Callumborough","Queensland",1079,"Joggers","Trousers","XL","indigo",66,94.0,93.0,3,279.0,"2021-09-12","2021-09-20",8
1546,316,179,"Leeann Gowdie",52,"Agender","Callumborough","Queensland",170,"Linen","Shirt","XS","violet",56,116.0,91.0,1,91.0,"2021-09-12","2021-09-20",8
1547,316,179,"Leeann Gowdie",52,"Agender","Callumborough","Queensland",1071,"Joggers","Trousers","S","blue",50,94.0,93.0,2,186.0,"2021-09-12","2021-09-20",8
1548,316,179,"Leeann Gowdie",52,"Agender","Callumborough","Queensland",103,"Flannel","Shirt","L","violet",76,96.0,118.0,3,354.0,"2021-09-12","2021-09-20",8
1549,317,876,"Glynda Dodshon",20,"Male","New Aidenfurt","Northern Territory",254,"Polo","Shirt","XL","orange",43,117.0,95.0,3,285.0,"2021-04-23","2021-04-26",3
1550,317,876,"Glynda Dodshon",20,"Male","New Aidenfurt","Northern Territory",414,"Casual Slim Fit","Shirt","XL","indigo",40,113.0,119.0,2,238.0,"2021-04-23","2021-04-26",3
1551,318,433,"Candis Roswarne",46,"Non-binary","West Michaelport","Tasmania",634,"Coach","Jacket","XL","red",46,115.0,93.0,1,93.0,"2021-01-31","2021-02-17",17
1552,318,433,"Candis Roswarne",46,"Non-binary","West Michaelport","Tasmania",854,"Chinos","Trousers","XL","yellow",59,100.0,113.0,1,113.0,"2021-01-31","2021-02-17",17
1553,318,433,"Candis Roswarne",46,"Non-binary","West Michaelport","Tasmania",542,"Leather","Jacket","M","green",45,113.0,98.0,2,196.0,"2021-01-31","2021-02-17",17
1554,319,933,"Lenna Beau",36,"Genderqueer","Port Lillianside","South Australia",1152,"Cargo Pants","Trousers","M","violet",58,106.0,102.0,1,102.0,"2021-08-22","2021-09-16",25
1555,319,933,"Lenna Beau",36,"Genderqueer","Port Lillianside","South Australia",1202,"Pleated","Trousers","M","yellow",54,90.0,105.0,1,105.0,"2021-08-22","2021-09-16",25
1556,319,933,"Lenna Beau",36,"Genderqueer","Port Lillianside","South Australia",1160,"High-Waisted","Trousers","XS","orange",55,98.0,99.0,1,99.0,"2021-08-22","2021-09-16",25
1557,319,933,"Lenna Beau",36,"Genderqueer","Port Lillianside","South Australia",162,"Linen","Shirt","M","blue",58,116.0,91.0,3,273.0,"2021-08-22","2021-09-16",25
1558,319,933,"Lenna Beau",36,"Genderqueer","Port Lillianside","South Australia",385,"Casual Slim Fit","Shirt","XS","red",49,113.0,119.0,1,119.0,"2021-08-22","2021-09-16",25
1559,320,41,"Hana Stitch",65,"Male","Port Ella","New South Wales",940,"Drawstring","Trousers","XS","violet",62,104.0,96.0,1,96.0,"2021-08-22","2021-09-12",21
1560,320,41,"Hana Stitch",65,"Male","Port Ella","New South Wales",596,"Cardigan","Jacket","S","red",47,118.0,112.0,3,336.0,"2021-08-22","2021-09-12",21
1561,320,41,"Hana Stitch",65,"Male","Port Ella","New South Wales",1137,"Cargo Pants","Trousers","M","green",78,106.0,102.0,3,306.0,"2021-08-22","2021-09-12",21
1562,320,41,"Hana Stitch",65,"Male","Port Ella","New South Wales",1235,"Tracksuit Bottoms","Trousers","XS","yellow",76,91.0,112.0,3,336.0,"2021-08-22","2021-09-12",21
1563,320,41,"Hana Stitch",65,"Male","Port Ella","New South Wales",836,"Shearling","Jacket","S","violet",49,95.0,117.0,1,117.0,"2021-08-22","2021-09-12",21
1564,320,41,"Hana Stitch",65,"Male","Port Ella","New South Wales",844,"Chinos","Trousers","XL","red",71,100.0,113.0,2,226.0,"2021-08-22","2021-09-12",21
1565,321,833,"Hilliard Papes",27,"Genderqueer","Jaspermouth","Western Australia",457,"Puffer","Jacket","M","red",62,110.0,118.0,2,236.0,"2021-08-26","2021-08-31",5
1566,321,833,"Hilliard Papes",27,"Genderqueer","Jaspermouth","Western Australia",933,"Drawstring","Trousers","L","blue",50,104.0,96.0,3,288.0,"2021-08-26","2021-08-31",5
1567,321,833,"Hilliard Papes",27,"Genderqueer","Jaspermouth","Western Australia",673,"Parka","Jacket","L","orange",77,119.0,113.0,1,113.0,"2021-08-26","2021-08-31",5
1568,321,833,"Hilliard Papes",27,"Genderqueer","Jaspermouth","Western Australia",615,"Cardigan","Jacket","XS","blue",54,118.0,112.0,2,224.0,"2021-08-26","2021-08-31",5
1569,321,833,"Hilliard Papes",27,"Genderqueer","Jaspermouth","Western Australia",1020,"Relaxed Leg","Trousers","XS","orange",64,95.0,90.0,1,90.0,"2021-08-26","2021-08-31",5
1570,321,833,"Hilliard Papes",27,"Genderqueer","Jaspermouth","Western Australia",892,"Cords","Trousers","M","green",76,113.0,94.0,1,94.0,"2021-08-26","2021-08-31",5
1571,321,833,"Hilliard Papes",27,"Genderqueer","Jaspermouth","Western Australia",612,"Cardigan","Jacket","M","green",46,118.0,112.0,1,112.0,"2021-08-26","2021-08-31",5
1572,321,833,"Hilliard Papes",27,"Genderqueer","Jaspermouth","Western Australia",887,"Cords","Trousers","M","yellow",58,113.0,94.0,2,188.0,"2021-08-26","2021-08-31",5
1573,321,833,"Hilliard Papes",27,"Genderqueer","Jaspermouth","Western Australia",944,"Drawstring","Trousers","XL","violet",80,104.0,96.0,2,192.0,"2021-08-26","2021-08-31",5
1574,322,686,"Elbertina Gaish",22,"Polygender","Dickensshire","Victoria",236,"Chambray","Shirt","S","indigo",59,105.0,106.0,2,212.0,"2021-08-17","2021-09-12",26
1575,322,686,"Elbertina Gaish",22,"Polygender","Dickensshire","Victoria",797,"Pullover","Jacket","M","indigo",72,114.0,91.0,2,182.0,"2021-08-17","2021-09-12",26
1576,322,686,"Elbertina Gaish",22,"Polygender","Dickensshire","Victoria",997,"Wool","Trousers","M","green",41,111.0,106.0,2,212.0,"2021-08-17","2021-09-12",26
1577,322,686,"Elbertina Gaish",22,"Polygender","Dickensshire","Victoria",967,"Slim-Fit","Trousers","M","blue",75,119.0,97.0,1,97.0,"2021-08-17","2021-09-12",26
1578,322,686,"Elbertina Gaish",22,"Polygender","Dickensshire","Victoria",537,"Leather","Jacket","M","yellow",77,113.0,98.0,2,196.0,"2021-08-17","2021-09-12",26
1579,322,686,"Elbertina Gaish",22,"Polygender","Dickensshire","Victoria",348,"Mandarin Collar","Shirt","L","violet",54,108.0,109.0,1,109.0,"2021-08-17","2021-09-12",26
1580,322,686,"Elbertina Gaish",22,"Polygender","Dickensshire","Victoria",152,"Linen","Shirt","M","yellow",59,116.0,91.0,3,273.0,"2021-08-17","2021-09-12",26
1581,323,852,"Lucas Cromly",67,"Polygender","O'connertown","Tasmania",943,"Drawstring","Trousers","L","violet",62,104.0,96.0,2,192.0,"2021-03-23","2021-04-13",21
1582,323,852,"Lucas Cromly",67,"Polygender","O'connertown","Tasmania",635,"Coach","Jacket","XS","orange",42,115.0,93.0,3,279.0,"2021-03-23","2021-04-13",21
1583,323,852,"Lucas Cromly",67,"Polygender","O'connertown","Tasmania",1000,"Wool","Trousers","XS","blue",58,111.0,106.0,3,318.0,"2021-03-23","2021-04-13",21
1584,323,852,"Lucas Cromly",67,"Polygender","O'connertown","Tasmania",444,"Denim","Jacket","XL","blue",80,92.0,107.0,1,107.0,"2021-03-23","2021-04-13",21
1585,323,852,"Lucas Cromly",67,"Polygender","O'connertown","Tasmania",787,"Pullover","Jacket","M","green",47,114.0,91.0,2,182.0,"2021-03-23","2021-04-13",21
1586,323,852,"Lucas Cromly",67,"Polygender","O'connertown","Tasmania",357,"Henley","Shirt","M","orange",70,92.0,94.0,3,282.0,"2021-03-23","2021-04-13",21
1587,323,852,"Lucas Cromly",67,"Polygender","O'connertown","Tasmania",41,"Dress","Shirt","S","orange",69,119.0,104.0,2,208.0,"2021-03-23","2021-04-13",21
1588,323,852,"Lucas Cromly",67,"Polygender","O'connertown","Tasmania",1066,"Joggers","Trousers","S","green",76,94.0,93.0,2,186.0,"2021-03-23","2021-04-13",21
1589,324,99,"Benji Vineall",75,"Genderqueer","Port Madelineberg","Tasmania",122,"Denim","Shirt","M","green",66,115.0,92.0,2,184.0,"2021-07-05","2021-07-16",11
1590,324,99,"Benji Vineall",75,"Genderqueer","Port Madelineberg","Tasmania",135,"Denim","Shirt","XS","violet",73,115.0,92.0,3,276.0,"2021-07-05","2021-07-16",11
1591,324,99,"Benji Vineall",75,"Genderqueer","Port Madelineberg","Tasmania",647,"Coach","Jacket","M","green",63,115.0,93.0,3,279.0,"2021-07-05","2021-07-16",11
1592,324,99,"Benji Vineall",75,"Genderqueer","Port Madelineberg","Tasmania",269,"Polo","Shirt","XL","blue",70,117.0,95.0,2,190.0,"2021-07-05","2021-07-16",11
1593,324,99,"Benji Vineall",75,"Genderqueer","Port Madelineberg","Tasmania",741,"Peacoat","Jacket","S","orange",73,102.0,109.0,3,327.0,"2021-07-05","2021-07-16",11
1594,325,318,"Glyn Tieman",63,"Polygender","Georgiatown","Western Australia",869,"Chinos","Trousers","XL","indigo",78,100.0,113.0,3,339.0,"2021-05-11","2021-05-28",17
1595,325,318,"Glyn Tieman",63,"Polygender","Georgiatown","Western Australia",863,"Chinos","Trousers","L","blue",46,100.0,113.0,1,113.0,"2021-05-11","2021-05-28",17
1596,326,199,"Clayson Mealing",65,"Genderqueer","Lake Declanland","South Australia",390,"Casual Slim Fit","Shirt","XS","orange",43,113.0,119.0,2,238.0,"2021-06-22","2021-07-01",9
1597,326,199,"Clayson Mealing",65,"Genderqueer","Lake Declanland","South Australia",550,"Leather","Jacket","XS","indigo",78,113.0,98.0,1,98.0,"2021-06-22","2021-07-01",9
1598,326,199,"Clayson Mealing",65,"Genderqueer","Lake Declanland","South Australia",695,"Parka","Jacket","XS","violet",59,119.0,113.0,3,339.0,"2021-06-22","2021-07-01",9
1599,327,710,"Avivah Roddick",60,"Male","Kulasville","New South Wales",1030,"Relaxed Leg","Trousers","XS","green",80,95.0,90.0,2,180.0,"2021-07-28","2021-07-31",3
1600,327,710,"Avivah Roddick",60,"Male","Kulasville","New South Wales",60,"Dress","Shirt","XS","indigo",56,119.0,104.0,1,104.0,"2021-07-28","2021-07-31",3
1601,327,710,"Avivah Roddick",60,"Male","Kulasville","New South Wales",421,"Denim","Jacket","S","red",69,92.0,107.0,1,107.0,"2021-07-28","2021-07-31",3
1602,327,710,"Avivah Roddick",60,"Male","Kulasville","New South Wales",104,"Flannel","Shirt","XL","violet",43,96.0,118.0,1,118.0,"2021-07-28","2021-07-31",3
1603,327,710,"Avivah Roddick",60,"Male","Kulasville","New South Wales",508,"Windbreaker","Jacket","L","green",62,109.0,102.0,3,306.0,"2021-07-28","2021-07-31",3
1604,327,710,"Avivah Roddick",60,"Male","Kulasville","New South Wales",707,"Trench Coat","Jacket","M","orange",43,112.0,119.0,3,357.0,"2021-07-28","2021-07-31",3
1605,327,710,"Avivah Roddick",60,"Male","Kulasville","New South Wales",102,"Flannel","Shirt","M","violet",71,96.0,118.0,1,118.0,"2021-07-28","2021-07-31",3
1606,327,710,"Avivah Roddick",60,"Male","Kulasville","New South Wales",889,"Cords","Trousers","XL","yellow",65,113.0,94.0,1,94.0,"2021-07-28","2021-07-31",3
1607,328,246,"Lucias Forsythe",40,"Bigender","West Kiara","Tasmania",8,"Oxford Cloth","Shirt","L","orange",48,114.0,96.0,1,96.0,"2021-04-14","2021-05-08",24
1608,328,246,"Lucias Forsythe",40,"Bigender","West Kiara","Tasmania",1069,"Joggers","Trousers","XL","green",56,94.0,93.0,3,279.0,"2021-04-14","2021-05-08",24
1609,328,246,"Lucias Forsythe",40,"Bigender","West Kiara","Tasmania",1145,"Cargo Pants","Trousers","XS","indigo",51,106.0,102.0,1,102.0,"2021-04-14","2021-05-08",24
1610,329,820,"Normy Anlay",26,"Male","Alexanderland","Queensland",1041,"Relaxed Leg","Trousers","S","indigo",40,95.0,90.0,2,180.0,"2021-04-30","2021-05-24",24
1611,329,820,"Normy Anlay",26,"Male","Alexanderland","Queensland",1110,"Cropped","Trousers","XS","indigo",55,99.0,115.0,1,115.0,"2021-04-30","2021-05-24",24
1612,329,820,"Normy Anlay",26,"Male","Alexanderland","Queensland",887,"Cords","Trousers","M","yellow",58,113.0,94.0,1,94.0,"2021-04-30","2021-05-24",24
1613,329,820,"Normy Anlay",26,"Male","Alexanderland","Queensland",751,"Peacoat","Jacket","S","green",41,102.0,109.0,1,109.0,"2021-04-30","2021-05-24",24
1614,329,820,"Normy Anlay",26,"Male","Alexanderland","Queensland",186,"Camp Collared","Shirt","S","yellow",66,112.0,98.0,3,294.0,"2021-04-30","2021-05-24",24
1615,329,820,"Normy Anlay",26,"Male","Alexanderland","Queensland",220,"Chambray","Shirt","XS","yellow",57,105.0,106.0,1,106.0,"2021-04-30","2021-05-24",24
1616,330,887,"Killie Wigzell",61,"Male","South Emilyborough","Victoria",1226,"Tracksuit Bottoms","Trousers","S","red",57,91.0,112.0,2,224.0,"2021-03-12","2021-04-08",27
1617,330,887,"Killie Wigzell",61,"Male","South Emilyborough","Victoria",809,"Shearling","Jacket","XL","red",42,95.0,117.0,3,351.0,"2021-03-12","2021-04-08",27
1618,330,887,"Killie Wigzell",61,"Male","South Emilyborough","Victoria",87,"Flannel","Shirt","M","green",66,96.0,118.0,2,236.0,"2021-03-12","2021-04-08",27
1619,330,887,"Killie Wigzell",61,"Male","South Emilyborough","Victoria",1132,"Cargo Pants","Trousers","M","yellow",72,106.0,102.0,2,204.0,"2021-03-12","2021-04-08",27
1620,330,887,"Killie Wigzell",61,"Male","South Emilyborough","Victoria",1071,"Joggers","Trousers","S","blue",50,94.0,93.0,2,186.0,"2021-03-12","2021-04-08",27
1621,330,887,"Killie Wigzell",61,"Male","South Emilyborough","Victoria",263,"Polo","Shirt","L","green",68,117.0,95.0,1,95.0,"2021-03-12","2021-04-08",27
1622,330,887,"Killie Wigzell",61,"Male","South Emilyborough","Victoria",569,"Bomber","Jacket","XL","orange",69,90.0,100.0,1,100.0,"2021-03-12","2021-04-08",27
1623,330,887,"Killie Wigzell",61,"Male","South Emilyborough","Victoria",1223,"Pleated","Trousers","L","violet",48,90.0,105.0,3,315.0,"2021-03-12","2021-04-08",27
1624,331,414,"Ansel Chittem",51,"Polygender","North Ivy","Queensland",1141,"Cargo Pants","Trousers","S","blue",63,106.0,102.0,2,204.0,"2021-03-18","2021-03-23",5
0,332,466,"Vinnie Feaver",28,"Male","North Justin","South Australia",0,"","","","",0,0.0,0.0,0,0.0,"2021-03-13","2021-03-14",1
1625,333,367,"Hildagarde Dell 'Orto",51,"Bigender","Jasperside","South Australia",196,"Camp Collared","Shirt","S","blue",75,112.0,98.0,1,98.0,"2021-10-18","2021-11-09",22
1626,333,367,"Hildagarde Dell 'Orto",51,"Bigender","Jasperside","South Australia",1092,"Cropped","Trousers","M","orange",56,99.0,115.0,3,345.0,"2021-10-18","2021-11-09",22
1627,333,367,"Hildagarde Dell 'Orto",51,"Bigender","Jasperside","South Australia",885,"Cords","Trousers","XS","yellow",69,113.0,94.0,3,282.0,"2021-10-18","2021-11-09",22
1628,333,367,"Hildagarde Dell 'Orto",51,"Bigender","Jasperside","South Australia",903,"Cords","Trousers","L","indigo",62,113.0,94.0,1,94.0,"2021-10-18","2021-11-09",22
1629,333,367,"Hildagarde Dell 'Orto",51,"Bigender","Jasperside","South Australia",822,"Shearling","Jacket","M","green",59,95.0,117.0,1,117.0,"2021-10-18","2021-11-09",22
1630,333,367,"Hildagarde Dell 'Orto",51,"Bigender","Jasperside","South Australia",124,"Denim","Shirt","XL","green",52,115.0,92.0,3,276.0,"2021-10-18","2021-11-09",22
1631,333,367,"Hildagarde Dell 'Orto",51,"Bigender","Jasperside","South Australia",452,"Denim","Jacket","M","violet",43,92.0,107.0,3,321.0,"2021-10-18","2021-11-09",22
1632,334,539,"Sonny Tremollet",78,"Male","Port Blake","Queensland",762,"Peacoat","Jacket","M","indigo",52,102.0,109.0,3,327.0,"2021-05-12","2021-05-23",11
1633,334,539,"Sonny Tremollet",78,"Male","Port Blake","Queensland",777,"Pullover","Jacket","M","orange",60,114.0,91.0,3,273.0,"2021-05-12","2021-05-23",11
1634,334,539,"Sonny Tremollet",78,"Male","Port Blake","Queensland",282,"Cuban Collar","Shirt","M","red",53,93.0,105.0,2,210.0,"2021-05-12","2021-05-23",11
1635,334,539,"Sonny Tremollet",78,"Male","Port Blake","Queensland",1148,"Cargo Pants","Trousers","L","indigo",46,106.0,102.0,2,204.0,"2021-05-12","2021-05-23",11
1636,334,539,"Sonny Tremollet",78,"Male","Port Blake","Queensland",102,"Flannel","Shirt","M","violet",71,96.0,118.0,2,236.0,"2021-05-12","2021-05-23",11
1637,334,539,"Sonny Tremollet",78,"Male","Port Blake","Queensland",599,"Cardigan","Jacket","XL","red",54,118.0,112.0,1,112.0,"2021-05-12","2021-05-23",11
1638,334,539,"Sonny Tremollet",78,"Male","Port Blake","Queensland",1188,"High-Waisted","Trousers","L","violet",68,98.0,99.0,1,99.0,"2021-05-12","2021-05-23",11
1639,335,485,"Gayleen Brookes",46,"Male","Port Lily","Australian Capital Territory",551,"Leather","Jacket","S","indigo",40,113.0,98.0,2,196.0,"2021-09-30","2021-10-24",24
1640,335,485,"Gayleen Brookes",46,"Male","Port Lily","Australian Capital Territory",6,"Oxford Cloth","Shirt","S","orange",72,114.0,96.0,1,96.0,"2021-09-30","2021-10-24",24
1641,335,485,"Gayleen Brookes",46,"Male","Port Lily","Australian Capital Territory",140,"Linen","Shirt","XS","red",61,116.0,91.0,2,182.0,"2021-09-30","2021-10-24",24
1642,336,615,"Jacquelin Santostefano.",42,"Non-binary","Willowmouth","Queensland",808,"Shearling","Jacket","L","red",40,95.0,117.0,2,234.0,"2021-05-25","2021-05-28",3
1643,336,615,"Jacquelin Santostefano.",42,"Non-binary","Willowmouth","Queensland",578,"Bomber","Jacket","L","green",78,90.0,100.0,1,100.0,"2021-05-25","2021-05-28",3
1644,336,615,"Jacquelin Santostefano.",42,"Non-binary","Willowmouth","Queensland",978,"Slim-Fit","Trousers","L","violet",58,119.0,97.0,3,291.0,"2021-05-25","2021-05-28",3
1645,336,615,"Jacquelin Santostefano.",42,"Non-binary","Willowmouth","Queensland",358,"Henley","Shirt","L","orange",77,92.0,94.0,1,94.0,"2021-05-25","2021-05-28",3
1646,336,615,"Jacquelin Santostefano.",42,"Non-binary","Willowmouth","Queensland",620,"Cardigan","Jacket","XS","indigo",70,118.0,112.0,2,224.0,"2021-05-25","2021-05-28",3
1647,337,341,"Cherlyn Asmus",34,"Female","Jasmineville","Victoria",922,"Drawstring","Trousers","M","yellow",55,104.0,96.0,2,192.0,"2021-08-02","2021-08-04",2
1648,337,341,"Cherlyn Asmus",34,"Female","Jasmineville","Victoria",264,"Polo","Shirt","XL","green",61,117.0,95.0,2,190.0,"2021-08-02","2021-08-04",2
1649,337,341,"Cherlyn Asmus",34,"Female","Jasmineville","Victoria",161,"Linen","Shirt","S","blue",77,116.0,91.0,1,91.0,"2021-08-02","2021-08-04",2
1650,337,341,"Cherlyn Asmus",34,"Female","Jasmineville","Victoria",460,"Puffer","Jacket","XS","orange",47,110.0,118.0,2,236.0,"2021-08-02","2021-08-04",2
1651,337,341,"Cherlyn Asmus",34,"Female","Jasmineville","Victoria",389,"Casual Slim Fit","Shirt","XL","red",47,113.0,119.0,1,119.0,"2021-08-02","2021-08-04",2
1652,337,341,"Cherlyn Asmus",34,"Female","Jasmineville","Victoria",662,"Coach","Jacket","M","violet",74,115.0,93.0,2,186.0,"2021-08-02","2021-08-04",2
1653,338,630,"Nicholle Coom",49,"Male","New Madisonborough","Victoria",1183,"High-Waisted","Trousers","L","indigo",55,98.0,99.0,2,198.0,"2021-01-26","2021-02-13",18
1654,338,630,"Nicholle Coom",49,"Male","New Madisonborough","Victoria",640,"Coach","Jacket","XS","yellow",52,115.0,93.0,1,93.0,"2021-01-26","2021-02-13",18
1655,338,630,"Nicholle Coom",49,"Male","New Madisonborough","Victoria",805,"Shearling","Jacket","XS","red",74,95.0,117.0,2,234.0,"2021-01-26","2021-02-13",18
1656,338,630,"Nicholle Coom",49,"Male","New Madisonborough","Victoria",383,"Henley","Shirt","L","violet",51,92.0,94.0,2,188.0,"2021-01-26","2021-02-13",18
1657,338,630,"Nicholle Coom",49,"Male","New Madisonborough","Victoria",125,"Denim","Shirt","XS","blue",76,115.0,92.0,2,184.0,"2021-01-26","2021-02-13",18
1658,339,409,"Alphonse Galego",75,"Male","New Chase","Australian Capital Territory",525,"Leather","Jacket","XS","red",67,113.0,98.0,2,196.0,"2021-04-06","2021-04-13",7
1659,339,409,"Alphonse Galego",75,"Male","New Chase","Australian Capital Territory",451,"Denim","Jacket","S","violet",73,92.0,107.0,1,107.0,"2021-04-06","2021-04-13",7
1660,339,409,"Alphonse Galego",75,"Male","New Chase","Australian Capital Territory",383,"Henley","Shirt","L","violet",51,92.0,94.0,2,188.0,"2021-04-06","2021-04-13",7
1661,339,409,"Alphonse Galego",75,"Male","New Chase","Australian Capital Territory",651,"Coach","Jacket","S","blue",47,115.0,93.0,1,93.0,"2021-04-06","2021-04-13",7
1662,339,409,"Alphonse Galego",75,"Male","New Chase","Australian Capital Territory",762,"Peacoat","Jacket","M","indigo",52,102.0,109.0,2,218.0,"2021-04-06","2021-04-13",7
1663,339,409,"Alphonse Galego",75,"Male","New Chase","Australian Capital Territory",291,"Cuban Collar","Shirt","S","yellow",41,93.0,105.0,1,105.0,"2021-04-06","2021-04-13",7
1664,339,409,"Alphonse Galego",75,"Male","New Chase","Australian Capital Territory",543,"Leather","Jacket","L","green",71,113.0,98.0,1,98.0,"2021-04-06","2021-04-13",7
1665,339,409,"Alphonse Galego",75,"Male","New Chase","Australian Capital Territory",158,"Linen","Shirt","L","green",72,116.0,91.0,1,91.0,"2021-04-06","2021-04-13",7
1666,340,841,"Rorie Hof",23,"Polygender","Kulasmouth","Western Australia",1169,"High-Waisted","Trousers","XL","yellow",78,98.0,99.0,3,297.0,"2021-07-17","2021-08-13",27
1667,340,841,"Rorie Hof",23,"Polygender","Kulasmouth","Western Australia",1001,"Wool","Trousers","S","blue",55,111.0,106.0,2,212.0,"2021-07-17","2021-08-13",27
1668,340,841,"Rorie Hof",23,"Polygender","Kulasmouth","Western Australia",696,"Parka","Jacket","S","violet",67,119.0,113.0,2,226.0,"2021-07-17","2021-08-13",27
1669,341,602,"Kip Cantwell",54,"Bigender","East Imogen","Western Australia",137,"Denim","Shirt","M","violet",55,115.0,92.0,3,276.0,"2021-02-07","2021-02-09",2
1670,341,602,"Kip Cantwell",54,"Bigender","East Imogen","Western Australia",502,"Windbreaker","Jacket","M","yellow",52,109.0,102.0,2,204.0,"2021-02-07","2021-02-09",2
1671,341,602,"Kip Cantwell",54,"Bigender","East Imogen","Western Australia",95,"Flannel","Shirt","XS","indigo",46,96.0,118.0,3,354.0,"2021-02-07","2021-02-09",2
1672,341,602,"Kip Cantwell",54,"Bigender","East Imogen","Western Australia",501,"Windbreaker","Jacket","S","yellow",66,109.0,102.0,3,306.0,"2021-02-07","2021-02-09",2
1673,341,602,"Kip Cantwell",54,"Bigender","East Imogen","Western Australia",1143,"Cargo Pants","Trousers","L","blue",77,106.0,102.0,3,306.0,"2021-02-07","2021-02-09",2
1674,341,602,"Kip Cantwell",54,"Bigender","East Imogen","Western Australia",409,"Casual Slim Fit","Shirt","XL","blue",68,113.0,119.0,1,119.0,"2021-02-07","2021-02-09",2
1675,341,602,"Kip Cantwell",54,"Bigender","East Imogen","Western Australia",416,"Casual Slim Fit","Shirt","S","violet",50,113.0,119.0,3,357.0,"2021-02-07","2021-02-09",2
1676,341,602,"Kip Cantwell",54,"Bigender","East Imogen","Western Australia",1097,"Cropped","Trousers","M","yellow",41,99.0,115.0,3,345.0,"2021-02-07","2021-02-09",2
1677,342,348,"Thorny Nornable",76,"Genderqueer","Rubyfort","Tasmania",919,"Drawstring","Trousers","XL","orange",68,104.0,96.0,3,288.0,"2021-08-24","2021-09-08",15
1678,342,348,"Thorny Nornable",76,"Genderqueer","Rubyfort","Tasmania",1066,"Joggers","Trousers","S","green",76,94.0,93.0,1,93.0,"2021-08-24","2021-09-08",15
1679,342,348,"Thorny Nornable",76,"Genderqueer","Rubyfort","Tasmania",1149,"Cargo Pants","Trousers","XL","indigo",64,106.0,102.0,2,204.0,"2021-08-24","2021-09-08",15
1680,342,348,"Thorny Nornable",76,"Genderqueer","Rubyfort","Tasmania",1016,"Relaxed Leg","Trousers","S","red",70,95.0,90.0,3,270.0,"2021-08-24","2021-09-08",15
1681,342,348,"Thorny Nornable",76,"Genderqueer","Rubyfort","Tasmania",596,"Cardigan","Jacket","S","red",47,118.0,112.0,1,112.0,"2021-08-24","2021-09-08",15
1682,342,348,"Thorny Nornable",76,"Genderqueer","Rubyfort","Tasmania",490,"Windbreaker","Jacket","XS","red",79,109.0,102.0,2,204.0,"2021-08-24","2021-09-08",15
1683,343,673,"Carlynn McCabe",59,"Male","New Angelina","South Australia",830,"Shearling","Jacket","XS","indigo",68,95.0,117.0,1,117.0,"2021-09-17","2021-10-06",19
1684,343,673,"Carlynn McCabe",59,"Male","New Angelina","South Australia",378,"Henley","Shirt","L","indigo",44,92.0,94.0,2,188.0,"2021-09-17","2021-10-06",19
1685,343,673,"Carlynn McCabe",59,"Male","New Angelina","South Australia",756,"Peacoat","Jacket","S","blue",50,102.0,109.0,3,327.0,"2021-09-17","2021-10-06",19
1686,344,526,"Ellyn Collacombe",73,"Male","Adamsside","Tasmania",913,"Drawstring","Trousers","L","red",73,104.0,96.0,2,192.0,"2021-08-16","2021-09-06",21
1687,344,526,"Ellyn Collacombe",73,"Male","Adamsside","Tasmania",466,"Puffer","Jacket","S","yellow",48,110.0,118.0,3,354.0,"2021-08-16","2021-09-06",21
1688,345,711,"Lin Norville",42,"Male","Russelstad","Victoria",428,"Denim","Jacket","L","orange",73,92.0,107.0,1,107.0,"2021-02-14","2021-03-05",19
1689,345,711,"Lin Norville",42,"Male","Russelstad","Victoria",657,"Coach","Jacket","M","indigo",64,115.0,93.0,1,93.0,"2021-02-14","2021-03-05",19
1690,345,711,"Lin Norville",42,"Male","Russelstad","Victoria",608,"Cardigan","Jacket","L","yellow",50,118.0,112.0,1,112.0,"2021-02-14","2021-03-05",19
1691,345,711,"Lin Norville",42,"Male","Russelstad","Victoria",1181,"High-Waisted","Trousers","S","indigo",79,98.0,99.0,2,198.0,"2021-02-14","2021-03-05",19
1692,346,739,"Kristel Klaaassen",57,"Female","East Matthewville","New South Wales",383,"Henley","Shirt","L","violet",51,92.0,94.0,1,94.0,"2021-03-23","2021-04-06",14
1693,346,739,"Kristel Klaaassen",57,"Female","East Matthewville","New South Wales",730,"Trench Coat","Jacket","XS","violet",64,112.0,119.0,1,119.0,"2021-03-23","2021-04-06",14
1694,346,739,"Kristel Klaaassen",57,"Female","East Matthewville","New South Wales",15,"Oxford Cloth","Shirt","XS","green",68,114.0,96.0,3,288.0,"2021-03-23","2021-04-06",14
1695,346,739,"Kristel Klaaassen",57,"Female","East Matthewville","New South Wales",1145,"Cargo Pants","Trousers","XS","indigo",51,106.0,102.0,3,306.0,"2021-03-23","2021-04-06",14
1696,346,739,"Kristel Klaaassen",57,"Female","East Matthewville","New South Wales",194,"Camp Collared","Shirt","XL","green",61,112.0,98.0,1,98.0,"2021-03-23","2021-04-06",14
1697,346,739,"Kristel Klaaassen",57,"Female","East Matthewville","New South Wales",591,"Bomber","Jacket","S","violet",45,90.0,100.0,1,100.0,"2021-03-23","2021-04-06",14
1698,346,739,"Kristel Klaaassen",57,"Female","East Matthewville","New South Wales",74,"Flannel","Shirt","XL","red",72,96.0,118.0,2,236.0,"2021-03-23","2021-04-06",14
1699,346,739,"Kristel Klaaassen",57,"Female","East Matthewville","New South Wales",776,"Pullover","Jacket","S","orange",77,114.0,91.0,1,91.0,"2021-03-23","2021-04-06",14
1700,346,739,"Kristel Klaaassen",57,"Female","East Matthewville","New South Wales",1210,"Pleated","Trousers","XS","blue",62,90.0,105.0,2,210.0,"2021-03-23","2021-04-06",14
1701,347,209,"Lauryn Deport",29,"Female","Bayermouth","South Australia",953,"Slim-Fit","Trousers","L","orange",66,119.0,97.0,2,194.0,"2021-05-29","2021-06-14",16
1702,347,209,"Lauryn Deport",29,"Female","Bayermouth","South Australia",489,"Puffer","Jacket","XL","violet",40,110.0,118.0,1,118.0,"2021-05-29","2021-06-14",16
1703,347,209,"Lauryn Deport",29,"Female","Bayermouth","South Australia",957,"Slim-Fit","Trousers","M","yellow",55,119.0,97.0,1,97.0,"2021-05-29","2021-06-14",16
1704,347,209,"Lauryn Deport",29,"Female","Bayermouth","South Australia",644,"Coach","Jacket","XL","yellow",68,115.0,93.0,3,279.0,"2021-05-29","2021-06-14",16
1705,348,732,"Gorden Seago",80,"Genderfluid","Port Aaronton","Queensland",619,"Cardigan","Jacket","XL","blue",57,118.0,112.0,3,336.0,"2021-10-07","2021-10-28",21
1706,348,732,"Gorden Seago",80,"Genderfluid","Port Aaronton","Queensland",349,"Mandarin Collar","Shirt","XL","violet",71,108.0,109.0,3,327.0,"2021-10-07","2021-10-28",21
1707,348,732,"Gorden Seago",80,"Genderfluid","Port Aaronton","Queensland",856,"Chinos","Trousers","S","green",61,100.0,113.0,3,339.0,"2021-10-07","2021-10-28",21
1708,348,732,"Gorden Seago",80,"Genderfluid","Port Aaronton","Queensland",349,"Mandarin Collar","Shirt","XL","violet",71,108.0,109.0,2,218.0,"2021-10-07","2021-10-28",21
1709,348,732,"Gorden Seago",80,"Genderfluid","Port Aaronton","Queensland",833,"Shearling","Jacket","L","indigo",66,95.0,117.0,3,351.0,"2021-10-07","2021-10-28",21
1710,348,732,"Gorden Seago",80,"Genderfluid","Port Aaronton","Queensland",880,"Cords","Trousers","XS","orange",70,113.0,94.0,2,188.0,"2021-10-07","2021-10-28",21
1711,349,847,"Rowena Soall",61,"Agender","Zacville","Western Australia",135,"Denim","Shirt","XS","violet",73,115.0,92.0,1,92.0,"2021-04-13","2021-04-29",16
1712,349,847,"Rowena Soall",61,"Agender","Zacville","Western Australia",112,"Denim","Shirt","M","orange",50,115.0,92.0,2,184.0,"2021-04-13","2021-04-29",16
1713,349,847,"Rowena Soall",61,"Agender","Zacville","Western Australia",71,"Flannel","Shirt","S","red",59,96.0,118.0,1,118.0,"2021-04-13","2021-04-29",16
1714,349,847,"Rowena Soall",61,"Agender","Zacville","Western Australia",774,"Pullover","Jacket","XL","red",65,114.0,91.0,1,91.0,"2021-04-13","2021-04-29",16
1715,349,847,"Rowena Soall",61,"Agender","Zacville","Western Australia",572,"Bomber","Jacket","M","yellow",71,90.0,100.0,2,200.0,"2021-04-13","2021-04-29",16
1716,349,847,"Rowena Soall",61,"Agender","Zacville","Western Australia",471,"Puffer","Jacket","S","green",54,110.0,118.0,3,354.0,"2021-04-13","2021-04-29",16
1717,350,869,"Vladimir Jandourek",26,"Non-binary","New Jackson","South Australia",314,"Cuban Collar","Shirt","XL","violet",44,93.0,105.0,3,315.0,"2021-02-14","2021-03-02",16
1718,350,869,"Vladimir Jandourek",26,"Non-binary","New Jackson","South Australia",385,"Casual Slim Fit","Shirt","XS","red",49,113.0,119.0,3,357.0,"2021-02-14","2021-03-02",16
1719,350,869,"Vladimir Jandourek",26,"Non-binary","New Jackson","South Australia",997,"Wool","Trousers","M","green",41,111.0,106.0,1,106.0,"2021-02-14","2021-03-02",16
1720,350,869,"Vladimir Jandourek",26,"Non-binary","New Jackson","South Australia",336,"Mandarin Collar","Shirt","S","blue",44,108.0,109.0,1,109.0,"2021-02-14","2021-03-02",16
1721,350,869,"Vladimir Jandourek",26,"Non-binary","New Jackson","South Australia",501,"Windbreaker","Jacket","S","yellow",66,109.0,102.0,2,204.0,"2021-02-14","2021-03-02",16
1722,350,869,"Vladimir Jandourek",26,"Non-binary","New Jackson","South Australia",308,"Cuban Collar","Shirt","L","indigo",65,93.0,105.0,1,105.0,"2021-02-14","2021-03-02",16
1723,351,478,"Krystle Boyce",71,"Non-binary","Lake Lillyville","Northern Territory",125,"Denim","Shirt","XS","blue",76,115.0,92.0,2,184.0,"2021-05-02","2021-05-04",2
1724,351,478,"Krystle Boyce",71,"Non-binary","Lake Lillyville","Northern Territory",887,"Cords","Trousers","M","yellow",58,113.0,94.0,1,94.0,"2021-05-02","2021-05-04",2
1725,351,478,"Krystle Boyce",71,"Non-binary","Lake Lillyville","Northern Territory",1206,"Pleated","Trousers","S","green",55,90.0,105.0,2,210.0,"2021-05-02","2021-05-04",2
1726,351,478,"Krystle Boyce",71,"Non-binary","Lake Lillyville","Northern Territory",902,"Cords","Trousers","M","indigo",52,113.0,94.0,2,188.0,"2021-05-02","2021-05-04",2
1727,351,478,"Krystle Boyce",71,"Non-binary","Lake Lillyville","Northern Territory",344,"Mandarin Collar","Shirt","XL","indigo",77,108.0,109.0,3,327.0,"2021-05-02","2021-05-04",2
1728,351,478,"Krystle Boyce",71,"Non-binary","Lake Lillyville","Northern Territory",881,"Cords","Trousers","S","orange",59,113.0,94.0,3,282.0,"2021-05-02","2021-05-04",2
1729,351,478,"Krystle Boyce",71,"Non-binary","Lake Lillyville","Northern Territory",1055,"Joggers","Trousers","XS","orange",65,94.0,93.0,2,186.0,"2021-05-02","2021-05-04",2
1730,351,478,"Krystle Boyce",71,"Non-binary","Lake Lillyville","Northern Territory",1048,"Relaxed Leg","Trousers","L","violet",47,95.0,90.0,3,270.0,"2021-05-02","2021-05-04",2
1731,351,478,"Krystle Boyce",71,"Non-binary","Lake Lillyville","Northern Territory",1071,"Joggers","Trousers","S","blue",50,94.0,93.0,1,93.0,"2021-05-02","2021-05-04",2
1732,352,52,"Marena Lockhart",47,"Male","Chelseahaven","Victoria",636,"Coach","Jacket","S","orange",55,115.0,93.0,2,186.0,"2021-10-08","2021-10-10",2
1733,352,52,"Marena Lockhart",47,"Male","Chelseahaven","Victoria",1241,"Tracksuit Bottoms","Trousers","S","green",72,91.0,112.0,1,112.0,"2021-10-08","2021-10-10",2
1734,352,52,"Marena Lockhart",47,"Male","Chelseahaven","Victoria",571,"Bomber","Jacket","S","yellow",64,90.0,100.0,3,300.0,"2021-10-08","2021-10-10",2
1735,352,52,"Marena Lockhart",47,"Male","Chelseahaven","Victoria",233,"Chambray","Shirt","L","blue",69,105.0,106.0,2,212.0,"2021-10-08","2021-10-10",2
1736,352,52,"Marena Lockhart",47,"Male","Chelseahaven","Victoria",146,"Linen","Shirt","S","orange",42,116.0,91.0,2,182.0,"2021-10-08","2021-10-10",2
1737,352,52,"Marena Lockhart",47,"Male","Chelseahaven","Victoria",892,"Cords","Trousers","M","green",76,113.0,94.0,2,188.0,"2021-10-08","2021-10-10",2
1738,353,774,"Ellynn Korba",34,"Genderqueer","West Jonathanshire","Tasmania",18,"Oxford Cloth","Shirt","L","green",52,114.0,96.0,2,192.0,"2021-03-30","2021-04-05",6
1739,353,774,"Ellynn Korba",34,"Genderqueer","West Jonathanshire","Tasmania",396,"Casual Slim Fit","Shirt","S","yellow",45,113.0,119.0,1,119.0,"2021-03-30","2021-04-05",6
1740,353,774,"Ellynn Korba",34,"Genderqueer","West Jonathanshire","Tasmania",174,"Linen","Shirt","XL","violet",73,116.0,91.0,3,273.0,"2021-03-30","2021-04-05",6
1741,353,774,"Ellynn Korba",34,"Genderqueer","West Jonathanshire","Tasmania",1,"Oxford Cloth","Shirt","S","red",53,114.0,96.0,3,288.0,"2021-03-30","2021-04-05",6
1742,353,774,"Ellynn Korba",34,"Genderqueer","West Jonathanshire","Tasmania",87,"Flannel","Shirt","M","green",66,96.0,118.0,3,354.0,"2021-03-30","2021-04-05",6
1743,353,774,"Ellynn Korba",34,"Genderqueer","West Jonathanshire","Tasmania",948,"Slim-Fit","Trousers","L","red",80,119.0,97.0,1,97.0,"2021-03-30","2021-04-05",6
1744,353,774,"Ellynn Korba",34,"Genderqueer","West Jonathanshire","Tasmania",594,"Bomber","Jacket","XL","violet",53,90.0,100.0,1,100.0,"2021-03-30","2021-04-05",6
1745,354,18,"Chan Duchesne",79,"Male","Walterland","New South Wales",620,"Cardigan","Jacket","XS","indigo",70,118.0,112.0,2,224.0,"2021-02-26","2021-03-08",10
1746,354,18,"Chan Duchesne",79,"Male","Walterland","New South Wales",324,"Mandarin Collar","Shirt","XL","orange",59,108.0,109.0,1,109.0,"2021-02-26","2021-03-08",10
1747,354,18,"Chan Duchesne",79,"Male","Walterland","New South Wales",147,"Linen","Shirt","M","orange",42,116.0,91.0,1,91.0,"2021-02-26","2021-03-08",10
1748,354,18,"Chan Duchesne",79,"Male","Walterland","New South Wales",550,"Leather","Jacket","XS","indigo",78,113.0,98.0,3,294.0,"2021-02-26","2021-03-08",10
1749,354,18,"Chan Duchesne",79,"Male","Walterland","New South Wales",976,"Slim-Fit","Trousers","S","violet",46,119.0,97.0,1,97.0,"2021-02-26","2021-03-08",10
1750,354,18,"Chan Duchesne",79,"Male","Walterland","New South Wales",409,"Casual Slim Fit","Shirt","XL","blue",68,113.0,119.0,2,238.0,"2021-02-26","2021-03-08",10
1751,354,18,"Chan Duchesne",79,"Male","Walterland","New South Wales",713,"Trench Coat","Jacket","L","yellow",77,112.0,119.0,3,357.0,"2021-02-26","2021-03-08",10
1752,355,46,"Meris Twitty",68,"Agender","Bartolettiside","Australian Capital Territory",72,"Flannel","Shirt","M","red",68,96.0,118.0,2,236.0,"2021-04-14","2021-04-24",10
1753,355,46,"Meris Twitty",68,"Agender","Bartolettiside","Australian Capital Territory",134,"Denim","Shirt","XL","indigo",58,115.0,92.0,2,184.0,"2021-04-14","2021-04-24",10
1754,355,46,"Meris Twitty",68,"Agender","Bartolettiside","Australian Capital Territory",379,"Henley","Shirt","XL","indigo",52,92.0,94.0,1,94.0,"2021-04-14","2021-04-24",10
1755,355,46,"Meris Twitty",68,"Agender","Bartolettiside","Australian Capital Territory",200,"Camp Collared","Shirt","XS","indigo",64,112.0,98.0,2,196.0,"2021-04-14","2021-04-24",10
1756,356,236,"Anders Couvert",80,"Non-binary","East Sienna","New South Wales",397,"Casual Slim Fit","Shirt","M","yellow",76,113.0,119.0,3,357.0,"2021-04-01","2021-04-15",14
1757,356,236,"Anders Couvert",80,"Non-binary","East Sienna","New South Wales",554,"Leather","Jacket","XL","indigo",52,113.0,98.0,3,294.0,"2021-04-01","2021-04-15",14
1758,356,236,"Anders Couvert",80,"Non-binary","East Sienna","New South Wales",1209,"Pleated","Trousers","XL","green",55,90.0,105.0,2,210.0,"2021-04-01","2021-04-15",14
1759,356,236,"Anders Couvert",80,"Non-binary","East Sienna","New South Wales",1169,"High-Waisted","Trousers","XL","yellow",78,98.0,99.0,2,198.0,"2021-04-01","2021-04-15",14
1760,356,236,"Anders Couvert",80,"Non-binary","East Sienna","New South Wales",716,"Trench Coat","Jacket","S","green",53,112.0,119.0,3,357.0,"2021-04-01","2021-04-15",14
1761,356,236,"Anders Couvert",80,"Non-binary","East Sienna","New South Wales",149,"Linen","Shirt","XL","orange",59,116.0,91.0,1,91.0,"2021-04-01","2021-04-15",14
1762,356,236,"Anders Couvert",80,"Non-binary","East Sienna","New South Wales",727,"Trench Coat","Jacket","M","indigo",42,112.0,119.0,1,119.0,"2021-04-01","2021-04-15",14
1763,357,70,"Dulcea Shrawley",48,"Female","Codyview","Northern Territory",706,"Trench Coat","Jacket","S","orange",41,112.0,119.0,3,357.0,"2021-02-08","2021-02-13",5
1764,357,70,"Dulcea Shrawley",48,"Female","Codyview","Northern Territory",264,"Polo","Shirt","XL","green",61,117.0,95.0,2,190.0,"2021-02-08","2021-02-13",5
1765,358,796,"Perry McAless",26,"Polygender","New Leah","Queensland",620,"Cardigan","Jacket","XS","indigo",70,118.0,112.0,1,112.0,"2021-04-07","2021-04-12",5
1766,358,796,"Perry McAless",26,"Polygender","New Leah","Queensland",385,"Casual Slim Fit","Shirt","XS","red",49,113.0,119.0,3,357.0,"2021-04-07","2021-04-12",5
1767,358,796,"Perry McAless",26,"Polygender","New Leah","Queensland",8,"Oxford Cloth","Shirt","L","orange",48,114.0,96.0,2,192.0,"2021-04-07","2021-04-12",5
1768,358,796,"Perry McAless",26,"Polygender","New Leah","Queensland",327,"Mandarin Collar","Shirt","M","yellow",58,108.0,109.0,2,218.0,"2021-04-07","2021-04-12",5
1769,358,796,"Perry McAless",26,"Polygender","New Leah","Queensland",259,"Polo","Shirt","XL","yellow",46,117.0,95.0,1,95.0,"2021-04-07","2021-04-12",5
1770,358,796,"Perry McAless",26,"Polygender","New Leah","Queensland",288,"Cuban Collar","Shirt","L","orange",65,93.0,105.0,2,210.0,"2021-04-07","2021-04-12",5
1771,358,796,"Perry McAless",26,"Polygender","New Leah","Queensland",538,"Leather","Jacket","L","yellow",45,113.0,98.0,3,294.0,"2021-04-07","2021-04-12",5
1772,358,796,"Perry McAless",26,"Polygender","New Leah","Queensland",94,"Flannel","Shirt","XL","blue",61,96.0,118.0,3,354.0,"2021-04-07","2021-04-12",5
1773,358,796,"Perry McAless",26,"Polygender","New Leah","Queensland",6,"Oxford Cloth","Shirt","S","orange",72,114.0,96.0,2,192.0,"2021-04-07","2021-04-12",5
1774,359,661,"Engracia Abilowitz",45,"Male","North Beau","Western Australia",222,"Chambray","Shirt","M","yellow",62,105.0,106.0,3,318.0,"2021-05-16","2021-05-31",15
1775,359,661,"Engracia Abilowitz",45,"Male","North Beau","Western Australia",694,"Parka","Jacket","XL","indigo",78,119.0,113.0,2,226.0,"2021-05-16","2021-05-31",15
1776,359,661,"Engracia Abilowitz",45,"Male","North Beau","Western Australia",1069,"Joggers","Trousers","XL","green",56,94.0,93.0,1,93.0,"2021-05-16","2021-05-31",15
1777,359,661,"Engracia Abilowitz",45,"Male","North Beau","Western Australia",1193,"Pleated","Trousers","L","red",70,90.0,105.0,1,105.0,"2021-05-16","2021-05-31",15
1778,360,870,"Lorenzo Dutch",49,"Genderfluid","Lake Ashleyhaven","Queensland",1053,"Joggers","Trousers","L","red",63,94.0,93.0,2,186.0,"2021-08-03","2021-08-08",5
1779,360,870,"Lorenzo Dutch",49,"Genderfluid","Lake Ashleyhaven","Queensland",913,"Drawstring","Trousers","L","red",73,104.0,96.0,2,192.0,"2021-08-03","2021-08-08",5
1780,360,870,"Lorenzo Dutch",49,"Genderfluid","Lake Ashleyhaven","Queensland",98,"Flannel","Shirt","L","indigo",62,96.0,118.0,2,236.0,"2021-08-03","2021-08-08",5
1781,361,988,"Tommie Benoy",35,"Polygender","New Harry","Western Australia",465,"Puffer","Jacket","XS","yellow",55,110.0,118.0,3,354.0,"2021-02-06","2021-02-25",19
1782,361,988,"Tommie Benoy",35,"Polygender","New Harry","Western Australia",685,"Parka","Jacket","XS","blue",67,119.0,113.0,1,113.0,"2021-02-06","2021-02-25",19
1783,361,988,"Tommie Benoy",35,"Polygender","New Harry","Western Australia",992,"Wool","Trousers","M","yellow",43,111.0,106.0,2,212.0,"2021-02-06","2021-02-25",19
1784,361,988,"Tommie Benoy",35,"Polygender","New Harry","Western Australia",804,"Pullover","Jacket","XL","violet",69,114.0,91.0,1,91.0,"2021-02-06","2021-02-25",19
1785,361,988,"Tommie Benoy",35,"Polygender","New Harry","Western Australia",1074,"Joggers","Trousers","XL","blue",52,94.0,93.0,2,186.0,"2021-02-06","2021-02-25",19
1786,361,988,"Tommie Benoy",35,"Polygender","New Harry","Western Australia",1042,"Relaxed Leg","Trousers","M","indigo",45,95.0,90.0,1,90.0,"2021-02-06","2021-02-25",19
1787,362,96,"Garvy Davioud",41,"Genderfluid","Hudsontown","New South Wales",788,"Pullover","Jacket","L","green",72,114.0,91.0,1,91.0,"2021-09-30","2021-10-07",7
1788,362,96,"Garvy Davioud",41,"Genderfluid","Hudsontown","New South Wales",5,"Oxford Cloth","Shirt","XS","orange",45,114.0,96.0,2,192.0,"2021-09-30","2021-10-07",7
1789,362,96,"Garvy Davioud",41,"Genderfluid","Hudsontown","New South Wales",1153,"Cargo Pants","Trousers","L","violet",74,106.0,102.0,3,306.0,"2021-09-30","2021-10-07",7
1790,362,96,"Garvy Davioud",41,"Genderfluid","Hudsontown","New South Wales",816,"Shearling","Jacket","S","yellow",48,95.0,117.0,1,117.0,"2021-09-30","2021-10-07",7
1791,363,882,"Bartel Clemendet",43,"Genderqueer","Kiehnfurt","South Australia",1003,"Wool","Trousers","L","blue",79,111.0,106.0,3,318.0,"2021-01-25","2021-02-21",27
1792,363,882,"Bartel Clemendet",43,"Genderqueer","Kiehnfurt","South Australia",391,"Casual Slim Fit","Shirt","S","orange",54,113.0,119.0,2,238.0,"2021-01-25","2021-02-21",27
1793,364,925,"Deirdre Burle",70,"Non-binary","Andersonchester","New South Wales",464,"Puffer","Jacket","XL","orange",66,110.0,118.0,3,354.0,"2021-03-13","2021-04-03",21
1794,364,925,"Deirdre Burle",70,"Non-binary","Andersonchester","New South Wales",365,"Henley","Shirt","XS","green",61,92.0,94.0,2,188.0,"2021-03-13","2021-04-03",21
1795,364,925,"Deirdre Burle",70,"Non-binary","Andersonchester","New South Wales",703,"Trench Coat","Jacket","L","red",70,112.0,119.0,2,238.0,"2021-03-13","2021-04-03",21
1796,364,925,"Deirdre Burle",70,"Non-binary","Andersonchester","New South Wales",581,"Bomber","Jacket","S","blue",50,90.0,100.0,1,100.0,"2021-03-13","2021-04-03",21
1797,365,485,"Gayleen Brookes",46,"Male","Port Lily","Australian Capital Territory",789,"Pullover","Jacket","XL","green",65,114.0,91.0,3,273.0,"2021-04-14","2021-04-25",11
1798,365,485,"Gayleen Brookes",46,"Male","Port Lily","Australian Capital Territory",539,"Leather","Jacket","XL","yellow",67,113.0,98.0,2,196.0,"2021-04-14","2021-04-25",11
1799,365,485,"Gayleen Brookes",46,"Male","Port Lily","Australian Capital Territory",201,"Camp Collared","Shirt","S","indigo",50,112.0,98.0,3,294.0,"2021-04-14","2021-04-25",11
1800,365,485,"Gayleen Brookes",46,"Male","Port Lily","Australian Capital Territory",532,"Leather","Jacket","M","orange",80,113.0,98.0,1,98.0,"2021-04-14","2021-04-25",11
1801,365,485,"Gayleen Brookes",46,"Male","Port Lily","Australian Capital Territory",414,"Casual Slim Fit","Shirt","XL","indigo",40,113.0,119.0,2,238.0,"2021-04-14","2021-04-25",11
1802,365,485,"Gayleen Brookes",46,"Male","Port Lily","Australian Capital Territory",589,"Bomber","Jacket","XL","indigo",50,90.0,100.0,3,300.0,"2021-04-14","2021-04-25",11
1803,365,485,"Gayleen Brookes",46,"Male","Port Lily","Australian Capital Territory",111,"Denim","Shirt","S","orange",69,115.0,92.0,2,184.0,"2021-04-14","2021-04-25",11
1804,366,334,"Udale Ripping",68,"Agender","New Alyssa","Queensland",793,"Pullover","Jacket","L","blue",66,114.0,91.0,1,91.0,"2021-07-15","2021-07-30",15
1805,366,334,"Udale Ripping",68,"Agender","New Alyssa","Queensland",350,"Henley","Shirt","XS","red",62,92.0,94.0,3,282.0,"2021-07-15","2021-07-30",15
1806,366,334,"Udale Ripping",68,"Agender","New Alyssa","Queensland",171,"Linen","Shirt","S","violet",44,116.0,91.0,3,273.0,"2021-07-15","2021-07-30",15
1807,366,334,"Udale Ripping",68,"Agender","New Alyssa","Queensland",1223,"Pleated","Trousers","L","violet",48,90.0,105.0,2,210.0,"2021-07-15","2021-07-30",15
1808,366,334,"Udale Ripping",68,"Agender","New Alyssa","Queensland",1155,"High-Waisted","Trousers","XS","red",74,98.0,99.0,2,198.0,"2021-07-15","2021-07-30",15
1809,367,181,"Puff Newbury",27,"Polygender","Port Joshuaside","Northern Territory",584,"Bomber","Jacket","XL","blue",47,90.0,100.0,2,200.0,"2021-02-20","2021-03-19",27
1810,367,181,"Puff Newbury",27,"Polygender","Port Joshuaside","Northern Territory",197,"Camp Collared","Shirt","M","blue",65,112.0,98.0,2,196.0,"2021-02-20","2021-03-19",27
1811,367,181,"Puff Newbury",27,"Polygender","Port Joshuaside","Northern Territory",666,"Parka","Jacket","S","red",66,119.0,113.0,2,226.0,"2021-02-20","2021-03-19",27
1812,367,181,"Puff Newbury",27,"Polygender","Port Joshuaside","Northern Territory",1159,"High-Waisted","Trousers","XL","red",80,98.0,99.0,1,99.0,"2021-02-20","2021-03-19",27
1813,367,181,"Puff Newbury",27,"Polygender","Port Joshuaside","Northern Territory",1239,"Tracksuit Bottoms","Trousers","XL","yellow",59,91.0,112.0,3,336.0,"2021-02-20","2021-03-19",27
1814,367,181,"Puff Newbury",27,"Polygender","Port Joshuaside","Northern Territory",1183,"High-Waisted","Trousers","L","indigo",55,98.0,99.0,3,297.0,"2021-02-20","2021-03-19",27
1815,367,181,"Puff Newbury",27,"Polygender","Port Joshuaside","Northern Territory",821,"Shearling","Jacket","S","green",66,95.0,117.0,2,234.0,"2021-02-20","2021-03-19",27
1816,368,556,"Nessy Kildea",61,"Genderfluid","West Kai","South Australia",1014,"Wool","Trousers","XL","violet",40,111.0,106.0,2,212.0,"2021-09-02","2021-09-21",19
1817,368,556,"Nessy Kildea",61,"Genderfluid","West Kai","South Australia",964,"Slim-Fit","Trousers","XL","green",67,119.0,97.0,3,291.0,"2021-09-02","2021-09-21",19
1818,368,556,"Nessy Kildea",61,"Genderfluid","West Kai","South Australia",517,"Windbreaker","Jacket","M","indigo",56,109.0,102.0,1,102.0,"2021-09-02","2021-09-21",19
1819,368,556,"Nessy Kildea",61,"Genderfluid","West Kai","South Australia",863,"Chinos","Trousers","L","blue",46,100.0,113.0,3,339.0,"2021-09-02","2021-09-21",19
1820,368,556,"Nessy Kildea",61,"Genderfluid","West Kai","South Australia",1156,"High-Waisted","Trousers","S","red",80,98.0,99.0,3,297.0,"2021-09-02","2021-09-21",19
1821,369,729,"Gerri McCarle",54,"Female","Cameronport","South Australia",729,"Trench Coat","Jacket","XL","indigo",64,112.0,119.0,2,238.0,"2021-03-26","2021-04-18",23
1822,369,729,"Gerri McCarle",54,"Female","Cameronport","South Australia",380,"Henley","Shirt","XS","violet",50,92.0,94.0,1,94.0,"2021-03-26","2021-04-18",23
1823,369,729,"Gerri McCarle",54,"Female","Cameronport","South Australia",1033,"Relaxed Leg","Trousers","L","green",62,95.0,90.0,3,270.0,"2021-03-26","2021-04-18",23
1824,369,729,"Gerri McCarle",54,"Female","Cameronport","South Australia",749,"Peacoat","Jacket","XL","yellow",53,102.0,109.0,2,218.0,"2021-03-26","2021-04-18",23
1825,370,986,"Theodosia Postins",38,"Polygender","Turcottetown","Australian Capital Territory",387,"Casual Slim Fit","Shirt","M","red",67,113.0,119.0,2,238.0,"2021-01-22","2021-02-11",20
1826,370,986,"Theodosia Postins",38,"Polygender","Turcottetown","Australian Capital Territory",663,"Coach","Jacket","L","violet",80,115.0,93.0,2,186.0,"2021-01-22","2021-02-11",20
1827,370,986,"Theodosia Postins",38,"Polygender","Turcottetown","Australian Capital Territory",84,"Flannel","Shirt","XL","yellow",72,96.0,118.0,1,118.0,"2021-01-22","2021-02-11",20
1828,370,986,"Theodosia Postins",38,"Polygender","Turcottetown","Australian Capital Territory",354,"Henley","Shirt","XL","red",59,92.0,94.0,1,94.0,"2021-01-22","2021-02-11",20
1829,370,986,"Theodosia Postins",38,"Polygender","Turcottetown","Australian Capital Territory",901,"Cords","Trousers","S","indigo",60,113.0,94.0,2,188.0,"2021-01-22","2021-02-11",20
1830,370,986,"Theodosia Postins",38,"Polygender","Turcottetown","Australian Capital Territory",1141,"Cargo Pants","Trousers","S","blue",63,106.0,102.0,1,102.0,"2021-01-22","2021-02-11",20
1831,370,986,"Theodosia Postins",38,"Polygender","Turcottetown","Australian Capital Territory",30,"Oxford Cloth","Shirt","XS","violet",74,114.0,96.0,2,192.0,"2021-01-22","2021-02-11",20
1832,370,986,"Theodosia Postins",38,"Polygender","Turcottetown","Australian Capital Territory",334,"Mandarin Collar","Shirt","XL","green",79,108.0,109.0,1,109.0,"2021-01-22","2021-02-11",20
1833,370,986,"Theodosia Postins",38,"Polygender","Turcottetown","Australian Capital Territory",1125,"Cargo Pants","Trousers","XS","orange",43,106.0,102.0,3,306.0,"2021-01-22","2021-02-11",20
1834,370,986,"Theodosia Postins",38,"Polygender","Turcottetown","Australian Capital Territory",944,"Drawstring","Trousers","XL","violet",80,104.0,96.0,3,288.0,"2021-01-22","2021-02-11",20
1835,371,727,"Herschel Verdey",26,"Female","Jacobport","New South Wales",475,"Puffer","Jacket","XS","blue",57,110.0,118.0,1,118.0,"2021-08-29","2021-09-15",17
1836,371,727,"Herschel Verdey",26,"Female","Jacobport","New South Wales",291,"Cuban Collar","Shirt","S","yellow",41,93.0,105.0,2,210.0,"2021-08-29","2021-09-15",17
1837,371,727,"Herschel Verdey",26,"Female","Jacobport","New South Wales",147,"Linen","Shirt","M","orange",42,116.0,91.0,3,273.0,"2021-08-29","2021-09-15",17
1838,371,727,"Herschel Verdey",26,"Female","Jacobport","New South Wales",628,"Cardigan","Jacket","L","violet",66,118.0,112.0,2,224.0,"2021-08-29","2021-09-15",17
1839,371,727,"Herschel Verdey",26,"Female","Jacobport","New South Wales",643,"Coach","Jacket","L","yellow",53,115.0,93.0,2,186.0,"2021-08-29","2021-09-15",17
1840,371,727,"Herschel Verdey",26,"Female","Jacobport","New South Wales",540,"Leather","Jacket","XS","green",57,113.0,98.0,3,294.0,"2021-08-29","2021-09-15",17
1841,371,727,"Herschel Verdey",26,"Female","Jacobport","New South Wales",1013,"Wool","Trousers","L","violet",61,111.0,106.0,1,106.0,"2021-08-29","2021-09-15",17
1842,372,991,"Cristina Jowling",30,"Genderfluid","North Andrew","Tasmania",626,"Cardigan","Jacket","S","violet",49,118.0,112.0,1,112.0,"2021-03-14","2021-03-19",5
1843,372,991,"Cristina Jowling",30,"Genderfluid","North Andrew","Tasmania",947,"Slim-Fit","Trousers","M","red",67,119.0,97.0,2,194.0,"2021-03-14","2021-03-19",5
1844,372,991,"Cristina Jowling",30,"Genderfluid","North Andrew","Tasmania",79,"Flannel","Shirt","XL","orange",50,96.0,118.0,1,118.0,"2021-03-14","2021-03-19",5
1845,372,991,"Cristina Jowling",30,"Genderfluid","North Andrew","Tasmania",813,"Shearling","Jacket","L","orange",58,95.0,117.0,1,117.0,"2021-03-14","2021-03-19",5
1846,372,991,"Cristina Jowling",30,"Genderfluid","North Andrew","Tasmania",1126,"Cargo Pants","Trousers","S","orange",60,106.0,102.0,3,306.0,"2021-03-14","2021-03-19",5
1847,372,991,"Cristina Jowling",30,"Genderfluid","North Andrew","Tasmania",275,"Polo","Shirt","XS","violet",67,117.0,95.0,1,95.0,"2021-03-14","2021-03-19",5
1848,373,581,"Fabian Gostage",40,"Polygender","Hackettland","South Australia",86,"Flannel","Shirt","S","green",57,96.0,118.0,1,118.0,"2021-03-13","2021-04-03",21
1849,373,581,"Fabian Gostage",40,"Polygender","Hackettland","South Australia",36,"Dress","Shirt","S","red",72,119.0,104.0,3,312.0,"2021-03-13","2021-04-03",21
1850,373,581,"Fabian Gostage",40,"Polygender","Hackettland","South Australia",1232,"Tracksuit Bottoms","Trousers","M","orange",47,91.0,112.0,2,224.0,"2021-03-13","2021-04-03",21
1851,373,581,"Fabian Gostage",40,"Polygender","Hackettland","South Australia",1116,"Cropped","Trousers","S","violet",66,99.0,115.0,2,230.0,"2021-03-13","2021-04-03",21
1852,373,581,"Fabian Gostage",40,"Polygender","Hackettland","South Australia",213,"Chambray","Shirt","L","red",44,105.0,106.0,1,106.0,"2021-03-13","2021-04-03",21
1853,373,581,"Fabian Gostage",40,"Polygender","Hackettland","South Australia",370,"Henley","Shirt","XS","blue",61,92.0,94.0,1,94.0,"2021-03-13","2021-04-03",21
1854,373,581,"Fabian Gostage",40,"Polygender","Hackettland","South Australia",830,"Shearling","Jacket","XS","indigo",68,95.0,117.0,3,351.0,"2021-03-13","2021-04-03",21
1855,374,981,"Darby Aistrop",47,"Genderqueer","Hannahberg","Australian Capital Territory",557,"Leather","Jacket","M","violet",40,113.0,98.0,2,196.0,"2021-06-05","2021-06-20",15
1856,374,981,"Darby Aistrop",47,"Genderqueer","Hannahberg","Australian Capital Territory",86,"Flannel","Shirt","S","green",57,96.0,118.0,2,236.0,"2021-06-05","2021-06-20",15
1857,374,981,"Darby Aistrop",47,"Genderqueer","Hannahberg","Australian Capital Territory",182,"Camp Collared","Shirt","M","orange",65,112.0,98.0,3,294.0,"2021-06-05","2021-06-20",15
1858,374,981,"Darby Aistrop",47,"Genderqueer","Hannahberg","Australian Capital Territory",1182,"High-Waisted","Trousers","M","indigo",61,98.0,99.0,3,297.0,"2021-06-05","2021-06-20",15
1859,374,981,"Darby Aistrop",47,"Genderqueer","Hannahberg","Australian Capital Territory",316,"Mandarin Collar","Shirt","S","red",48,108.0,109.0,3,327.0,"2021-06-05","2021-06-20",15
1860,374,981,"Darby Aistrop",47,"Genderqueer","Hannahberg","Australian Capital Territory",266,"Polo","Shirt","S","blue",76,117.0,95.0,3,285.0,"2021-06-05","2021-06-20",15
1861,374,981,"Darby Aistrop",47,"Genderqueer","Hannahberg","Australian Capital Territory",1230,"Tracksuit Bottoms","Trousers","XS","orange",57,91.0,112.0,1,112.0,"2021-06-05","2021-06-20",15
1862,375,655,"Jillene Goodbanne",77,"Agender","Mitchellhaven","South Australia",778,"Pullover","Jacket","L","orange",56,114.0,91.0,1,91.0,"2021-01-20","2021-01-26",6
1863,375,655,"Jillene Goodbanne",77,"Agender","Mitchellhaven","South Australia",1122,"Cargo Pants","Trousers","M","red",52,106.0,102.0,2,204.0,"2021-01-20","2021-01-26",6
1864,375,655,"Jillene Goodbanne",77,"Agender","Mitchellhaven","South Australia",654,"Coach","Jacket","XL","blue",46,115.0,93.0,3,279.0,"2021-01-20","2021-01-26",6
1865,376,571,"Kristofor Roos",22,"Agender","Jordanside","Australian Capital Territory",217,"Chambray","Shirt","M","orange",43,105.0,106.0,1,106.0,"2021-07-04","2021-07-17",13
1866,376,571,"Kristofor Roos",22,"Agender","Jordanside","Australian Capital Territory",1039,"Relaxed Leg","Trousers","XL","blue",40,95.0,90.0,3,270.0,"2021-07-04","2021-07-17",13
1867,376,571,"Kristofor Roos",22,"Agender","Jordanside","Australian Capital Territory",268,"Polo","Shirt","L","blue",77,117.0,95.0,3,285.0,"2021-07-04","2021-07-17",13
1868,376,571,"Kristofor Roos",22,"Agender","Jordanside","Australian Capital Territory",966,"Slim-Fit","Trousers","S","blue",49,119.0,97.0,1,97.0,"2021-07-04","2021-07-17",13
1869,376,571,"Kristofor Roos",22,"Agender","Jordanside","Australian Capital Territory",206,"Camp Collared","Shirt","S","violet",80,112.0,98.0,1,98.0,"2021-07-04","2021-07-17",13
1870,376,571,"Kristofor Roos",22,"Agender","Jordanside","Australian Capital Territory",973,"Slim-Fit","Trousers","L","indigo",48,119.0,97.0,1,97.0,"2021-07-04","2021-07-17",13
1871,376,571,"Kristofor Roos",22,"Agender","Jordanside","Australian Capital Territory",587,"Bomber","Jacket","M","indigo",52,90.0,100.0,2,200.0,"2021-07-04","2021-07-17",13
1872,376,571,"Kristofor Roos",22,"Agender","Jordanside","Australian Capital Territory",110,"Denim","Shirt","XS","orange",45,115.0,92.0,2,184.0,"2021-07-04","2021-07-17",13
1873,377,21,"Seana Hearons",31,"Non-binary","South Callum","Tasmania",1145,"Cargo Pants","Trousers","XS","indigo",51,106.0,102.0,1,102.0,"2021-05-19","2021-05-28",9
1874,377,21,"Seana Hearons",31,"Non-binary","South Callum","Tasmania",1006,"Wool","Trousers","S","indigo",45,111.0,106.0,3,318.0,"2021-05-19","2021-05-28",9
1875,377,21,"Seana Hearons",31,"Non-binary","South Callum","Tasmania",197,"Camp Collared","Shirt","M","blue",65,112.0,98.0,2,196.0,"2021-05-19","2021-05-28",9
1876,377,21,"Seana Hearons",31,"Non-binary","South Callum","Tasmania",235,"Chambray","Shirt","XS","indigo",75,105.0,106.0,3,318.0,"2021-05-19","2021-05-28",9
1877,377,21,"Seana Hearons",31,"Non-binary","South Callum","Tasmania",968,"Slim-Fit","Trousers","L","blue",49,119.0,97.0,1,97.0,"2021-05-19","2021-05-28",9
1878,377,21,"Seana Hearons",31,"Non-binary","South Callum","Tasmania",851,"Chinos","Trousers","S","yellow",40,100.0,113.0,2,226.0,"2021-05-19","2021-05-28",9
1879,377,21,"Seana Hearons",31,"Non-binary","South Callum","Tasmania",628,"Cardigan","Jacket","L","violet",66,118.0,112.0,1,112.0,"2021-05-19","2021-05-28",9
1880,377,21,"Seana Hearons",31,"Non-binary","South Callum","Tasmania",126,"Denim","Shirt","S","blue",47,115.0,92.0,1,92.0,"2021-05-19","2021-05-28",9
1881,378,623,"Hort Ridding",57,"Agender","West Ashley","South Australia",674,"Parka","Jacket","XL","orange",68,119.0,113.0,1,113.0,"2021-09-29","2021-10-25",26
1882,378,623,"Hort Ridding",57,"Agender","West Ashley","South Australia",1253,"Tracksuit Bottoms","Trousers","L","indigo",50,91.0,112.0,2,224.0,"2021-09-29","2021-10-25",26
1883,378,623,"Hort Ridding",57,"Agender","West Ashley","South Australia",715,"Trench Coat","Jacket","XS","green",62,112.0,119.0,2,238.0,"2021-09-29","2021-10-25",26
1884,379,467,"Cacilie Forrestill",53,"Bigender","O'reillychester","South Australia",111,"Denim","Shirt","S","orange",69,115.0,92.0,1,92.0,"2021-02-13","2021-02-15",2
1885,379,467,"Cacilie Forrestill",53,"Bigender","O'reillychester","South Australia",1016,"Relaxed Leg","Trousers","S","red",70,95.0,90.0,1,90.0,"2021-02-13","2021-02-15",2
1886,379,467,"Cacilie Forrestill",53,"Bigender","O'reillychester","South Australia",530,"Leather","Jacket","XS","orange",63,113.0,98.0,1,98.0,"2021-02-13","2021-02-15",2
1887,379,467,"Cacilie Forrestill",53,"Bigender","O'reillychester","South Australia",581,"Bomber","Jacket","S","blue",50,90.0,100.0,3,300.0,"2021-02-13","2021-02-15",2
1888,379,467,"Cacilie Forrestill",53,"Bigender","O'reillychester","South Australia",983,"Wool","Trousers","L","red",74,111.0,106.0,1,106.0,"2021-02-13","2021-02-15",2
1889,379,467,"Cacilie Forrestill",53,"Bigender","O'reillychester","South Australia",533,"Leather","Jacket","L","orange",78,113.0,98.0,1,98.0,"2021-02-13","2021-02-15",2
1890,379,467,"Cacilie Forrestill",53,"Bigender","O'reillychester","South Australia",82,"Flannel","Shirt","M","yellow",59,96.0,118.0,1,118.0,"2021-02-13","2021-02-15",2
1891,379,467,"Cacilie Forrestill",53,"Bigender","O'reillychester","South Australia",221,"Chambray","Shirt","S","yellow",40,105.0,106.0,2,212.0,"2021-02-13","2021-02-15",2
1892,380,75,"Katinka Currier",75,"Non-binary","Smythland","South Australia",87,"Flannel","Shirt","M","green",66,96.0,118.0,1,118.0,"2021-03-22","2021-03-28",6
1893,380,75,"Katinka Currier",75,"Non-binary","Smythland","South Australia",393,"Casual Slim Fit","Shirt","L","orange",76,113.0,119.0,3,357.0,"2021-03-22","2021-03-28",6
1894,380,75,"Katinka Currier",75,"Non-binary","Smythland","South Australia",49,"Dress","Shirt","XL","yellow",75,119.0,104.0,2,208.0,"2021-03-22","2021-03-28",6
1895,380,75,"Katinka Currier",75,"Non-binary","Smythland","South Australia",182,"Camp Collared","Shirt","M","orange",65,112.0,98.0,3,294.0,"2021-03-22","2021-03-28",6
1896,380,75,"Katinka Currier",75,"Non-binary","Smythland","South Australia",1256,"Tracksuit Bottoms","Trousers","S","violet",48,91.0,112.0,2,224.0,"2021-03-22","2021-03-28",6
1897,380,75,"Katinka Currier",75,"Non-binary","Smythland","South Australia",522,"Windbreaker","Jacket","M","violet",64,109.0,102.0,1,102.0,"2021-03-22","2021-03-28",6
1898,380,75,"Katinka Currier",75,"Non-binary","Smythland","South Australia",616,"Cardigan","Jacket","S","blue",53,118.0,112.0,2,224.0,"2021-03-22","2021-03-28",6
1899,381,258,"Mira Heinonen",62,"Female","South Declan","Queensland",842,"Chinos","Trousers","M","red",54,100.0,113.0,3,339.0,"2021-04-11","2021-05-03",22
1900,381,258,"Mira Heinonen",62,"Female","South Declan","Queensland",440,"Denim","Jacket","XS","blue",49,92.0,107.0,3,321.0,"2021-04-11","2021-05-03",22
1901,381,258,"Mira Heinonen",62,"Female","South Declan","Queensland",472,"Puffer","Jacket","M","green",72,110.0,118.0,3,354.0,"2021-04-11","2021-05-03",22
1902,381,258,"Mira Heinonen",62,"Female","South Declan","Queensland",1218,"Pleated","Trousers","L","indigo",73,90.0,105.0,3,315.0,"2021-04-11","2021-05-03",22
1903,381,258,"Mira Heinonen",62,"Female","South Declan","Queensland",703,"Trench Coat","Jacket","L","red",70,112.0,119.0,3,357.0,"2021-04-11","2021-05-03",22
1904,381,258,"Mira Heinonen",62,"Female","South Declan","Queensland",1079,"Joggers","Trousers","XL","indigo",66,94.0,93.0,2,186.0,"2021-04-11","2021-05-03",22
1905,381,258,"Mira Heinonen",62,"Female","South Declan","Queensland",1114,"Cropped","Trousers","XL","indigo",58,99.0,115.0,3,345.0,"2021-04-11","2021-05-03",22
1906,382,791,"Jojo Toffanini",34,"Agender","Elijahshire","Queensland",971,"Slim-Fit","Trousers","S","indigo",41,119.0,97.0,2,194.0,"2021-05-04","2021-05-15",11
1907,382,791,"Jojo Toffanini",34,"Agender","Elijahshire","Queensland",650,"Coach","Jacket","XS","blue",51,115.0,93.0,3,279.0,"2021-05-04","2021-05-15",11
1908,382,791,"Jojo Toffanini",34,"Agender","Elijahshire","Queensland",1022,"Relaxed Leg","Trousers","M","orange",74,95.0,90.0,1,90.0,"2021-05-04","2021-05-15",11
1909,382,791,"Jojo Toffanini",34,"Agender","Elijahshire","Queensland",894,"Cords","Trousers","XL","green",49,113.0,94.0,1,94.0,"2021-05-04","2021-05-15",11
1910,383,469,"Faber Purcell",78,"Female","Andrewborough","New South Wales",565,"Bomber","Jacket","XS","orange",80,90.0,100.0,3,300.0,"2021-09-08","2021-09-14",6
1911,383,469,"Faber Purcell",78,"Female","Andrewborough","New South Wales",1233,"Tracksuit Bottoms","Trousers","L","orange",73,91.0,112.0,1,112.0,"2021-09-08","2021-09-14",6
1912,383,469,"Faber Purcell",78,"Female","Andrewborough","New South Wales",504,"Windbreaker","Jacket","XL","yellow",58,109.0,102.0,2,204.0,"2021-09-08","2021-09-14",6
1913,383,469,"Faber Purcell",78,"Female","Andrewborough","New South Wales",882,"Cords","Trousers","M","orange",53,113.0,94.0,1,94.0,"2021-09-08","2021-09-14",6
1914,383,469,"Faber Purcell",78,"Female","Andrewborough","New South Wales",968,"Slim-Fit","Trousers","L","blue",49,119.0,97.0,1,97.0,"2021-09-08","2021-09-14",6
1915,383,469,"Faber Purcell",78,"Female","Andrewborough","New South Wales",805,"Shearling","Jacket","XS","red",74,95.0,117.0,1,117.0,"2021-09-08","2021-09-14",6
1916,384,709,"Lilli Bavester",65,"Genderfluid","East Lillyville","Victoria",303,"Cuban Collar","Shirt","L","blue",65,93.0,105.0,2,210.0,"2021-05-27","2021-06-22",26
1917,384,709,"Lilli Bavester",65,"Genderfluid","East Lillyville","Victoria",810,"Shearling","Jacket","XS","orange",54,95.0,117.0,2,234.0,"2021-05-27","2021-06-22",26
1918,384,709,"Lilli Bavester",65,"Genderfluid","East Lillyville","Victoria",569,"Bomber","Jacket","XL","orange",69,90.0,100.0,2,200.0,"2021-05-27","2021-06-22",26
1919,385,146,"Lawry Mannooch",50,"Agender","North Kayla","Western Australia",278,"Polo","Shirt","L","violet",76,117.0,95.0,2,190.0,"2021-08-08","2021-08-24",16
1920,385,146,"Lawry Mannooch",50,"Agender","North Kayla","Western Australia",440,"Denim","Jacket","XS","blue",49,92.0,107.0,2,214.0,"2021-08-08","2021-08-24",16
1921,385,146,"Lawry Mannooch",50,"Agender","North Kayla","Western Australia",678,"Parka","Jacket","L","yellow",72,119.0,113.0,1,113.0,"2021-08-08","2021-08-24",16
1922,385,146,"Lawry Mannooch",50,"Agender","North Kayla","Western Australia",1172,"High-Waisted","Trousers","M","green",51,98.0,99.0,1,99.0,"2021-08-08","2021-08-24",16
1923,386,458,"Romy Cuberley",42,"Genderqueer","Mayaview","Queensland",1064,"Joggers","Trousers","XL","yellow",69,94.0,93.0,3,279.0,"2021-02-14","2021-03-03",17
1924,386,458,"Romy Cuberley",42,"Genderqueer","Mayaview","Queensland",971,"Slim-Fit","Trousers","S","indigo",41,119.0,97.0,2,194.0,"2021-02-14","2021-03-03",17
1925,386,458,"Romy Cuberley",42,"Genderqueer","Mayaview","Queensland",744,"Peacoat","Jacket","XL","orange",69,102.0,109.0,2,218.0,"2021-02-14","2021-03-03",17
1926,387,341,"Cherlyn Asmus",34,"Female","Jasmineville","Victoria",376,"Henley","Shirt","S","indigo",45,92.0,94.0,3,282.0,"2021-06-11","2021-06-14",3
1927,387,341,"Cherlyn Asmus",34,"Female","Jasmineville","Victoria",969,"Slim-Fit","Trousers","XL","blue",47,119.0,97.0,3,291.0,"2021-06-11","2021-06-14",3
1928,387,341,"Cherlyn Asmus",34,"Female","Jasmineville","Victoria",415,"Casual Slim Fit","Shirt","XS","violet",55,113.0,119.0,1,119.0,"2021-06-11","2021-06-14",3
1929,387,341,"Cherlyn Asmus",34,"Female","Jasmineville","Victoria",256,"Polo","Shirt","S","yellow",77,117.0,95.0,1,95.0,"2021-06-11","2021-06-14",3
1930,387,341,"Cherlyn Asmus",34,"Female","Jasmineville","Victoria",82,"Flannel","Shirt","M","yellow",59,96.0,118.0,1,118.0,"2021-06-11","2021-06-14",3
1931,387,341,"Cherlyn Asmus",34,"Female","Jasmineville","Victoria",283,"Cuban Collar","Shirt","L","red",45,93.0,105.0,2,210.0,"2021-06-11","2021-06-14",3
1932,388,601,"Sol Adhams",55,"Male","Sebastianbury","South Australia",45,"Dress","Shirt","XS","yellow",69,119.0,104.0,2,208.0,"2021-02-12","2021-02-17",5
1933,388,601,"Sol Adhams",55,"Male","Sebastianbury","South Australia",15,"Oxford Cloth","Shirt","XS","green",68,114.0,96.0,2,192.0,"2021-02-12","2021-02-17",5
1934,388,601,"Sol Adhams",55,"Male","Sebastianbury","South Australia",670,"Parka","Jacket","XS","orange",53,119.0,113.0,2,226.0,"2021-02-12","2021-02-17",5
1935,388,601,"Sol Adhams",55,"Male","Sebastianbury","South Australia",579,"Bomber","Jacket","XL","green",79,90.0,100.0,1,100.0,"2021-02-12","2021-02-17",5
1936,389,643,"Pietro Duling",36,"Female","Shieldschester","Tasmania",632,"Coach","Jacket","M","red",76,115.0,93.0,3,279.0,"2021-04-20","2021-04-23",3
1937,389,643,"Pietro Duling",36,"Female","Shieldschester","Tasmania",582,"Bomber","Jacket","M","blue",44,90.0,100.0,3,300.0,"2021-04-20","2021-04-23",3
1938,389,643,"Pietro Duling",36,"Female","Shieldschester","Tasmania",165,"Linen","Shirt","XS","indigo",70,116.0,91.0,1,91.0,"2021-04-20","2021-04-23",3
1939,389,643,"Pietro Duling",36,"Female","Shieldschester","Tasmania",440,"Denim","Jacket","XS","blue",49,92.0,107.0,2,214.0,"2021-04-20","2021-04-23",3
1940,389,643,"Pietro Duling",36,"Female","Shieldschester","Tasmania",929,"Drawstring","Trousers","XL","green",49,104.0,96.0,3,288.0,"2021-04-20","2021-04-23",3
1941,389,643,"Pietro Duling",36,"Female","Shieldschester","Tasmania",1071,"Joggers","Trousers","S","blue",50,94.0,93.0,2,186.0,"2021-04-20","2021-04-23",3
1942,390,206,"Crin Johnikin",66,"Polygender","South Clairetown","Queensland",1101,"Cropped","Trousers","S","green",71,99.0,115.0,3,345.0,"2021-01-20","2021-01-24",4
1943,390,206,"Crin Johnikin",66,"Polygender","South Clairetown","Queensland",405,"Casual Slim Fit","Shirt","XS","blue",55,113.0,119.0,3,357.0,"2021-01-20","2021-01-24",4
1944,390,206,"Crin Johnikin",66,"Polygender","South Clairetown","Queensland",685,"Parka","Jacket","XS","blue",67,119.0,113.0,2,226.0,"2021-01-20","2021-01-24",4
1945,391,726,"Rey Grasner",27,"Genderqueer","Cassinport","Western Australia",850,"Chinos","Trousers","XS","yellow",41,100.0,113.0,2,226.0,"2021-05-16","2021-06-06",21
1946,391,726,"Rey Grasner",27,"Genderqueer","Cassinport","Western Australia",607,"Cardigan","Jacket","M","yellow",64,118.0,112.0,1,112.0,"2021-05-16","2021-06-06",21
1947,391,726,"Rey Grasner",27,"Genderqueer","Cassinport","Western Australia",872,"Chinos","Trousers","M","violet",54,100.0,113.0,2,226.0,"2021-05-16","2021-06-06",21
1948,391,726,"Rey Grasner",27,"Genderqueer","Cassinport","Western Australia",1155,"High-Waisted","Trousers","XS","red",74,98.0,99.0,1,99.0,"2021-05-16","2021-06-06",21
1949,391,726,"Rey Grasner",27,"Genderqueer","Cassinport","Western Australia",1114,"Cropped","Trousers","XL","indigo",58,99.0,115.0,3,345.0,"2021-05-16","2021-06-06",21
1950,391,726,"Rey Grasner",27,"Genderqueer","Cassinport","Western Australia",431,"Denim","Jacket","S","yellow",43,92.0,107.0,3,321.0,"2021-05-16","2021-06-06",21
1951,391,726,"Rey Grasner",27,"Genderqueer","Cassinport","Western Australia",734,"Trench Coat","Jacket","XL","violet",52,112.0,119.0,2,238.0,"2021-05-16","2021-06-06",21
1952,392,840,"Ellene Dedam",25,"Agender","Islamouth","Western Australia",1181,"High-Waisted","Trousers","S","indigo",79,98.0,99.0,3,297.0,"2021-01-12","2021-01-25",13
1953,392,840,"Ellene Dedam",25,"Agender","Islamouth","Western Australia",79,"Flannel","Shirt","XL","orange",50,96.0,118.0,1,118.0,"2021-01-12","2021-01-25",13
1954,392,840,"Ellene Dedam",25,"Agender","Islamouth","Western Australia",1156,"High-Waisted","Trousers","S","red",80,98.0,99.0,2,198.0,"2021-01-12","2021-01-25",13
1955,392,840,"Ellene Dedam",25,"Agender","Islamouth","Western Australia",1056,"Joggers","Trousers","S","orange",43,94.0,93.0,1,93.0,"2021-01-12","2021-01-25",13
1956,393,803,"Gertrude Harriott",68,"Bigender","Amyton","Australian Capital Territory",396,"Casual Slim Fit","Shirt","S","yellow",45,113.0,119.0,2,238.0,"2021-05-06","2021-05-27",21
1957,393,803,"Gertrude Harriott",68,"Bigender","Amyton","Australian Capital Territory",1143,"Cargo Pants","Trousers","L","blue",77,106.0,102.0,3,306.0,"2021-05-06","2021-05-27",21
1958,393,803,"Gertrude Harriott",68,"Bigender","Amyton","Australian Capital Territory",103,"Flannel","Shirt","L","violet",76,96.0,118.0,2,236.0,"2021-05-06","2021-05-27",21
1959,393,803,"Gertrude Harriott",68,"Bigender","Amyton","Australian Capital Territory",1207,"Pleated","Trousers","M","green",41,90.0,105.0,3,315.0,"2021-05-06","2021-05-27",21
1960,393,803,"Gertrude Harriott",68,"Bigender","Amyton","Australian Capital Territory",649,"Coach","Jacket","XL","green",48,115.0,93.0,2,186.0,"2021-05-06","2021-05-27",21
1961,394,508,"Jan Isenor",65,"Non-binary","West Annaport","Northern Territory",557,"Leather","Jacket","M","violet",40,113.0,98.0,1,98.0,"2021-09-06","2021-09-10",4
1962,394,508,"Jan Isenor",65,"Non-binary","West Annaport","Northern Territory",567,"Bomber","Jacket","M","orange",69,90.0,100.0,3,300.0,"2021-09-06","2021-09-10",4
1963,394,508,"Jan Isenor",65,"Non-binary","West Annaport","Northern Territory",179,"Camp Collared","Shirt","XL","red",79,112.0,98.0,1,98.0,"2021-09-06","2021-09-10",4
1964,394,508,"Jan Isenor",65,"Non-binary","West Annaport","Northern Territory",933,"Drawstring","Trousers","L","blue",50,104.0,96.0,3,288.0,"2021-09-06","2021-09-10",4
1965,394,508,"Jan Isenor",65,"Non-binary","West Annaport","Northern Territory",537,"Leather","Jacket","M","yellow",77,113.0,98.0,3,294.0,"2021-09-06","2021-09-10",4
1966,394,508,"Jan Isenor",65,"Non-binary","West Annaport","Northern Territory",1004,"Wool","Trousers","XL","blue",41,111.0,106.0,3,318.0,"2021-09-06","2021-09-10",4
1967,394,508,"Jan Isenor",65,"Non-binary","West Annaport","Northern Territory",226,"Chambray","Shirt","S","green",63,105.0,106.0,3,318.0,"2021-09-06","2021-09-10",4
1968,395,728,"Kellie Curbishley",51,"Agender","Lake Matildaville","Western Australia",1180,"High-Waisted","Trousers","XS","indigo",47,98.0,99.0,2,198.0,"2021-03-26","2021-04-02",7
1969,395,728,"Kellie Curbishley",51,"Agender","Lake Matildaville","Western Australia",1249,"Tracksuit Bottoms","Trousers","XL","blue",68,91.0,112.0,3,336.0,"2021-03-26","2021-04-02",7
1970,395,728,"Kellie Curbishley",51,"Agender","Lake Matildaville","Western Australia",270,"Polo","Shirt","XS","indigo",47,117.0,95.0,2,190.0,"2021-03-26","2021-04-02",7
1971,395,728,"Kellie Curbishley",51,"Agender","Lake Matildaville","Western Australia",124,"Denim","Shirt","XL","green",52,115.0,92.0,1,92.0,"2021-03-26","2021-04-02",7
1972,395,728,"Kellie Curbishley",51,"Agender","Lake Matildaville","Western Australia",587,"Bomber","Jacket","M","indigo",52,90.0,100.0,2,200.0,"2021-03-26","2021-04-02",7
1973,396,461,"Alina Strotton",54,"Female","West Chasemouth","Australian Capital Territory",106,"Denim","Shirt","S","red",57,115.0,92.0,3,276.0,"2021-02-26","2021-03-03",5
1974,396,461,"Alina Strotton",54,"Female","West Chasemouth","Australian Capital Territory",739,"Peacoat","Jacket","XL","red",58,102.0,109.0,2,218.0,"2021-02-26","2021-03-03",5
1975,396,461,"Alina Strotton",54,"Female","West Chasemouth","Australian Capital Territory",920,"Drawstring","Trousers","XS","yellow",41,104.0,96.0,1,96.0,"2021-02-26","2021-03-03",5
1976,396,461,"Alina Strotton",54,"Female","West Chasemouth","Australian Capital Territory",1209,"Pleated","Trousers","XL","green",55,90.0,105.0,2,210.0,"2021-02-26","2021-03-03",5
1977,397,446,"Benny Songist",47,"Non-binary","North Lukeshire","Tasmania",1181,"High-Waisted","Trousers","S","indigo",79,98.0,99.0,2,198.0,"2021-02-03","2021-02-22",19
1978,397,446,"Benny Songist",47,"Non-binary","North Lukeshire","Tasmania",1080,"Joggers","Trousers","XS","violet",50,94.0,93.0,2,186.0,"2021-02-03","2021-02-22",19
1979,397,446,"Benny Songist",47,"Non-binary","North Lukeshire","Tasmania",963,"Slim-Fit","Trousers","L","green",43,119.0,97.0,3,291.0,"2021-02-03","2021-02-22",19
1980,398,13,"Marabel Swinfon",42,"Male","Maddisonmouth","Queensland",503,"Windbreaker","Jacket","L","yellow",70,109.0,102.0,1,102.0,"2021-09-28","2021-10-13",15
1981,398,13,"Marabel Swinfon",42,"Male","Maddisonmouth","Queensland",472,"Puffer","Jacket","M","green",72,110.0,118.0,1,118.0,"2021-09-28","2021-10-13",15
1982,398,13,"Marabel Swinfon",42,"Male","Maddisonmouth","Queensland",611,"Cardigan","Jacket","S","green",62,118.0,112.0,1,112.0,"2021-09-28","2021-10-13",15
1983,399,331,"Binnie Gonzales",32,"Polygender","Aidenton","Northern Territory",305,"Cuban Collar","Shirt","XS","indigo",50,93.0,105.0,3,315.0,"2021-10-21","2021-10-30",9
1984,399,331,"Binnie Gonzales",32,"Polygender","Aidenton","Northern Territory",593,"Bomber","Jacket","L","violet",68,90.0,100.0,1,100.0,"2021-10-21","2021-10-30",9
1985,399,331,"Binnie Gonzales",32,"Polygender","Aidenton","Northern Territory",865,"Chinos","Trousers","XS","indigo",61,100.0,113.0,2,226.0,"2021-10-21","2021-10-30",9
1986,399,331,"Binnie Gonzales",32,"Polygender","Aidenton","Northern Territory",965,"Slim-Fit","Trousers","XS","blue",55,119.0,97.0,1,97.0,"2021-10-21","2021-10-30",9
1987,399,331,"Binnie Gonzales",32,"Polygender","Aidenton","Northern Territory",1239,"Tracksuit Bottoms","Trousers","XL","yellow",59,91.0,112.0,3,336.0,"2021-10-21","2021-10-30",9
1988,400,907,"Aindrea Franzetti",43,"Female","North Caitlin","South Australia",57,"Dress","Shirt","M","blue",48,119.0,104.0,3,312.0,"2021-07-02","2021-07-25",23
1989,400,907,"Aindrea Franzetti",43,"Female","North Caitlin","South Australia",1037,"Relaxed Leg","Trousers","M","blue",72,95.0,90.0,2,180.0,"2021-07-02","2021-07-25",23
1990,400,907,"Aindrea Franzetti",43,"Female","North Caitlin","South Australia",41,"Dress","Shirt","S","orange",69,119.0,104.0,2,208.0,"2021-07-02","2021-07-25",23
1991,400,907,"Aindrea Franzetti",43,"Female","North Caitlin","South Australia",1165,"High-Waisted","Trousers","XS","yellow",64,98.0,99.0,3,297.0,"2021-07-02","2021-07-25",23
1992,400,907,"Aindrea Franzetti",43,"Female","North Caitlin","South Australia",236,"Chambray","Shirt","S","indigo",59,105.0,106.0,1,106.0,"2021-07-02","2021-07-25",23
1993,400,907,"Aindrea Franzetti",43,"Female","North Caitlin","South Australia",515,"Windbreaker","Jacket","XS","indigo",79,109.0,102.0,1,102.0,"2021-07-02","2021-07-25",23
1994,400,907,"Aindrea Franzetti",43,"Female","North Caitlin","South Australia",187,"Camp Collared","Shirt","M","yellow",49,112.0,98.0,1,98.0,"2021-07-02","2021-07-25",23
1995,401,94,"Otha Skein",46,"Genderqueer","East Isla","Western Australia",266,"Polo","Shirt","S","blue",76,117.0,95.0,1,95.0,"2021-08-14","2021-08-24",10
1996,401,94,"Otha Skein",46,"Genderqueer","East Isla","Western Australia",791,"Pullover","Jacket","S","blue",73,114.0,91.0,2,182.0,"2021-08-14","2021-08-24",10
1997,401,94,"Otha Skein",46,"Genderqueer","East Isla","Western Australia",392,"Casual Slim Fit","Shirt","M","orange",47,113.0,119.0,1,119.0,"2021-08-14","2021-08-24",10
1998,401,94,"Otha Skein",46,"Genderqueer","East Isla","Western Australia",137,"Denim","Shirt","M","violet",55,115.0,92.0,1,92.0,"2021-08-14","2021-08-24",10
1999,401,94,"Otha Skein",46,"Genderqueer","East Isla","Western Australia",92,"Flannel","Shirt","M","blue",73,96.0,118.0,2,236.0,"2021-08-14","2021-08-24",10
2000,401,94,"Otha Skein",46,"Genderqueer","East Isla","Western Australia",647,"Coach","Jacket","M","green",63,115.0,93.0,2,186.0,"2021-08-14","2021-08-24",10
2001,401,94,"Otha Skein",46,"Genderqueer","East Isla","Western Australia",422,"Denim","Jacket","M","red",43,92.0,107.0,3,321.0,"2021-08-14","2021-08-24",10
2002,402,537,"Beverly Burbridge",45,"Non-binary","Krisland","Western Australia",577,"Bomber","Jacket","M","green",61,90.0,100.0,2,200.0,"2021-03-09","2021-04-04",26
2003,403,980,"Sharleen Langworthy",35,"Agender","Isaacberg","South Australia",807,"Shearling","Jacket","M","red",49,95.0,117.0,1,117.0,"2021-09-16","2021-09-25",9
2004,403,980,"Sharleen Langworthy",35,"Agender","Isaacberg","South Australia",405,"Casual Slim Fit","Shirt","XS","blue",55,113.0,119.0,3,357.0,"2021-09-16","2021-09-25",9
2005,403,980,"Sharleen Langworthy",35,"Agender","Isaacberg","South Australia",80,"Flannel","Shirt","XS","yellow",41,96.0,118.0,2,236.0,"2021-09-16","2021-09-25",9
2006,403,980,"Sharleen Langworthy",35,"Agender","Isaacberg","South Australia",810,"Shearling","Jacket","XS","orange",54,95.0,117.0,3,351.0,"2021-09-16","2021-09-25",9
2007,404,998,"Rebecka Fabler",32,"Polygender","Kohlerberg","Queensland",1153,"Cargo Pants","Trousers","L","violet",74,106.0,102.0,1,102.0,"2021-03-03","2021-03-09",6
2008,404,998,"Rebecka Fabler",32,"Polygender","Kohlerberg","Queensland",4,"Oxford Cloth","Shirt","XL","red",47,114.0,96.0,1,96.0,"2021-03-03","2021-03-09",6
2009,405,493,"Andrew Renn",63,"Bigender","Port Natalie","Victoria",317,"Mandarin Collar","Shirt","M","red",60,108.0,109.0,3,327.0,"2021-08-09","2021-08-12",3
2010,405,493,"Andrew Renn",63,"Bigender","Port Natalie","Victoria",66,"Dress","Shirt","S","violet",69,119.0,104.0,3,312.0,"2021-08-09","2021-08-12",3
2011,405,493,"Andrew Renn",63,"Bigender","Port Natalie","Victoria",932,"Drawstring","Trousers","M","blue",41,104.0,96.0,2,192.0,"2021-08-09","2021-08-12",3
2012,406,892,"Jania Sailes",44,"Non-binary","West Annaton","Australian Capital Territory",838,"Shearling","Jacket","L","violet",61,95.0,117.0,3,351.0,"2021-07-25","2021-08-18",24
2013,406,892,"Jania Sailes",44,"Non-binary","West Annaton","Australian Capital Territory",1258,"Tracksuit Bottoms","Trousers","L","violet",45,91.0,112.0,3,336.0,"2021-07-25","2021-08-18",24
2014,406,892,"Jania Sailes",44,"Non-binary","West Annaton","Australian Capital Territory",26,"Oxford Cloth","Shirt","S","indigo",59,114.0,96.0,1,96.0,"2021-07-25","2021-08-18",24
2015,406,892,"Jania Sailes",44,"Non-binary","West Annaton","Australian Capital Territory",121,"Denim","Shirt","S","green",49,115.0,92.0,1,92.0,"2021-07-25","2021-08-18",24
2016,406,892,"Jania Sailes",44,"Non-binary","West Annaton","Australian Capital Territory",92,"Flannel","Shirt","M","blue",73,96.0,118.0,3,354.0,"2021-07-25","2021-08-18",24
2017,406,892,"Jania Sailes",44,"Non-binary","West Annaton","Australian Capital Territory",1184,"High-Waisted","Trousers","XL","indigo",57,98.0,99.0,2,198.0,"2021-07-25","2021-08-18",24
2018,407,835,"Randell Shorte",25,"Polygender","North Lachlanfurt","South Australia",307,"Cuban Collar","Shirt","M","indigo",58,93.0,105.0,2,210.0,"2021-01-09","2021-01-20",11
2019,407,835,"Randell Shorte",25,"Polygender","North Lachlanfurt","South Australia",602,"Cardigan","Jacket","M","orange",54,118.0,112.0,1,112.0,"2021-01-09","2021-01-20",11
2020,407,835,"Randell Shorte",25,"Polygender","North Lachlanfurt","South Australia",795,"Pullover","Jacket","XS","indigo",78,114.0,91.0,3,273.0,"2021-01-09","2021-01-20",11
2021,408,404,"Teddy Gell",79,"Non-binary","West Ellaport","Australian Capital Territory",949,"Slim-Fit","Trousers","XL","red",67,119.0,97.0,3,291.0,"2021-01-30","2021-02-15",16
2022,408,404,"Teddy Gell",79,"Non-binary","West Ellaport","Australian Capital Territory",1201,"Pleated","Trousers","S","yellow",71,90.0,105.0,1,105.0,"2021-01-30","2021-02-15",16
2023,408,404,"Teddy Gell",79,"Non-binary","West Ellaport","Australian Capital Territory",378,"Henley","Shirt","L","indigo",44,92.0,94.0,3,282.0,"2021-01-30","2021-02-15",16
2024,408,404,"Teddy Gell",79,"Non-binary","West Ellaport","Australian Capital Territory",994,"Wool","Trousers","XL","yellow",72,111.0,106.0,1,106.0,"2021-01-30","2021-02-15",16
2025,408,404,"Teddy Gell",79,"Non-binary","West Ellaport","Australian Capital Territory",611,"Cardigan","Jacket","S","green",62,118.0,112.0,3,336.0,"2021-01-30","2021-02-15",16
2026,408,404,"Teddy Gell",79,"Non-binary","West Ellaport","Australian Capital Territory",399,"Casual Slim Fit","Shirt","XL","yellow",78,113.0,119.0,2,238.0,"2021-01-30","2021-02-15",16
2027,408,404,"Teddy Gell",79,"Non-binary","West Ellaport","Australian Capital Territory",757,"Peacoat","Jacket","M","blue",71,102.0,109.0,1,109.0,"2021-01-30","2021-02-15",16
2028,408,404,"Teddy Gell",79,"Non-binary","West Ellaport","Australian Capital Territory",1245,"Tracksuit Bottoms","Trousers","XS","blue",42,91.0,112.0,3,336.0,"2021-01-30","2021-02-15",16
2029,409,206,"Crin Johnikin",66,"Polygender","South Clairetown","Queensland",772,"Pullover","Jacket","M","red",55,114.0,91.0,2,182.0,"2021-05-03","2021-05-11",8
2030,409,206,"Crin Johnikin",66,"Polygender","South Clairetown","Queensland",579,"Bomber","Jacket","XL","green",79,90.0,100.0,3,300.0,"2021-05-03","2021-05-11",8
2031,409,206,"Crin Johnikin",66,"Polygender","South Clairetown","Queensland",1141,"Cargo Pants","Trousers","S","blue",63,106.0,102.0,2,204.0,"2021-05-03","2021-05-11",8
2032,409,206,"Crin Johnikin",66,"Polygender","South Clairetown","Queensland",279,"Polo","Shirt","XL","violet",79,117.0,95.0,3,285.0,"2021-05-03","2021-05-11",8
2033,409,206,"Crin Johnikin",66,"Polygender","South Clairetown","Queensland",1230,"Tracksuit Bottoms","Trousers","XS","orange",57,91.0,112.0,3,336.0,"2021-05-03","2021-05-11",8
2034,410,47,"Jarrett Brumby",54,"Polygender","Lake Nicholasfurt","Western Australia",660,"Coach","Jacket","XS","violet",58,115.0,93.0,1,93.0,"2021-08-04","2021-08-09",5
2035,410,47,"Jarrett Brumby",54,"Polygender","Lake Nicholasfurt","Western Australia",1049,"Relaxed Leg","Trousers","XL","violet",42,95.0,90.0,1,90.0,"2021-08-04","2021-08-09",5
2036,411,771,"Paul McGavigan",74,"Genderfluid","Kuhntown","Victoria",564,"Bomber","Jacket","XL","red",62,90.0,100.0,3,300.0,"2021-03-17","2021-04-08",22
2037,411,771,"Paul McGavigan",74,"Genderfluid","Kuhntown","Victoria",826,"Shearling","Jacket","S","blue",72,95.0,117.0,1,117.0,"2021-03-17","2021-04-08",22
2038,411,771,"Paul McGavigan",74,"Genderfluid","Kuhntown","Victoria",508,"Windbreaker","Jacket","L","green",62,109.0,102.0,1,102.0,"2021-03-17","2021-04-08",22
2039,411,771,"Paul McGavigan",74,"Genderfluid","Kuhntown","Victoria",860,"Chinos","Trousers","XS","blue",69,100.0,113.0,2,226.0,"2021-03-17","2021-04-08",22
2040,411,771,"Paul McGavigan",74,"Genderfluid","Kuhntown","Victoria",410,"Casual Slim Fit","Shirt","XS","indigo",57,113.0,119.0,1,119.0,"2021-03-17","2021-04-08",22
2041,411,771,"Paul McGavigan",74,"Genderfluid","Kuhntown","Victoria",451,"Denim","Jacket","S","violet",73,92.0,107.0,2,214.0,"2021-03-17","2021-04-08",22
2042,412,427,"Tomaso Mullin",25,"Genderqueer","New Ava","Queensland",1034,"Relaxed Leg","Trousers","XL","green",64,95.0,90.0,2,180.0,"2021-09-23","2021-10-13",20
2043,412,427,"Tomaso Mullin",25,"Genderqueer","New Ava","Queensland",314,"Cuban Collar","Shirt","XL","violet",44,93.0,105.0,1,105.0,"2021-09-23","2021-10-13",20
2044,412,427,"Tomaso Mullin",25,"Genderqueer","New Ava","Queensland",232,"Chambray","Shirt","M","blue",66,105.0,106.0,2,212.0,"2021-09-23","2021-10-13",20
2045,412,427,"Tomaso Mullin",25,"Genderqueer","New Ava","Queensland",721,"Trench Coat","Jacket","S","blue",64,112.0,119.0,1,119.0,"2021-09-23","2021-10-13",20
2046,413,589,"Calhoun Raphael",57,"Polygender","Hoppetown","Queensland",1204,"Pleated","Trousers","XL","yellow",52,90.0,105.0,2,210.0,"2021-10-17","2021-10-31",14
2047,413,589,"Calhoun Raphael",57,"Polygender","Hoppetown","Queensland",527,"Leather","Jacket","M","red",54,113.0,98.0,2,196.0,"2021-10-17","2021-10-31",14
2048,413,589,"Calhoun Raphael",57,"Polygender","Hoppetown","Queensland",707,"Trench Coat","Jacket","M","orange",43,112.0,119.0,3,357.0,"2021-10-17","2021-10-31",14
2049,413,589,"Calhoun Raphael",57,"Polygender","Hoppetown","Queensland",1234,"Tracksuit Bottoms","Trousers","XL","orange",42,91.0,112.0,2,224.0,"2021-10-17","2021-10-31",14
2050,413,589,"Calhoun Raphael",57,"Polygender","Hoppetown","Queensland",124,"Denim","Shirt","XL","green",52,115.0,92.0,2,184.0,"2021-10-17","2021-10-31",14
2051,413,589,"Calhoun Raphael",57,"Polygender","Hoppetown","Queensland",306,"Cuban Collar","Shirt","S","indigo",41,93.0,105.0,3,315.0,"2021-10-17","2021-10-31",14
2052,414,212,"Evelyn Chevolleau",79,"Polygender","Port Logan","Western Australia",233,"Chambray","Shirt","L","blue",69,105.0,106.0,3,318.0,"2021-01-02","2021-01-03",1
2053,414,212,"Evelyn Chevolleau",79,"Polygender","Port Logan","Western Australia",932,"Drawstring","Trousers","M","blue",41,104.0,96.0,1,96.0,"2021-01-02","2021-01-03",1
2054,414,212,"Evelyn Chevolleau",79,"Polygender","Port Logan","Western Australia",625,"Cardigan","Jacket","XS","violet",40,118.0,112.0,1,112.0,"2021-01-02","2021-01-03",1
2055,415,947,"Dulsea Collet",74,"Genderqueer","South Charles","New South Wales",190,"Camp Collared","Shirt","XS","green",66,112.0,98.0,2,196.0,"2021-07-14","2021-07-19",5
2056,415,947,"Dulsea Collet",74,"Genderqueer","South Charles","New South Wales",494,"Windbreaker","Jacket","XL","red",48,109.0,102.0,2,204.0,"2021-07-14","2021-07-19",5
2057,415,947,"Dulsea Collet",74,"Genderqueer","South Charles","New South Wales",833,"Shearling","Jacket","L","indigo",66,95.0,117.0,2,234.0,"2021-07-14","2021-07-19",5
2058,415,947,"Dulsea Collet",74,"Genderqueer","South Charles","New South Wales",487,"Puffer","Jacket","M","violet",43,110.0,118.0,2,236.0,"2021-07-14","2021-07-19",5
2059,415,947,"Dulsea Collet",74,"Genderqueer","South Charles","New South Wales",260,"Polo","Shirt","XS","green",45,117.0,95.0,2,190.0,"2021-07-14","2021-07-19",5
2060,415,947,"Dulsea Collet",74,"Genderqueer","South Charles","New South Wales",946,"Slim-Fit","Trousers","S","red",71,119.0,97.0,1,97.0,"2021-07-14","2021-07-19",5
2061,415,947,"Dulsea Collet",74,"Genderqueer","South Charles","New South Wales",983,"Wool","Trousers","L","red",74,111.0,106.0,1,106.0,"2021-07-14","2021-07-19",5
2062,415,947,"Dulsea Collet",74,"Genderqueer","South Charles","New South Wales",1149,"Cargo Pants","Trousers","XL","indigo",64,106.0,102.0,2,204.0,"2021-07-14","2021-07-19",5
2063,416,129,"Beatrisa Winterscale",68,"Non-binary","Port Harrychester","Western Australia",798,"Pullover","Jacket","L","indigo",50,114.0,91.0,1,91.0,"2021-10-08","2021-10-25",17
2064,416,129,"Beatrisa Winterscale",68,"Non-binary","Port Harrychester","Western Australia",1141,"Cargo Pants","Trousers","S","blue",63,106.0,102.0,3,306.0,"2021-10-08","2021-10-25",17
2065,416,129,"Beatrisa Winterscale",68,"Non-binary","Port Harrychester","Western Australia",270,"Polo","Shirt","XS","indigo",47,117.0,95.0,1,95.0,"2021-10-08","2021-10-25",17
2066,416,129,"Beatrisa Winterscale",68,"Non-binary","Port Harrychester","Western Australia",217,"Chambray","Shirt","M","orange",43,105.0,106.0,3,318.0,"2021-10-08","2021-10-25",17
2067,416,129,"Beatrisa Winterscale",68,"Non-binary","Port Harrychester","Western Australia",1027,"Relaxed Leg","Trousers","M","yellow",68,95.0,90.0,3,270.0,"2021-10-08","2021-10-25",17
2068,416,129,"Beatrisa Winterscale",68,"Non-binary","Port Harrychester","Western Australia",33,"Oxford Cloth","Shirt","L","violet",73,114.0,96.0,1,96.0,"2021-10-08","2021-10-25",17
2069,416,129,"Beatrisa Winterscale",68,"Non-binary","Port Harrychester","Western Australia",182,"Camp Collared","Shirt","M","orange",65,112.0,98.0,3,294.0,"2021-10-08","2021-10-25",17
2070,417,729,"Gerri McCarle",54,"Female","Cameronport","South Australia",173,"Linen","Shirt","L","violet",70,116.0,91.0,3,273.0,"2021-09-14","2021-10-11",27
2071,417,729,"Gerri McCarle",54,"Female","Cameronport","South Australia",560,"Bomber","Jacket","XS","red",76,90.0,100.0,2,200.0,"2021-09-14","2021-10-11",27
2072,417,729,"Gerri McCarle",54,"Female","Cameronport","South Australia",963,"Slim-Fit","Trousers","L","green",43,119.0,97.0,1,97.0,"2021-09-14","2021-10-11",27
2073,417,729,"Gerri McCarle",54,"Female","Cameronport","South Australia",986,"Wool","Trousers","S","orange",59,111.0,106.0,2,212.0,"2021-09-14","2021-10-11",27
2074,417,729,"Gerri McCarle",54,"Female","Cameronport","South Australia",1022,"Relaxed Leg","Trousers","M","orange",74,95.0,90.0,3,270.0,"2021-09-14","2021-10-11",27
2075,417,729,"Gerri McCarle",54,"Female","Cameronport","South Australia",1214,"Pleated","Trousers","XL","blue",55,90.0,105.0,1,105.0,"2021-09-14","2021-10-11",27
2076,418,918,"Tracie Okey",69,"Polygender","Violetstad","Australian Capital Territory",1102,"Cropped","Trousers","M","green",65,99.0,115.0,1,115.0,"2021-08-24","2021-09-15",22
2077,418,918,"Tracie Okey",69,"Polygender","Violetstad","Australian Capital Territory",970,"Slim-Fit","Trousers","XS","indigo",74,119.0,97.0,3,291.0,"2021-08-24","2021-09-15",22
2078,418,918,"Tracie Okey",69,"Polygender","Violetstad","Australian Capital Territory",118,"Denim","Shirt","L","yellow",75,115.0,92.0,1,92.0,"2021-08-24","2021-09-15",22
2079,418,918,"Tracie Okey",69,"Polygender","Violetstad","Australian Capital Territory",436,"Denim","Jacket","S","green",49,92.0,107.0,1,107.0,"2021-08-24","2021-09-15",22
2080,418,918,"Tracie Okey",69,"Polygender","Violetstad","Australian Capital Territory",964,"Slim-Fit","Trousers","XL","green",67,119.0,97.0,3,291.0,"2021-08-24","2021-09-15",22
2081,419,745,"Lindy Saltrese",31,"Non-binary","North Matthewfort","Northern Territory",989,"Wool","Trousers","XL","orange",56,111.0,106.0,3,318.0,"2021-10-20","2021-11-10",21
2082,419,745,"Lindy Saltrese",31,"Non-binary","North Matthewfort","Northern Territory",1135,"Cargo Pants","Trousers","XS","green",63,106.0,102.0,2,204.0,"2021-10-20","2021-11-10",21
2083,419,745,"Lindy Saltrese",31,"Non-binary","North Matthewfort","Northern Territory",669,"Parka","Jacket","XL","red",64,119.0,113.0,2,226.0,"2021-10-20","2021-11-10",21
2084,419,745,"Lindy Saltrese",31,"Non-binary","North Matthewfort","Northern Territory",691,"Parka","Jacket","S","indigo",53,119.0,113.0,3,339.0,"2021-10-20","2021-11-10",21
2085,419,745,"Lindy Saltrese",31,"Non-binary","North Matthewfort","Northern Territory",581,"Bomber","Jacket","S","blue",50,90.0,100.0,2,200.0,"2021-10-20","2021-11-10",21
2086,419,745,"Lindy Saltrese",31,"Non-binary","North Matthewfort","Northern Territory",34,"Oxford Cloth","Shirt","XL","violet",54,114.0,96.0,2,192.0,"2021-10-20","2021-11-10",21
2087,420,482,"Stanley Kolakowski",63,"Agender","East Joshua","Queensland",441,"Denim","Jacket","S","blue",56,92.0,107.0,1,107.0,"2021-02-22","2021-03-19",25
2088,420,482,"Stanley Kolakowski",63,"Agender","East Joshua","Queensland",109,"Denim","Shirt","XL","red",63,115.0,92.0,3,276.0,"2021-02-22","2021-03-19",25
2089,420,482,"Stanley Kolakowski",63,"Agender","East Joshua","Queensland",253,"Polo","Shirt","L","orange",63,117.0,95.0,2,190.0,"2021-02-22","2021-03-19",25
2090,420,482,"Stanley Kolakowski",63,"Agender","East Joshua","Queensland",960,"Slim-Fit","Trousers","XS","green",74,119.0,97.0,3,291.0,"2021-02-22","2021-03-19",25
2091,420,482,"Stanley Kolakowski",63,"Agender","East Joshua","Queensland",579,"Bomber","Jacket","XL","green",79,90.0,100.0,3,300.0,"2021-02-22","2021-03-19",25
2092,421,691,"Silvie Bortol",73,"Genderfluid","Abigailshire","New South Wales",767,"Peacoat","Jacket","M","violet",77,102.0,109.0,2,218.0,"2021-09-28","2021-10-09",11
2093,421,691,"Silvie Bortol",73,"Genderfluid","Abigailshire","New South Wales",755,"Peacoat","Jacket","XS","blue",48,102.0,109.0,3,327.0,"2021-09-28","2021-10-09",11
2094,421,691,"Silvie Bortol",73,"Genderfluid","Abigailshire","New South Wales",146,"Linen","Shirt","S","orange",42,116.0,91.0,3,273.0,"2021-09-28","2021-10-09",11
2095,421,691,"Silvie Bortol",73,"Genderfluid","Abigailshire","New South Wales",572,"Bomber","Jacket","M","yellow",71,90.0,100.0,3,300.0,"2021-09-28","2021-10-09",11
2096,421,691,"Silvie Bortol",73,"Genderfluid","Abigailshire","New South Wales",634,"Coach","Jacket","XL","red",46,115.0,93.0,2,186.0,"2021-09-28","2021-10-09",11
2097,421,691,"Silvie Bortol",73,"Genderfluid","Abigailshire","New South Wales",723,"Trench Coat","Jacket","L","blue",50,112.0,119.0,1,119.0,"2021-09-28","2021-10-09",11
2098,422,375,"Ninetta Phizakarley",77,"Agender","Ernserland","Northern Territory",859,"Chinos","Trousers","XL","green",50,100.0,113.0,3,339.0,"2021-03-16","2021-03-26",10
2099,422,375,"Ninetta Phizakarley",77,"Agender","Ernserland","Northern Territory",1214,"Pleated","Trousers","XL","blue",55,90.0,105.0,1,105.0,"2021-03-16","2021-03-26",10
2100,422,375,"Ninetta Phizakarley",77,"Agender","Ernserland","Northern Territory",762,"Peacoat","Jacket","M","indigo",52,102.0,109.0,2,218.0,"2021-03-16","2021-03-26",10
2101,422,375,"Ninetta Phizakarley",77,"Agender","Ernserland","Northern Territory",1004,"Wool","Trousers","XL","blue",41,111.0,106.0,1,106.0,"2021-03-16","2021-03-26",10
2102,422,375,"Ninetta Phizakarley",77,"Agender","Ernserland","Northern Territory",1156,"High-Waisted","Trousers","S","red",80,98.0,99.0,2,198.0,"2021-03-16","2021-03-26",10
2103,423,507,"Brooks Sayers",74,"Polygender","Jaydenside","Victoria",306,"Cuban Collar","Shirt","S","indigo",41,93.0,105.0,3,315.0,"2021-06-12","2021-06-21",9
2104,423,507,"Brooks Sayers",74,"Polygender","Jaydenside","Victoria",1182,"High-Waisted","Trousers","M","indigo",61,98.0,99.0,2,198.0,"2021-06-12","2021-06-21",9
2105,423,507,"Brooks Sayers",74,"Polygender","Jaydenside","Victoria",205,"Camp Collared","Shirt","XS","violet",72,112.0,98.0,3,294.0,"2021-06-12","2021-06-21",9
2106,423,507,"Brooks Sayers",74,"Polygender","Jaydenside","Victoria",38,"Dress","Shirt","L","red",79,119.0,104.0,2,208.0,"2021-06-12","2021-06-21",9
2107,423,507,"Brooks Sayers",74,"Polygender","Jaydenside","Victoria",773,"Pullover","Jacket","L","red",69,114.0,91.0,2,182.0,"2021-06-12","2021-06-21",9
2108,423,507,"Brooks Sayers",74,"Polygender","Jaydenside","Victoria",544,"Leather","Jacket","XL","green",58,113.0,98.0,2,196.0,"2021-06-12","2021-06-21",9
2109,424,551,"Theodor Skipton",68,"Bigender","Declanton","South Australia",407,"Casual Slim Fit","Shirt","M","blue",61,113.0,119.0,1,119.0,"2021-03-13","2021-03-18",5
2110,424,551,"Theodor Skipton",68,"Bigender","Declanton","South Australia",759,"Peacoat","Jacket","XL","blue",77,102.0,109.0,1,109.0,"2021-03-13","2021-03-18",5
2111,424,551,"Theodor Skipton",68,"Bigender","Declanton","South Australia",1078,"Joggers","Trousers","L","indigo",42,94.0,93.0,2,186.0,"2021-03-13","2021-03-18",5
2112,424,551,"Theodor Skipton",68,"Bigender","Declanton","South Australia",182,"Camp Collared","Shirt","M","orange",65,112.0,98.0,1,98.0,"2021-03-13","2021-03-18",5
2113,424,551,"Theodor Skipton",68,"Bigender","Declanton","South Australia",833,"Shearling","Jacket","L","indigo",66,95.0,117.0,1,117.0,"2021-03-13","2021-03-18",5
2114,424,551,"Theodor Skipton",68,"Bigender","Declanton","South Australia",420,"Denim","Jacket","XS","red",60,92.0,107.0,3,321.0,"2021-03-13","2021-03-18",5
2115,424,551,"Theodor Skipton",68,"Bigender","Declanton","South Australia",1040,"Relaxed Leg","Trousers","XS","indigo",60,95.0,90.0,2,180.0,"2021-03-13","2021-03-18",5
2116,424,551,"Theodor Skipton",68,"Bigender","Declanton","South Australia",454,"Denim","Jacket","XL","violet",63,92.0,107.0,1,107.0,"2021-03-13","2021-03-18",5
2117,425,606,"Averyl Atthow",53,"Polygender","Calebville","New South Wales",926,"Drawstring","Trousers","S","green",73,104.0,96.0,1,96.0,"2021-02-21","2021-03-17",24
2118,425,606,"Averyl Atthow",53,"Polygender","Calebville","New South Wales",313,"Cuban Collar","Shirt","L","violet",78,93.0,105.0,3,315.0,"2021-02-21","2021-03-17",24
2119,425,606,"Averyl Atthow",53,"Polygender","Calebville","New South Wales",363,"Henley","Shirt","L","yellow",62,92.0,94.0,3,282.0,"2021-02-21","2021-03-17",24
2120,425,606,"Averyl Atthow",53,"Polygender","Calebville","New South Wales",785,"Pullover","Jacket","XS","green",70,114.0,91.0,2,182.0,"2021-02-21","2021-03-17",24
2121,425,606,"Averyl Atthow",53,"Polygender","Calebville","New South Wales",1074,"Joggers","Trousers","XL","blue",52,94.0,93.0,3,279.0,"2021-02-21","2021-03-17",24
2122,426,776,"Felice Dumbleton",24,"Genderfluid","Harveyville","Australian Capital Territory",1031,"Relaxed Leg","Trousers","S","green",51,95.0,90.0,2,180.0,"2021-09-26","2021-10-16",20
2123,427,282,"Wren Helgass",59,"Female","Port Hannahburgh","Australian Capital Territory",266,"Polo","Shirt","S","blue",76,117.0,95.0,2,190.0,"2021-01-27","2021-02-10",14
2124,427,282,"Wren Helgass",59,"Female","Port Hannahburgh","Australian Capital Territory",1231,"Tracksuit Bottoms","Trousers","S","orange",59,91.0,112.0,3,336.0,"2021-01-27","2021-02-10",14
2125,427,282,"Wren Helgass",59,"Female","Port Hannahburgh","Australian Capital Territory",752,"Peacoat","Jacket","M","green",49,102.0,109.0,3,327.0,"2021-01-27","2021-02-10",14
2126,427,282,"Wren Helgass",59,"Female","Port Hannahburgh","Australian Capital Territory",969,"Slim-Fit","Trousers","XL","blue",47,119.0,97.0,3,291.0,"2021-01-27","2021-02-10",14
2127,427,282,"Wren Helgass",59,"Female","Port Hannahburgh","Australian Capital Territory",766,"Peacoat","Jacket","S","violet",73,102.0,109.0,1,109.0,"2021-01-27","2021-02-10",14
2128,427,282,"Wren Helgass",59,"Female","Port Hannahburgh","Australian Capital Territory",586,"Bomber","Jacket","S","indigo",41,90.0,100.0,2,200.0,"2021-01-27","2021-02-10",14
2129,427,282,"Wren Helgass",59,"Female","Port Hannahburgh","Australian Capital Territory",27,"Oxford Cloth","Shirt","M","indigo",62,114.0,96.0,3,288.0,"2021-01-27","2021-02-10",14
2130,427,282,"Wren Helgass",59,"Female","Port Hannahburgh","Australian Capital Territory",90,"Flannel","Shirt","XS","blue",62,96.0,118.0,3,354.0,"2021-01-27","2021-02-10",14
2131,427,282,"Wren Helgass",59,"Female","Port Hannahburgh","Australian Capital Territory",710,"Trench Coat","Jacket","XS","yellow",78,112.0,119.0,2,238.0,"2021-01-27","2021-02-10",14
2132,428,431,"Ronni Gruszczak",41,"Agender","Jademouth","Victoria",689,"Parka","Jacket","XL","blue",47,119.0,113.0,2,226.0,"2021-02-24","2021-03-23",27
2133,428,431,"Ronni Gruszczak",41,"Agender","Jademouth","Victoria",910,"Drawstring","Trousers","XS","red",57,104.0,96.0,1,96.0,"2021-02-24","2021-03-23",27
2134,428,431,"Ronni Gruszczak",41,"Agender","Jademouth","Victoria",328,"Mandarin Collar","Shirt","L","yellow",78,108.0,109.0,2,218.0,"2021-02-24","2021-03-23",27
2135,429,754,"Ninnetta Lammin",74,"Bigender","Lake Jesse","New South Wales",397,"Casual Slim Fit","Shirt","M","yellow",76,113.0,119.0,2,238.0,"2021-02-08","2021-02-22",14
2136,429,754,"Ninnetta Lammin",74,"Bigender","Lake Jesse","New South Wales",270,"Polo","Shirt","XS","indigo",47,117.0,95.0,2,190.0,"2021-02-08","2021-02-22",14
2137,430,155,"Myrle Kelby",80,"Male","Port Sophia","New South Wales",989,"Wool","Trousers","XL","orange",56,111.0,106.0,1,106.0,"2021-02-08","2021-03-01",21
2138,430,155,"Myrle Kelby",80,"Male","Port Sophia","New South Wales",777,"Pullover","Jacket","M","orange",60,114.0,91.0,1,91.0,"2021-02-08","2021-03-01",21
2139,430,155,"Myrle Kelby",80,"Male","Port Sophia","New South Wales",1090,"Cropped","Trousers","XS","orange",78,99.0,115.0,2,230.0,"2021-02-08","2021-03-01",21
2140,431,325,"Robinetta Deners",68,"Genderqueer","West Claudia","South Australia",570,"Bomber","Jacket","XS","yellow",57,90.0,100.0,1,100.0,"2021-04-25","2021-05-09",14
2141,431,325,"Robinetta Deners",68,"Genderqueer","West Claudia","South Australia",1212,"Pleated","Trousers","M","blue",66,90.0,105.0,1,105.0,"2021-04-25","2021-05-09",14
2142,431,325,"Robinetta Deners",68,"Genderqueer","West Claudia","South Australia",69,"Dress","Shirt","XL","violet",77,119.0,104.0,2,208.0,"2021-04-25","2021-05-09",14
2143,431,325,"Robinetta Deners",68,"Genderqueer","West Claudia","South Australia",165,"Linen","Shirt","XS","indigo",70,116.0,91.0,2,182.0,"2021-04-25","2021-05-09",14
2144,431,325,"Robinetta Deners",68,"Genderqueer","West Claudia","South Australia",325,"Mandarin Collar","Shirt","XS","yellow",45,108.0,109.0,1,109.0,"2021-04-25","2021-05-09",14
2145,432,20,"Gigi Kalaher",55,"Genderqueer","East Audrey","South Australia",191,"Camp Collared","Shirt","S","green",60,112.0,98.0,3,294.0,"2021-10-20","2021-11-03",14
2146,432,20,"Gigi Kalaher",55,"Genderqueer","East Audrey","South Australia",652,"Coach","Jacket","M","blue",54,115.0,93.0,1,93.0,"2021-10-20","2021-11-03",14
2147,432,20,"Gigi Kalaher",55,"Genderqueer","East Audrey","South Australia",769,"Peacoat","Jacket","XL","violet",42,102.0,109.0,2,218.0,"2021-10-20","2021-11-03",14
2148,432,20,"Gigi Kalaher",55,"Genderqueer","East Audrey","South Australia",6,"Oxford Cloth","Shirt","S","orange",72,114.0,96.0,1,96.0,"2021-10-20","2021-11-03",14
2149,433,419,"Chaddie Fawlkes",58,"Male","West Mackenzie","Queensland",841,"Chinos","Trousers","S","red",62,100.0,113.0,1,113.0,"2021-08-18","2021-09-02",15
2150,433,419,"Chaddie Fawlkes",58,"Male","West Mackenzie","Queensland",858,"Chinos","Trousers","L","green",77,100.0,113.0,3,339.0,"2021-08-18","2021-09-02",15
2151,434,940,"Jamesy Rennles",46,"Genderqueer","Harberview","Tasmania",272,"Polo","Shirt","M","indigo",62,117.0,95.0,3,285.0,"2021-05-11","2021-06-01",21
2152,434,940,"Jamesy Rennles",46,"Genderqueer","Harberview","Tasmania",190,"Camp Collared","Shirt","XS","green",66,112.0,98.0,1,98.0,"2021-05-11","2021-06-01",21
2153,434,940,"Jamesy Rennles",46,"Genderqueer","Harberview","Tasmania",465,"Puffer","Jacket","XS","yellow",55,110.0,118.0,2,236.0,"2021-05-11","2021-06-01",21
2154,434,940,"Jamesy Rennles",46,"Genderqueer","Harberview","Tasmania",128,"Denim","Shirt","L","blue",45,115.0,92.0,2,184.0,"2021-05-11","2021-06-01",21
2155,434,940,"Jamesy Rennles",46,"Genderqueer","Harberview","Tasmania",278,"Polo","Shirt","L","violet",76,117.0,95.0,1,95.0,"2021-05-11","2021-06-01",21
2156,434,940,"Jamesy Rennles",46,"Genderqueer","Harberview","Tasmania",310,"Cuban Collar","Shirt","XS","violet",49,93.0,105.0,3,315.0,"2021-05-11","2021-06-01",21
2157,434,940,"Jamesy Rennles",46,"Genderqueer","Harberview","Tasmania",172,"Linen","Shirt","M","violet",44,116.0,91.0,3,273.0,"2021-05-11","2021-06-01",21
2158,434,940,"Jamesy Rennles",46,"Genderqueer","Harberview","Tasmania",803,"Pullover","Jacket","L","violet",78,114.0,91.0,3,273.0,"2021-05-11","2021-06-01",21
2159,435,886,"Emylee Buscher",69,"Non-binary","Thompsonport","Northern Territory",678,"Parka","Jacket","L","yellow",72,119.0,113.0,3,339.0,"2021-02-17","2021-02-22",5
2160,435,886,"Emylee Buscher",69,"Non-binary","Thompsonport","Northern Territory",269,"Polo","Shirt","XL","blue",70,117.0,95.0,3,285.0,"2021-02-17","2021-02-22",5
2161,435,886,"Emylee Buscher",69,"Non-binary","Thompsonport","Northern Territory",889,"Cords","Trousers","XL","yellow",65,113.0,94.0,2,188.0,"2021-02-17","2021-02-22",5
2162,435,886,"Emylee Buscher",69,"Non-binary","Thompsonport","Northern Territory",77,"Flannel","Shirt","M","orange",68,96.0,118.0,2,236.0,"2021-02-17","2021-02-22",5
2163,435,886,"Emylee Buscher",69,"Non-binary","Thompsonport","Northern Territory",754,"Peacoat","Jacket","XL","green",68,102.0,109.0,2,218.0,"2021-02-17","2021-02-22",5
2164,436,739,"Kristel Klaaassen",57,"Female","East Matthewville","New South Wales",583,"Bomber","Jacket","L","blue",64,90.0,100.0,3,300.0,"2021-08-17","2021-09-10",24
2165,436,739,"Kristel Klaaassen",57,"Female","East Matthewville","New South Wales",579,"Bomber","Jacket","XL","green",79,90.0,100.0,1,100.0,"2021-08-17","2021-09-10",24
2166,437,269,"Rutger Hugonnet",20,"Bigender","New Jadehaven","New South Wales",243,"Chambray","Shirt","L","violet",53,105.0,106.0,2,212.0,"2021-08-25","2021-09-05",11
2167,437,269,"Rutger Hugonnet",20,"Bigender","New Jadehaven","New South Wales",363,"Henley","Shirt","L","yellow",62,92.0,94.0,1,94.0,"2021-08-25","2021-09-05",11
2168,437,269,"Rutger Hugonnet",20,"Bigender","New Jadehaven","New South Wales",43,"Dress","Shirt","L","orange",73,119.0,104.0,3,312.0,"2021-08-25","2021-09-05",11
2169,437,269,"Rutger Hugonnet",20,"Bigender","New Jadehaven","New South Wales",308,"Cuban Collar","Shirt","L","indigo",65,93.0,105.0,3,315.0,"2021-08-25","2021-09-05",11
2170,437,269,"Rutger Hugonnet",20,"Bigender","New Jadehaven","New South Wales",523,"Windbreaker","Jacket","L","violet",72,109.0,102.0,1,102.0,"2021-08-25","2021-09-05",11
2171,437,269,"Rutger Hugonnet",20,"Bigender","New Jadehaven","New South Wales",1176,"High-Waisted","Trousers","S","blue",75,98.0,99.0,3,297.0,"2021-08-25","2021-09-05",11
2172,438,989,"Sauncho Boosey",53,"Bigender","Stewartland","Australian Capital Territory",884,"Cords","Trousers","XL","orange",72,113.0,94.0,2,188.0,"2021-05-22","2021-05-31",9
2173,438,989,"Sauncho Boosey",53,"Bigender","Stewartland","Australian Capital Territory",856,"Chinos","Trousers","S","green",61,100.0,113.0,1,113.0,"2021-05-22","2021-05-31",9
2174,438,989,"Sauncho Boosey",53,"Bigender","Stewartland","Australian Capital Territory",491,"Windbreaker","Jacket","S","red",54,109.0,102.0,2,204.0,"2021-05-22","2021-05-31",9
2175,438,989,"Sauncho Boosey",53,"Bigender","Stewartland","Australian Capital Territory",214,"Chambray","Shirt","XL","red",42,105.0,106.0,2,212.0,"2021-05-22","2021-05-31",9
2176,439,286,"Gert Brackstone",34,"Polygender","Charlotteville","Queensland",1087,"Cropped","Trousers","M","red",50,99.0,115.0,3,345.0,"2021-08-24","2021-09-06",13
2177,439,286,"Gert Brackstone",34,"Polygender","Charlotteville","Queensland",164,"Linen","Shirt","XL","blue",47,116.0,91.0,2,182.0,"2021-08-24","2021-09-06",13
2178,439,286,"Gert Brackstone",34,"Polygender","Charlotteville","Queensland",669,"Parka","Jacket","XL","red",64,119.0,113.0,2,226.0,"2021-08-24","2021-09-06",13
2179,439,286,"Gert Brackstone",34,"Polygender","Charlotteville","Queensland",1036,"Relaxed Leg","Trousers","S","blue",57,95.0,90.0,3,270.0,"2021-08-24","2021-09-06",13
2180,439,286,"Gert Brackstone",34,"Polygender","Charlotteville","Queensland",400,"Casual Slim Fit","Shirt","XS","green",69,113.0,119.0,1,119.0,"2021-08-24","2021-09-06",13
2181,439,286,"Gert Brackstone",34,"Polygender","Charlotteville","Queensland",1025,"Relaxed Leg","Trousers","XS","yellow",44,95.0,90.0,2,180.0,"2021-08-24","2021-09-06",13
2182,439,286,"Gert Brackstone",34,"Polygender","Charlotteville","Queensland",137,"Denim","Shirt","M","violet",55,115.0,92.0,1,92.0,"2021-08-24","2021-09-06",13
2183,439,286,"Gert Brackstone",34,"Polygender","Charlotteville","Queensland",942,"Drawstring","Trousers","M","violet",73,104.0,96.0,2,192.0,"2021-08-24","2021-09-06",13
2184,440,553,"Niels Loadsman",30,"Genderfluid","Kaiview","New South Wales",1158,"High-Waisted","Trousers","L","red",52,98.0,99.0,3,297.0,"2021-10-09","2021-10-30",21
2185,440,553,"Niels Loadsman",30,"Genderfluid","Kaiview","New South Wales",105,"Denim","Shirt","XS","red",52,115.0,92.0,2,184.0,"2021-10-09","2021-10-30",21
2186,440,553,"Niels Loadsman",30,"Genderfluid","Kaiview","New South Wales",762,"Peacoat","Jacket","M","indigo",52,102.0,109.0,2,218.0,"2021-10-09","2021-10-30",21
2187,440,553,"Niels Loadsman",30,"Genderfluid","Kaiview","New South Wales",1130,"Cargo Pants","Trousers","XS","yellow",68,106.0,102.0,1,102.0,"2021-10-09","2021-10-30",21
2188,440,553,"Niels Loadsman",30,"Genderfluid","Kaiview","New South Wales",882,"Cords","Trousers","M","orange",53,113.0,94.0,1,94.0,"2021-10-09","2021-10-30",21
2189,440,553,"Niels Loadsman",30,"Genderfluid","Kaiview","New South Wales",120,"Denim","Shirt","XS","green",66,115.0,92.0,3,276.0,"2021-10-09","2021-10-30",21
2190,441,726,"Rey Grasner",27,"Genderqueer","Cassinport","Western Australia",1155,"High-Waisted","Trousers","XS","red",74,98.0,99.0,1,99.0,"2021-02-28","2021-03-02",2
2191,441,726,"Rey Grasner",27,"Genderqueer","Cassinport","Western Australia",974,"Slim-Fit","Trousers","XL","indigo",66,119.0,97.0,1,97.0,"2021-02-28","2021-03-02",2
2192,441,726,"Rey Grasner",27,"Genderqueer","Cassinport","Western Australia",611,"Cardigan","Jacket","S","green",62,118.0,112.0,3,336.0,"2021-02-28","2021-03-02",2
2193,441,726,"Rey Grasner",27,"Genderqueer","Cassinport","Western Australia",642,"Coach","Jacket","M","yellow",48,115.0,93.0,1,93.0,"2021-02-28","2021-03-02",2
2194,441,726,"Rey Grasner",27,"Genderqueer","Cassinport","Western Australia",756,"Peacoat","Jacket","S","blue",50,102.0,109.0,3,327.0,"2021-02-28","2021-03-02",2
2195,441,726,"Rey Grasner",27,"Genderqueer","Cassinport","Western Australia",447,"Denim","Jacket","M","indigo",52,92.0,107.0,3,321.0,"2021-02-28","2021-03-02",2
2196,441,726,"Rey Grasner",27,"Genderqueer","Cassinport","Western Australia",199,"Camp Collared","Shirt","XL","blue",51,112.0,98.0,2,196.0,"2021-02-28","2021-03-02",2
2197,441,726,"Rey Grasner",27,"Genderqueer","Cassinport","Western Australia",169,"Linen","Shirt","XL","indigo",66,116.0,91.0,3,273.0,"2021-02-28","2021-03-02",2
2198,442,693,"Hetti Fibbens",45,"Genderqueer","Beattychester","Queensland",1242,"Tracksuit Bottoms","Trousers","M","green",47,91.0,112.0,2,224.0,"2021-03-24","2021-03-30",6
2199,442,693,"Hetti Fibbens",45,"Genderqueer","Beattychester","Queensland",970,"Slim-Fit","Trousers","XS","indigo",74,119.0,97.0,1,97.0,"2021-03-24","2021-03-30",6
2200,442,693,"Hetti Fibbens",45,"Genderqueer","Beattychester","Queensland",873,"Chinos","Trousers","L","violet",62,100.0,113.0,1,113.0,"2021-03-24","2021-03-30",6
2201,443,966,"Bunni Poundsford",63,"Female","South Heidi","Western Australia",513,"Windbreaker","Jacket","L","blue",41,109.0,102.0,2,204.0,"2021-03-09","2021-03-27",18
2202,443,966,"Bunni Poundsford",63,"Female","South Heidi","Western Australia",380,"Henley","Shirt","XS","violet",50,92.0,94.0,2,188.0,"2021-03-09","2021-03-27",18
2203,443,966,"Bunni Poundsford",63,"Female","South Heidi","Western Australia",46,"Dress","Shirt","S","yellow",56,119.0,104.0,2,208.0,"2021-03-09","2021-03-27",18
2204,444,383,"Nathanil Runchman",23,"Non-binary","South Hannahstad","Victoria",39,"Dress","Shirt","XL","red",47,119.0,104.0,3,312.0,"2021-03-07","2021-03-26",19
2205,444,383,"Nathanil Runchman",23,"Non-binary","South Hannahstad","Victoria",263,"Polo","Shirt","L","green",68,117.0,95.0,1,95.0,"2021-03-07","2021-03-26",19
2206,444,383,"Nathanil Runchman",23,"Non-binary","South Hannahstad","Victoria",178,"Camp Collared","Shirt","L","red",52,112.0,98.0,1,98.0,"2021-03-07","2021-03-26",19
2207,445,893,"Angelle Huby",57,"Genderfluid","Port Jettshire","Western Australia",561,"Bomber","Jacket","S","red",74,90.0,100.0,3,300.0,"2021-07-07","2021-07-27",20
2208,445,893,"Angelle Huby",57,"Genderfluid","Port Jettshire","Western Australia",1096,"Cropped","Trousers","S","yellow",65,99.0,115.0,2,230.0,"2021-07-07","2021-07-27",20
2209,446,283,"Jaymee Dalrymple",23,"Male","New George","New South Wales",201,"Camp Collared","Shirt","S","indigo",50,112.0,98.0,3,294.0,"2021-03-26","2021-03-30",4
2210,446,283,"Jaymee Dalrymple",23,"Male","New George","New South Wales",932,"Drawstring","Trousers","M","blue",41,104.0,96.0,3,288.0,"2021-03-26","2021-03-30",4
2211,446,283,"Jaymee Dalrymple",23,"Male","New George","New South Wales",33,"Oxford Cloth","Shirt","L","violet",73,114.0,96.0,2,192.0,"2021-03-26","2021-03-30",4
2212,446,283,"Jaymee Dalrymple",23,"Male","New George","New South Wales",541,"Leather","Jacket","S","green",77,113.0,98.0,3,294.0,"2021-03-26","2021-03-30",4
2213,446,283,"Jaymee Dalrymple",23,"Male","New George","New South Wales",725,"Trench Coat","Jacket","XS","indigo",56,112.0,119.0,1,119.0,"2021-03-26","2021-03-30",4
2214,447,100,"Wilhelm Blaber",69,"Genderfluid","Lake Callumville","Queensland",1095,"Cropped","Trousers","XS","yellow",41,99.0,115.0,1,115.0,"2021-01-10","2021-01-23",13
2215,447,100,"Wilhelm Blaber",69,"Genderfluid","Lake Callumville","Queensland",1124,"Cargo Pants","Trousers","XL","red",45,106.0,102.0,2,204.0,"2021-01-10","2021-01-23",13
2216,447,100,"Wilhelm Blaber",69,"Genderfluid","Lake Callumville","Queensland",14,"Oxford Cloth","Shirt","XL","yellow",50,114.0,96.0,2,192.0,"2021-01-10","2021-01-23",13
2217,447,100,"Wilhelm Blaber",69,"Genderfluid","Lake Callumville","Queensland",701,"Trench Coat","Jacket","S","red",54,112.0,119.0,3,357.0,"2021-01-10","2021-01-23",13
2218,447,100,"Wilhelm Blaber",69,"Genderfluid","Lake Callumville","Queensland",427,"Denim","Jacket","M","orange",48,92.0,107.0,3,321.0,"2021-01-10","2021-01-23",13
2219,447,100,"Wilhelm Blaber",69,"Genderfluid","Lake Callumville","Queensland",719,"Trench Coat","Jacket","XL","green",53,112.0,119.0,1,119.0,"2021-01-10","2021-01-23",13
2220,448,185,"Darrelle Padson",67,"Polygender","Violetborough","Victoria",1030,"Relaxed Leg","Trousers","XS","green",80,95.0,90.0,2,180.0,"2021-08-20","2021-08-31",11
2221,448,185,"Darrelle Padson",67,"Polygender","Violetborough","Victoria",136,"Denim","Shirt","S","violet",54,115.0,92.0,2,184.0,"2021-08-20","2021-08-31",11
2222,448,185,"Darrelle Padson",67,"Polygender","Violetborough","Victoria",95,"Flannel","Shirt","XS","indigo",46,96.0,118.0,2,236.0,"2021-08-20","2021-08-31",11
2223,449,163,"Harrietta Burchatt",20,"Genderfluid","Port Elliechester","Australian Capital Territory",923,"Drawstring","Trousers","L","yellow",68,104.0,96.0,3,288.0,"2021-10-23","2021-11-09",17
2224,449,163,"Harrietta Burchatt",20,"Genderfluid","Port Elliechester","Australian Capital Territory",1094,"Cropped","Trousers","XL","orange",61,99.0,115.0,2,230.0,"2021-10-23","2021-11-09",17
2225,449,163,"Harrietta Burchatt",20,"Genderfluid","Port Elliechester","Australian Capital Territory",425,"Denim","Jacket","XS","orange",60,92.0,107.0,1,107.0,"2021-10-23","2021-11-09",17
2226,449,163,"Harrietta Burchatt",20,"Genderfluid","Port Elliechester","Australian Capital Territory",1177,"High-Waisted","Trousers","M","blue",52,98.0,99.0,1,99.0,"2021-10-23","2021-11-09",17
2227,450,648,"Jaquelyn Dow",38,"Genderfluid","New Emmastad","South Australia",277,"Polo","Shirt","M","violet",77,117.0,95.0,3,285.0,"2021-04-30","2021-05-05",5
2228,450,648,"Jaquelyn Dow",38,"Genderfluid","New Emmastad","South Australia",955,"Slim-Fit","Trousers","XS","yellow",59,119.0,97.0,1,97.0,"2021-04-30","2021-05-05",5
2229,450,648,"Jaquelyn Dow",38,"Genderfluid","New Emmastad","South Australia",306,"Cuban Collar","Shirt","S","indigo",41,93.0,105.0,3,315.0,"2021-04-30","2021-05-05",5
2230,450,648,"Jaquelyn Dow",38,"Genderfluid","New Emmastad","South Australia",837,"Shearling","Jacket","M","violet",74,95.0,117.0,1,117.0,"2021-04-30","2021-05-05",5
2231,450,648,"Jaquelyn Dow",38,"Genderfluid","New Emmastad","South Australia",517,"Windbreaker","Jacket","M","indigo",56,109.0,102.0,1,102.0,"2021-04-30","2021-05-05",5
2232,450,648,"Jaquelyn Dow",38,"Genderfluid","New Emmastad","South Australia",216,"Chambray","Shirt","S","orange",69,105.0,106.0,3,318.0,"2021-04-30","2021-05-05",5
2233,451,566,"Melissa Partkya",23,"Male","O'keefeton","Tasmania",688,"Parka","Jacket","L","blue",61,119.0,113.0,1,113.0,"2021-08-25","2021-09-06",12
2234,451,566,"Melissa Partkya",23,"Male","O'keefeton","Tasmania",234,"Chambray","Shirt","XL","blue",43,105.0,106.0,2,212.0,"2021-08-25","2021-09-06",12
2235,451,566,"Melissa Partkya",23,"Male","O'keefeton","Tasmania",778,"Pullover","Jacket","L","orange",56,114.0,91.0,1,91.0,"2021-08-25","2021-09-06",12
2236,451,566,"Melissa Partkya",23,"Male","O'keefeton","Tasmania",183,"Camp Collared","Shirt","L","orange",63,112.0,98.0,2,196.0,"2021-08-25","2021-09-06",12
2237,452,123,"Yardley Dreamer",22,"Female","Jordanborough","Tasmania",797,"Pullover","Jacket","M","indigo",72,114.0,91.0,1,91.0,"2021-10-09","2021-10-22",13
2238,452,123,"Yardley Dreamer",22,"Female","Jordanborough","Tasmania",526,"Leather","Jacket","S","red",80,113.0,98.0,1,98.0,"2021-10-09","2021-10-22",13
2239,453,371,"Etan Peirazzi",63,"Genderqueer","West Jessica","Queensland",728,"Trench Coat","Jacket","L","indigo",71,112.0,119.0,1,119.0,"2021-08-13","2021-08-22",9
2240,453,371,"Etan Peirazzi",63,"Genderqueer","West Jessica","Queensland",305,"Cuban Collar","Shirt","XS","indigo",50,93.0,105.0,1,105.0,"2021-08-13","2021-08-22",9
2241,454,441,"Artemas Vasilischev",53,"Bigender","South Rileyview","Western Australia",669,"Parka","Jacket","XL","red",64,119.0,113.0,3,339.0,"2021-03-29","2021-04-12",14
2242,454,441,"Artemas Vasilischev",53,"Bigender","South Rileyview","Western Australia",693,"Parka","Jacket","L","indigo",44,119.0,113.0,1,113.0,"2021-03-29","2021-04-12",14
2243,454,441,"Artemas Vasilischev",53,"Bigender","South Rileyview","Western Australia",286,"Cuban Collar","Shirt","S","orange",50,93.0,105.0,2,210.0,"2021-03-29","2021-04-12",14
2244,454,441,"Artemas Vasilischev",53,"Bigender","South Rileyview","Western Australia",382,"Henley","Shirt","M","violet",44,92.0,94.0,2,188.0,"2021-03-29","2021-04-12",14
2245,455,1,"Leanna Busson",30,"Female","Johnstonhaven","Northern Territory",211,"Chambray","Shirt","S","red",72,105.0,106.0,3,318.0,"2021-04-04","2021-04-06",2
2246,455,1,"Leanna Busson",30,"Female","Johnstonhaven","Northern Territory",783,"Pullover","Jacket","L","yellow",43,114.0,91.0,2,182.0,"2021-04-04","2021-04-06",2
2247,456,450,"Devonne Martinetto",59,"Genderfluid","West Lucy","New South Wales",15,"Oxford Cloth","Shirt","XS","green",68,114.0,96.0,3,288.0,"2021-06-28","2021-07-20",22
2248,456,450,"Devonne Martinetto",59,"Genderfluid","West Lucy","New South Wales",15,"Oxford Cloth","Shirt","XS","green",68,114.0,96.0,2,192.0,"2021-06-28","2021-07-20",22
2249,457,490,"Bank Sargeaunt",57,"Male","Mollyland","New South Wales",771,"Pullover","Jacket","S","red",46,114.0,91.0,3,273.0,"2021-03-04","2021-03-12",8
2250,457,490,"Bank Sargeaunt",57,"Male","Mollyland","New South Wales",1119,"Cropped","Trousers","XL","violet",64,99.0,115.0,3,345.0,"2021-03-04","2021-03-12",8
2251,457,490,"Bank Sargeaunt",57,"Male","Mollyland","New South Wales",543,"Leather","Jacket","L","green",71,113.0,98.0,3,294.0,"2021-03-04","2021-03-12",8
2252,457,490,"Bank Sargeaunt",57,"Male","Mollyland","New South Wales",741,"Peacoat","Jacket","S","orange",73,102.0,109.0,1,109.0,"2021-03-04","2021-03-12",8
2253,457,490,"Bank Sargeaunt",57,"Male","Mollyland","New South Wales",853,"Chinos","Trousers","L","yellow",65,100.0,113.0,3,339.0,"2021-03-04","2021-03-12",8
2254,458,757,"Taffy Quimby",31,"Non-binary","East Xavier","New South Wales",927,"Drawstring","Trousers","M","green",52,104.0,96.0,3,288.0,"2021-10-21","2021-11-10",20
2255,458,757,"Taffy Quimby",31,"Non-binary","East Xavier","New South Wales",119,"Denim","Shirt","XL","yellow",74,115.0,92.0,3,276.0,"2021-10-21","2021-11-10",20
2256,458,757,"Taffy Quimby",31,"Non-binary","East Xavier","New South Wales",459,"Puffer","Jacket","XL","red",41,110.0,118.0,3,354.0,"2021-10-21","2021-11-10",20
2257,458,757,"Taffy Quimby",31,"Non-binary","East Xavier","New South Wales",369,"Henley","Shirt","XL","green",64,92.0,94.0,2,188.0,"2021-10-21","2021-11-10",20
2258,458,757,"Taffy Quimby",31,"Non-binary","East Xavier","New South Wales",901,"Cords","Trousers","S","indigo",60,113.0,94.0,1,94.0,"2021-10-21","2021-11-10",20
2259,458,757,"Taffy Quimby",31,"Non-binary","East Xavier","New South Wales",319,"Mandarin Collar","Shirt","XL","red",64,108.0,109.0,3,327.0,"2021-10-21","2021-11-10",20
2260,459,853,"Brenden Roast",54,"Genderfluid","Siennabury","New South Wales",595,"Cardigan","Jacket","XS","red",51,118.0,112.0,2,224.0,"2021-06-18","2021-07-06",18
2261,459,853,"Brenden Roast",54,"Genderfluid","Siennabury","New South Wales",752,"Peacoat","Jacket","M","green",49,102.0,109.0,2,218.0,"2021-06-18","2021-07-06",18
2262,459,853,"Brenden Roast",54,"Genderfluid","Siennabury","New South Wales",35,"Dress","Shirt","XS","red",63,119.0,104.0,1,104.0,"2021-06-18","2021-07-06",18
2263,459,853,"Brenden Roast",54,"Genderfluid","Siennabury","New South Wales",613,"Cardigan","Jacket","L","green",63,118.0,112.0,2,224.0,"2021-06-18","2021-07-06",18
2264,459,853,"Brenden Roast",54,"Genderfluid","Siennabury","New South Wales",535,"Leather","Jacket","XS","yellow",73,113.0,98.0,1,98.0,"2021-06-18","2021-07-06",18
2265,460,250,"Lavina Dartnell",23,"Polygender","Boyleberg","Queensland",447,"Denim","Jacket","M","indigo",52,92.0,107.0,2,214.0,"2021-06-07","2021-06-17",10
2266,460,250,"Lavina Dartnell",23,"Polygender","Boyleberg","Queensland",967,"Slim-Fit","Trousers","M","blue",75,119.0,97.0,1,97.0,"2021-06-07","2021-06-17",10
2267,460,250,"Lavina Dartnell",23,"Polygender","Boyleberg","Queensland",422,"Denim","Jacket","M","red",43,92.0,107.0,2,214.0,"2021-06-07","2021-06-17",10
2268,461,244,"Faunie Cooney",38,"Male","Port Chelseaport","Victoria",13,"Oxford Cloth","Shirt","L","yellow",75,114.0,96.0,1,96.0,"2021-02-14","2021-02-19",5
2269,461,244,"Faunie Cooney",38,"Male","Port Chelseaport","Victoria",1072,"Joggers","Trousers","M","blue",78,94.0,93.0,1,93.0,"2021-02-14","2021-02-19",5
2270,461,244,"Faunie Cooney",38,"Male","Port Chelseaport","Victoria",835,"Shearling","Jacket","XS","violet",75,95.0,117.0,3,351.0,"2021-02-14","2021-02-19",5
2271,461,244,"Faunie Cooney",38,"Male","Port Chelseaport","Victoria",688,"Parka","Jacket","L","blue",61,119.0,113.0,2,226.0,"2021-02-14","2021-02-19",5
2272,461,244,"Faunie Cooney",38,"Male","Port Chelseaport","Victoria",1096,"Cropped","Trousers","S","yellow",65,99.0,115.0,2,230.0,"2021-02-14","2021-02-19",5
2273,461,244,"Faunie Cooney",38,"Male","Port Chelseaport","Victoria",944,"Drawstring","Trousers","XL","violet",80,104.0,96.0,2,192.0,"2021-02-14","2021-02-19",5
2274,462,769,"Sigmund Bothen",21,"Male","West Grace","Australian Capital Territory",778,"Pullover","Jacket","L","orange",56,114.0,91.0,2,182.0,"2021-01-31","2021-02-20",20
2275,462,769,"Sigmund Bothen",21,"Male","West Grace","Australian Capital Territory",493,"Windbreaker","Jacket","L","red",40,109.0,102.0,3,306.0,"2021-01-31","2021-02-20",20
2276,462,769,"Sigmund Bothen",21,"Male","West Grace","Australian Capital Territory",1083,"Joggers","Trousers","L","violet",60,94.0,93.0,3,279.0,"2021-01-31","2021-02-20",20
2277,462,769,"Sigmund Bothen",21,"Male","West Grace","Australian Capital Territory",262,"Polo","Shirt","M","green",62,117.0,95.0,3,285.0,"2021-01-31","2021-02-20",20
2278,462,769,"Sigmund Bothen",21,"Male","West Grace","Australian Capital Territory",1203,"Pleated","Trousers","L","yellow",62,90.0,105.0,1,105.0,"2021-01-31","2021-02-20",20
2279,462,769,"Sigmund Bothen",21,"Male","West Grace","Australian Capital Territory",205,"Camp Collared","Shirt","XS","violet",72,112.0,98.0,1,98.0,"2021-01-31","2021-02-20",20
2280,463,641,"Zebulon Rousel",62,"Agender","Hamishview","New South Wales",92,"Flannel","Shirt","M","blue",73,96.0,118.0,2,236.0,"2021-03-16","2021-04-09",24
2281,463,641,"Zebulon Rousel",62,"Agender","Hamishview","New South Wales",986,"Wool","Trousers","S","orange",59,111.0,106.0,3,318.0,"2021-03-16","2021-04-09",24
2282,463,641,"Zebulon Rousel",62,"Agender","Hamishview","New South Wales",729,"Trench Coat","Jacket","XL","indigo",64,112.0,119.0,1,119.0,"2021-03-16","2021-04-09",24
2283,463,641,"Zebulon Rousel",62,"Agender","Hamishview","New South Wales",456,"Puffer","Jacket","S","red",62,110.0,118.0,3,354.0,"2021-03-16","2021-04-09",24
2284,463,641,"Zebulon Rousel",62,"Agender","Hamishview","New South Wales",864,"Chinos","Trousers","XL","blue",48,100.0,113.0,3,339.0,"2021-03-16","2021-04-09",24
2285,464,103,"Monica Teodorski",77,"Bigender","South Nathan","South Australia",1235,"Tracksuit Bottoms","Trousers","XS","yellow",76,91.0,112.0,1,112.0,"2021-06-29","2021-07-25",26
2286,464,103,"Monica Teodorski",77,"Bigender","South Nathan","South Australia",498,"Windbreaker","Jacket","L","orange",68,109.0,102.0,2,204.0,"2021-06-29","2021-07-25",26
2287,464,103,"Monica Teodorski",77,"Bigender","South Nathan","South Australia",495,"Windbreaker","Jacket","XS","orange",70,109.0,102.0,3,306.0,"2021-06-29","2021-07-25",26
2288,464,103,"Monica Teodorski",77,"Bigender","South Nathan","South Australia",18,"Oxford Cloth","Shirt","L","green",52,114.0,96.0,3,288.0,"2021-06-29","2021-07-25",26
2289,464,103,"Monica Teodorski",77,"Bigender","South Nathan","South Australia",263,"Polo","Shirt","L","green",68,117.0,95.0,2,190.0,"2021-06-29","2021-07-25",26
2290,464,103,"Monica Teodorski",77,"Bigender","South Nathan","South Australia",205,"Camp Collared","Shirt","XS","violet",72,112.0,98.0,3,294.0,"2021-06-29","2021-07-25",26
2291,464,103,"Monica Teodorski",77,"Bigender","South Nathan","South Australia",691,"Parka","Jacket","S","indigo",53,119.0,113.0,3,339.0,"2021-06-29","2021-07-25",26
2292,465,7,"Winslow Ewbanck",76,"Bigender","Masonfurt","Queensland",1118,"Cropped","Trousers","L","violet",40,99.0,115.0,3,345.0,"2021-05-21","2021-05-23",2
2293,465,7,"Winslow Ewbanck",76,"Bigender","Masonfurt","Queensland",1259,"Tracksuit Bottoms","Trousers","XL","violet",60,91.0,112.0,2,224.0,"2021-05-21","2021-05-23",2
2294,465,7,"Winslow Ewbanck",76,"Bigender","Masonfurt","Queensland",811,"Shearling","Jacket","S","orange",53,95.0,117.0,1,117.0,"2021-05-21","2021-05-23",2
2295,465,7,"Winslow Ewbanck",76,"Bigender","Masonfurt","Queensland",408,"Casual Slim Fit","Shirt","L","blue",75,113.0,119.0,1,119.0,"2021-05-21","2021-05-23",2
2296,465,7,"Winslow Ewbanck",76,"Bigender","Masonfurt","Queensland",1010,"Wool","Trousers","XS","violet",80,111.0,106.0,2,212.0,"2021-05-21","2021-05-23",2
2297,466,628,"Frayda Simonini",75,"Non-binary","West Sophie","Northern Territory",1188,"High-Waisted","Trousers","L","violet",68,98.0,99.0,1,99.0,"2021-06-10","2021-07-05",25
2298,466,628,"Frayda Simonini",75,"Non-binary","West Sophie","Northern Territory",733,"Trench Coat","Jacket","L","violet",76,112.0,119.0,3,357.0,"2021-06-10","2021-07-05",25
2299,466,628,"Frayda Simonini",75,"Non-binary","West Sophie","Northern Territory",718,"Trench Coat","Jacket","L","green",73,112.0,119.0,1,119.0,"2021-06-10","2021-07-05",25
2300,466,628,"Frayda Simonini",75,"Non-binary","West Sophie","Northern Territory",1157,"High-Waisted","Trousers","M","red",59,98.0,99.0,1,99.0,"2021-06-10","2021-07-05",25
2301,467,102,"Hurleigh Sieb",32,"Genderfluid","Port Sarah","Queensland",356,"Henley","Shirt","S","orange",46,92.0,94.0,1,94.0,"2021-02-24","2021-03-10",14
2302,467,102,"Hurleigh Sieb",32,"Genderfluid","Port Sarah","Queensland",1152,"Cargo Pants","Trousers","M","violet",58,106.0,102.0,1,102.0,"2021-02-24","2021-03-10",14
2303,467,102,"Hurleigh Sieb",32,"Genderfluid","Port Sarah","Queensland",1210,"Pleated","Trousers","XS","blue",62,90.0,105.0,3,315.0,"2021-02-24","2021-03-10",14
2304,467,102,"Hurleigh Sieb",32,"Genderfluid","Port Sarah","Queensland",694,"Parka","Jacket","XL","indigo",78,119.0,113.0,1,113.0,"2021-02-24","2021-03-10",14
2305,467,102,"Hurleigh Sieb",32,"Genderfluid","Port Sarah","Queensland",979,"Slim-Fit","Trousers","XL","violet",48,119.0,97.0,1,97.0,"2021-02-24","2021-03-10",14
2306,467,102,"Hurleigh Sieb",32,"Genderfluid","Port Sarah","Queensland",625,"Cardigan","Jacket","XS","violet",40,118.0,112.0,3,336.0,"2021-02-24","2021-03-10",14
2307,468,238,"Hilda Peter",30,"Non-binary","New Sophie","Tasmania",287,"Cuban Collar","Shirt","M","orange",49,93.0,105.0,1,105.0,"2021-04-15","2021-04-17",2
2308,468,238,"Hilda Peter",30,"Non-binary","New Sophie","Tasmania",365,"Henley","Shirt","XS","green",61,92.0,94.0,1,94.0,"2021-04-15","2021-04-17",2
2309,468,238,"Hilda Peter",30,"Non-binary","New Sophie","Tasmania",242,"Chambray","Shirt","M","violet",72,105.0,106.0,2,212.0,"2021-04-15","2021-04-17",2
2310,468,238,"Hilda Peter",30,"Non-binary","New Sophie","Tasmania",331,"Mandarin Collar","Shirt","S","green",74,108.0,109.0,3,327.0,"2021-04-15","2021-04-17",2
2311,468,238,"Hilda Peter",30,"Non-binary","New Sophie","Tasmania",171,"Linen","Shirt","S","violet",44,116.0,91.0,1,91.0,"2021-04-15","2021-04-17",2
2312,468,238,"Hilda Peter",30,"Non-binary","New Sophie","Tasmania",940,"Drawstring","Trousers","XS","violet",62,104.0,96.0,1,96.0,"2021-04-15","2021-04-17",2
2313,469,907,"Aindrea Franzetti",43,"Female","North Caitlin","South Australia",312,"Cuban Collar","Shirt","M","violet",67,93.0,105.0,2,210.0,"2021-04-27","2021-05-04",7
2314,470,810,"Charles Duffitt",21,"Non-binary","South Maxland","Australian Capital Territory",918,"Drawstring","Trousers","L","orange",54,104.0,96.0,3,288.0,"2021-09-11","2021-10-04",23
2315,470,810,"Charles Duffitt",21,"Non-binary","South Maxland","Australian Capital Territory",1095,"Cropped","Trousers","XS","yellow",41,99.0,115.0,2,230.0,"2021-09-11","2021-10-04",23
2316,471,282,"Wren Helgass",59,"Female","Port Hannahburgh","Australian Capital Territory",775,"Pullover","Jacket","XS","orange",79,114.0,91.0,3,273.0,"2021-07-08","2021-07-10",2
2317,471,282,"Wren Helgass",59,"Female","Port Hannahburgh","Australian Capital Territory",689,"Parka","Jacket","XL","blue",47,119.0,113.0,2,226.0,"2021-07-08","2021-07-10",2
2318,471,282,"Wren Helgass",59,"Female","Port Hannahburgh","Australian Capital Territory",589,"Bomber","Jacket","XL","indigo",50,90.0,100.0,3,300.0,"2021-07-08","2021-07-10",2
2319,471,282,"Wren Helgass",59,"Female","Port Hannahburgh","Australian Capital Territory",376,"Henley","Shirt","S","indigo",45,92.0,94.0,3,282.0,"2021-07-08","2021-07-10",2
2320,472,85,"Cornie Virr",27,"Genderqueer","East Chelsea","Northern Territory",34,"Oxford Cloth","Shirt","XL","violet",54,114.0,96.0,3,288.0,"2021-07-15","2021-07-29",14
2321,472,85,"Cornie Virr",27,"Genderqueer","East Chelsea","Northern Territory",716,"Trench Coat","Jacket","S","green",53,112.0,119.0,3,357.0,"2021-07-15","2021-07-29",14
2322,472,85,"Cornie Virr",27,"Genderqueer","East Chelsea","Northern Territory",1207,"Pleated","Trousers","M","green",41,90.0,105.0,3,315.0,"2021-07-15","2021-07-29",14
2323,472,85,"Cornie Virr",27,"Genderqueer","East Chelsea","Northern Territory",886,"Cords","Trousers","S","yellow",68,113.0,94.0,2,188.0,"2021-07-15","2021-07-29",14
2324,472,85,"Cornie Virr",27,"Genderqueer","East Chelsea","Northern Territory",511,"Windbreaker","Jacket","S","blue",41,109.0,102.0,2,204.0,"2021-07-15","2021-07-29",14
2325,472,85,"Cornie Virr",27,"Genderqueer","East Chelsea","Northern Territory",46,"Dress","Shirt","S","yellow",56,119.0,104.0,3,312.0,"2021-07-15","2021-07-29",14
2326,473,61,"Lin Avraam",65,"Genderqueer","Samuelland","South Australia",104,"Flannel","Shirt","XL","violet",43,96.0,118.0,2,236.0,"2021-05-19","2021-06-12",24
2327,474,571,"Kristofor Roos",22,"Agender","Jordanside","Australian Capital Territory",114,"Denim","Shirt","XL","orange",67,115.0,92.0,1,92.0,"2021-08-19","2021-09-09",21
2328,474,571,"Kristofor Roos",22,"Agender","Jordanside","Australian Capital Territory",728,"Trench Coat","Jacket","L","indigo",71,112.0,119.0,3,357.0,"2021-08-19","2021-09-09",21
2329,474,571,"Kristofor Roos",22,"Agender","Jordanside","Australian Capital Territory",89,"Flannel","Shirt","XL","green",77,96.0,118.0,1,118.0,"2021-08-19","2021-09-09",21
2330,474,571,"Kristofor Roos",22,"Agender","Jordanside","Australian Capital Territory",1069,"Joggers","Trousers","XL","green",56,94.0,93.0,1,93.0,"2021-08-19","2021-09-09",21
2331,474,571,"Kristofor Roos",22,"Agender","Jordanside","Australian Capital Territory",229,"Chambray","Shirt","XL","green",58,105.0,106.0,1,106.0,"2021-08-19","2021-09-09",21
2332,474,571,"Kristofor Roos",22,"Agender","Jordanside","Australian Capital Territory",988,"Wool","Trousers","L","orange",56,111.0,106.0,1,106.0,"2021-08-19","2021-09-09",21
2333,474,571,"Kristofor Roos",22,"Agender","Jordanside","Australian Capital Territory",724,"Trench Coat","Jacket","XL","blue",69,112.0,119.0,2,238.0,"2021-08-19","2021-09-09",21
2334,474,571,"Kristofor Roos",22,"Agender","Jordanside","Australian Capital Territory",184,"Camp Collared","Shirt","XL","orange",48,112.0,98.0,1,98.0,"2021-08-19","2021-09-09",21
2335,474,571,"Kristofor Roos",22,"Agender","Jordanside","Australian Capital Territory",1154,"Cargo Pants","Trousers","XL","violet",77,106.0,102.0,2,204.0,"2021-08-19","2021-09-09",21
2336,475,696,"Miner Craddock",38,"Non-binary","Callummouth","Australian Capital Territory",1204,"Pleated","Trousers","XL","yellow",52,90.0,105.0,2,210.0,"2021-05-27","2021-06-01",5
2337,475,696,"Miner Craddock",38,"Non-binary","Callummouth","Australian Capital Territory",1149,"Cargo Pants","Trousers","XL","indigo",64,106.0,102.0,1,102.0,"2021-05-27","2021-06-01",5
2338,475,696,"Miner Craddock",38,"Non-binary","Callummouth","Australian Capital Territory",1250,"Tracksuit Bottoms","Trousers","XS","indigo",63,91.0,112.0,1,112.0,"2021-05-27","2021-06-01",5
2339,475,696,"Miner Craddock",38,"Non-binary","Callummouth","Australian Capital Territory",630,"Coach","Jacket","XS","red",71,115.0,93.0,2,186.0,"2021-05-27","2021-06-01",5
2340,475,696,"Miner Craddock",38,"Non-binary","Callummouth","Australian Capital Territory",722,"Trench Coat","Jacket","M","blue",46,112.0,119.0,1,119.0,"2021-05-27","2021-06-01",5
2341,475,696,"Miner Craddock",38,"Non-binary","Callummouth","Australian Capital Territory",1035,"Relaxed Leg","Trousers","XS","blue",54,95.0,90.0,2,180.0,"2021-05-27","2021-06-01",5
2342,475,696,"Miner Craddock",38,"Non-binary","Callummouth","Australian Capital Territory",113,"Denim","Shirt","L","orange",45,115.0,92.0,2,184.0,"2021-05-27","2021-06-01",5
2343,475,696,"Miner Craddock",38,"Non-binary","Callummouth","Australian Capital Territory",97,"Flannel","Shirt","M","indigo",69,96.0,118.0,2,236.0,"2021-05-27","2021-06-01",5
2344,476,757,"Taffy Quimby",31,"Non-binary","East Xavier","New South Wales",368,"Henley","Shirt","L","green",41,92.0,94.0,2,188.0,"2021-10-07","2021-11-02",26
2345,476,757,"Taffy Quimby",31,"Non-binary","East Xavier","New South Wales",253,"Polo","Shirt","L","orange",63,117.0,95.0,1,95.0,"2021-10-07","2021-11-02",26
2346,476,757,"Taffy Quimby",31,"Non-binary","East Xavier","New South Wales",651,"Coach","Jacket","S","blue",47,115.0,93.0,3,279.0,"2021-10-07","2021-11-02",26
2347,476,757,"Taffy Quimby",31,"Non-binary","East Xavier","New South Wales",696,"Parka","Jacket","S","violet",67,119.0,113.0,2,226.0,"2021-10-07","2021-11-02",26
2348,476,757,"Taffy Quimby",31,"Non-binary","East Xavier","New South Wales",400,"Casual Slim Fit","Shirt","XS","green",69,113.0,119.0,2,238.0,"2021-10-07","2021-11-02",26
2349,476,757,"Taffy Quimby",31,"Non-binary","East Xavier","New South Wales",982,"Wool","Trousers","M","red",58,111.0,106.0,3,318.0,"2021-10-07","2021-11-02",26
2350,477,97,"Dean McLarty",39,"Female","North Ellabury","Northern Territory",1023,"Relaxed Leg","Trousers","L","orange",78,95.0,90.0,2,180.0,"2021-06-20","2021-06-26",6
2351,477,97,"Dean McLarty",39,"Female","North Ellabury","Northern Territory",826,"Shearling","Jacket","S","blue",72,95.0,117.0,1,117.0,"2021-06-20","2021-06-26",6
2352,477,97,"Dean McLarty",39,"Female","North Ellabury","Northern Territory",208,"Camp Collared","Shirt","L","violet",42,112.0,98.0,2,196.0,"2021-06-20","2021-06-26",6
2353,477,97,"Dean McLarty",39,"Female","North Ellabury","Northern Territory",680,"Parka","Jacket","XS","green",75,119.0,113.0,1,113.0,"2021-06-20","2021-06-26",6
2354,477,97,"Dean McLarty",39,"Female","North Ellabury","Northern Territory",95,"Flannel","Shirt","XS","indigo",46,96.0,118.0,2,236.0,"2021-06-20","2021-06-26",6
2355,478,452,"Toddie Snow",27,"Genderqueer","Scottview","New South Wales",74,"Flannel","Shirt","XL","red",72,96.0,118.0,2,236.0,"2021-10-15","2021-10-23",8
2356,478,452,"Toddie Snow",27,"Genderqueer","Scottview","New South Wales",641,"Coach","Jacket","S","yellow",67,115.0,93.0,1,93.0,"2021-10-15","2021-10-23",8
2357,478,452,"Toddie Snow",27,"Genderqueer","Scottview","New South Wales",1193,"Pleated","Trousers","L","red",70,90.0,105.0,2,210.0,"2021-10-15","2021-10-23",8
2358,478,452,"Toddie Snow",27,"Genderqueer","Scottview","New South Wales",1056,"Joggers","Trousers","S","orange",43,94.0,93.0,3,279.0,"2021-10-15","2021-10-23",8
2359,478,452,"Toddie Snow",27,"Genderqueer","Scottview","New South Wales",1076,"Joggers","Trousers","S","indigo",56,94.0,93.0,2,186.0,"2021-10-15","2021-10-23",8
2360,478,452,"Toddie Snow",27,"Genderqueer","Scottview","New South Wales",214,"Chambray","Shirt","XL","red",42,105.0,106.0,2,212.0,"2021-10-15","2021-10-23",8
2361,478,452,"Toddie Snow",27,"Genderqueer","Scottview","New South Wales",816,"Shearling","Jacket","S","yellow",48,95.0,117.0,2,234.0,"2021-10-15","2021-10-23",8
2362,479,51,"Kayley Brosoli",52,"Non-binary","South Evaport","Northern Territory",518,"Windbreaker","Jacket","L","indigo",67,109.0,102.0,2,204.0,"2021-06-27","2021-07-16",19
2363,479,51,"Kayley Brosoli",52,"Non-binary","South Evaport","Northern Territory",646,"Coach","Jacket","S","green",60,115.0,93.0,2,186.0,"2021-06-27","2021-07-16",19
2364,479,51,"Kayley Brosoli",52,"Non-binary","South Evaport","Northern Territory",1161,"High-Waisted","Trousers","S","orange",42,98.0,99.0,3,297.0,"2021-06-27","2021-07-16",19
2365,479,51,"Kayley Brosoli",52,"Non-binary","South Evaport","Northern Territory",477,"Puffer","Jacket","M","blue",60,110.0,118.0,2,236.0,"2021-06-27","2021-07-16",19
2366,479,51,"Kayley Brosoli",52,"Non-binary","South Evaport","Northern Territory",434,"Denim","Jacket","XL","yellow",56,92.0,107.0,1,107.0,"2021-06-27","2021-07-16",19
2367,480,180,"Nelli Engall",21,"Genderfluid","Chasemouth","Western Australia",1079,"Joggers","Trousers","XL","indigo",66,94.0,93.0,2,186.0,"2021-07-15","2021-08-05",21
2368,480,180,"Nelli Engall",21,"Genderfluid","Chasemouth","Western Australia",1113,"Cropped","Trousers","L","indigo",63,99.0,115.0,3,345.0,"2021-07-15","2021-08-05",21
2369,480,180,"Nelli Engall",21,"Genderfluid","Chasemouth","Western Australia",1044,"Relaxed Leg","Trousers","XL","indigo",58,95.0,90.0,2,180.0,"2021-07-15","2021-08-05",21
2370,480,180,"Nelli Engall",21,"Genderfluid","Chasemouth","Western Australia",1049,"Relaxed Leg","Trousers","XL","violet",42,95.0,90.0,1,90.0,"2021-07-15","2021-08-05",21
2371,481,227,"Isaak Ferrarone",26,"Non-binary","South Holly","Tasmania",1000,"Wool","Trousers","XS","blue",58,111.0,106.0,2,212.0,"2021-08-20","2021-09-12",23
2372,481,227,"Isaak Ferrarone",26,"Non-binary","South Holly","Tasmania",329,"Mandarin Collar","Shirt","XL","yellow",43,108.0,109.0,1,109.0,"2021-08-20","2021-09-12",23
2373,481,227,"Isaak Ferrarone",26,"Non-binary","South Holly","Tasmania",1197,"Pleated","Trousers","M","orange",57,90.0,105.0,3,315.0,"2021-08-20","2021-09-12",23
2374,481,227,"Isaak Ferrarone",26,"Non-binary","South Holly","Tasmania",395,"Casual Slim Fit","Shirt","XS","yellow",63,113.0,119.0,2,238.0,"2021-08-20","2021-09-12",23
2375,481,227,"Isaak Ferrarone",26,"Non-binary","South Holly","Tasmania",1038,"Relaxed Leg","Trousers","L","blue",61,95.0,90.0,3,270.0,"2021-08-20","2021-09-12",23
2376,481,227,"Isaak Ferrarone",26,"Non-binary","South Holly","Tasmania",339,"Mandarin Collar","Shirt","XL","blue",71,108.0,109.0,3,327.0,"2021-08-20","2021-09-12",23
2377,481,227,"Isaak Ferrarone",26,"Non-binary","South Holly","Tasmania",201,"Camp Collared","Shirt","S","indigo",50,112.0,98.0,3,294.0,"2021-08-20","2021-09-12",23
2378,482,111,"Eada Viccary",52,"Female","North Edwardshire","Northern Territory",630,"Coach","Jacket","XS","red",71,115.0,93.0,3,279.0,"2021-08-03","2021-08-09",6
2379,482,111,"Eada Viccary",52,"Female","North Edwardshire","Northern Territory",877,"Cords","Trousers","M","red",68,113.0,94.0,1,94.0,"2021-08-03","2021-08-09",6
2380,482,111,"Eada Viccary",52,"Female","North Edwardshire","Northern Territory",724,"Trench Coat","Jacket","XL","blue",69,112.0,119.0,2,238.0,"2021-08-03","2021-08-09",6
2381,482,111,"Eada Viccary",52,"Female","North Edwardshire","Northern Territory",1133,"Cargo Pants","Trousers","L","yellow",71,106.0,102.0,3,306.0,"2021-08-03","2021-08-09",6
2382,483,742,"Selestina Dauber",44,"Polygender","Port Aliview","Western Australia",537,"Leather","Jacket","M","yellow",77,113.0,98.0,1,98.0,"2021-03-15","2021-03-20",5
2383,483,742,"Selestina Dauber",44,"Polygender","Port Aliview","Western Australia",1209,"Pleated","Trousers","XL","green",55,90.0,105.0,1,105.0,"2021-03-15","2021-03-20",5
2384,483,742,"Selestina Dauber",44,"Polygender","Port Aliview","Western Australia",779,"Pullover","Jacket","XL","orange",69,114.0,91.0,3,273.0,"2021-03-15","2021-03-20",5
2385,483,742,"Selestina Dauber",44,"Polygender","Port Aliview","Western Australia",812,"Shearling","Jacket","M","orange",45,95.0,117.0,1,117.0,"2021-03-15","2021-03-20",5
2386,483,742,"Selestina Dauber",44,"Polygender","Port Aliview","Western Australia",1188,"High-Waisted","Trousers","L","violet",68,98.0,99.0,1,99.0,"2021-03-15","2021-03-20",5
2387,483,742,"Selestina Dauber",44,"Polygender","Port Aliview","Western Australia",415,"Casual Slim Fit","Shirt","XS","violet",55,113.0,119.0,1,119.0,"2021-03-15","2021-03-20",5
2388,483,742,"Selestina Dauber",44,"Polygender","Port Aliview","Western Australia",505,"Windbreaker","Jacket","XS","green",57,109.0,102.0,2,204.0,"2021-03-15","2021-03-20",5
2389,484,926,"Vittorio Rosenstengel",68,"Genderqueer","East Jasper","Northern Territory",981,"Wool","Trousers","S","red",65,111.0,106.0,3,318.0,"2021-05-05","2021-05-31",26
2390,485,969,"Ginnie Glasheen",77,"Polygender","West Stella","South Australia",1065,"Joggers","Trousers","XS","green",77,94.0,93.0,2,186.0,"2021-01-08","2021-01-28",20
2391,486,643,"Pietro Duling",36,"Female","Shieldschester","Tasmania",358,"Henley","Shirt","L","orange",77,92.0,94.0,3,282.0,"2021-04-27","2021-05-08",11
2392,486,643,"Pietro Duling",36,"Female","Shieldschester","Tasmania",1184,"High-Waisted","Trousers","XL","indigo",57,98.0,99.0,1,99.0,"2021-04-27","2021-05-08",11
2393,486,643,"Pietro Duling",36,"Female","Shieldschester","Tasmania",1052,"Joggers","Trousers","M","red",43,94.0,93.0,3,279.0,"2021-04-27","2021-05-08",11
2394,486,643,"Pietro Duling",36,"Female","Shieldschester","Tasmania",359,"Henley","Shirt","XL","orange",52,92.0,94.0,1,94.0,"2021-04-27","2021-05-08",11
2395,487,926,"Vittorio Rosenstengel",68,"Genderqueer","East Jasper","Northern Territory",758,"Peacoat","Jacket","L","blue",64,102.0,109.0,2,218.0,"2021-01-09","2021-02-05",27
2396,487,926,"Vittorio Rosenstengel",68,"Genderqueer","East Jasper","Northern Territory",851,"Chinos","Trousers","S","yellow",40,100.0,113.0,2,226.0,"2021-01-09","2021-02-05",27
2397,487,926,"Vittorio Rosenstengel",68,"Genderqueer","East Jasper","Northern Territory",906,"Cords","Trousers","S","violet",65,113.0,94.0,2,188.0,"2021-01-09","2021-02-05",27
2398,487,926,"Vittorio Rosenstengel",68,"Genderqueer","East Jasper","Northern Territory",1103,"Cropped","Trousers","L","green",55,99.0,115.0,1,115.0,"2021-01-09","2021-02-05",27
2399,487,926,"Vittorio Rosenstengel",68,"Genderqueer","East Jasper","Northern Territory",676,"Parka","Jacket","S","yellow",80,119.0,113.0,1,113.0,"2021-01-09","2021-02-05",27
2400,487,926,"Vittorio Rosenstengel",68,"Genderqueer","East Jasper","Northern Territory",329,"Mandarin Collar","Shirt","XL","yellow",43,108.0,109.0,1,109.0,"2021-01-09","2021-02-05",27
2401,487,926,"Vittorio Rosenstengel",68,"Genderqueer","East Jasper","Northern Territory",814,"Shearling","Jacket","XL","orange",60,95.0,117.0,2,234.0,"2021-01-09","2021-02-05",27
2402,488,638,"Olympia Stobbs",23,"Female","Reillyborough","Victoria",529,"Leather","Jacket","XL","red",52,113.0,98.0,3,294.0,"2021-10-01","2021-10-26",25
2403,488,638,"Olympia Stobbs",23,"Female","Reillyborough","Victoria",42,"Dress","Shirt","M","orange",53,119.0,104.0,1,104.0,"2021-10-01","2021-10-26",25
2404,488,638,"Olympia Stobbs",23,"Female","Reillyborough","Victoria",1077,"Joggers","Trousers","M","indigo",66,94.0,93.0,3,279.0,"2021-10-01","2021-10-26",25
2405,488,638,"Olympia Stobbs",23,"Female","Reillyborough","Victoria",853,"Chinos","Trousers","L","yellow",65,100.0,113.0,2,226.0,"2021-10-01","2021-10-26",25
2406,488,638,"Olympia Stobbs",23,"Female","Reillyborough","Victoria",1157,"High-Waisted","Trousers","M","red",59,98.0,99.0,2,198.0,"2021-10-01","2021-10-26",25
2407,489,77,"Angela Kester",62,"Male","Chloeville","South Australia",74,"Flannel","Shirt","XL","red",72,96.0,118.0,3,354.0,"2021-08-30","2021-09-21",22
2408,489,77,"Angela Kester",62,"Male","Chloeville","South Australia",954,"Slim-Fit","Trousers","XL","orange",78,119.0,97.0,1,97.0,"2021-08-30","2021-09-21",22
2409,489,77,"Angela Kester",62,"Male","Chloeville","South Australia",798,"Pullover","Jacket","L","indigo",50,114.0,91.0,3,273.0,"2021-08-30","2021-09-21",22
2410,489,77,"Angela Kester",62,"Male","Chloeville","South Australia",770,"Pullover","Jacket","XS","red",54,114.0,91.0,2,182.0,"2021-08-30","2021-09-21",22
2411,489,77,"Angela Kester",62,"Male","Chloeville","South Australia",1062,"Joggers","Trousers","M","yellow",72,94.0,93.0,2,186.0,"2021-08-30","2021-09-21",22
2412,489,77,"Angela Kester",62,"Male","Chloeville","South Australia",339,"Mandarin Collar","Shirt","XL","blue",71,108.0,109.0,1,109.0,"2021-08-30","2021-09-21",22
2413,490,816,"Edithe Yitshak",23,"Genderfluid","Kaifort","Victoria",246,"Polo","Shirt","S","red",60,117.0,95.0,3,285.0,"2021-09-15","2021-09-29",14
2414,490,816,"Edithe Yitshak",23,"Genderfluid","Kaifort","Victoria",1016,"Relaxed Leg","Trousers","S","red",70,95.0,90.0,2,180.0,"2021-09-15","2021-09-29",14
2415,490,816,"Edithe Yitshak",23,"Genderfluid","Kaifort","Victoria",1206,"Pleated","Trousers","S","green",55,90.0,105.0,2,210.0,"2021-09-15","2021-09-29",14
2416,491,783,"Gusty Smallacombe",49,"Female","North Avabury","South Australia",923,"Drawstring","Trousers","L","yellow",68,104.0,96.0,1,96.0,"2021-02-24","2021-03-18",22
2417,491,783,"Gusty Smallacombe",49,"Female","North Avabury","South Australia",663,"Coach","Jacket","L","violet",80,115.0,93.0,2,186.0,"2021-02-24","2021-03-18",22
2418,491,783,"Gusty Smallacombe",49,"Female","North Avabury","South Australia",843,"Chinos","Trousers","L","red",44,100.0,113.0,1,113.0,"2021-02-24","2021-03-18",22
2419,491,783,"Gusty Smallacombe",49,"Female","North Avabury","South Australia",816,"Shearling","Jacket","S","yellow",48,95.0,117.0,3,351.0,"2021-02-24","2021-03-18",22
2420,491,783,"Gusty Smallacombe",49,"Female","North Avabury","South Australia",1256,"Tracksuit Bottoms","Trousers","S","violet",48,91.0,112.0,2,224.0,"2021-02-24","2021-03-18",22
2421,492,568,"Gallard Mangan",64,"Bigender","Chloeville","Tasmania",1043,"Relaxed Leg","Trousers","L","indigo",48,95.0,90.0,3,270.0,"2021-07-24","2021-08-07",14
2422,492,568,"Gallard Mangan",64,"Bigender","Chloeville","Tasmania",379,"Henley","Shirt","XL","indigo",52,92.0,94.0,3,282.0,"2021-07-24","2021-08-07",14
2423,492,568,"Gallard Mangan",64,"Bigender","Chloeville","Tasmania",1205,"Pleated","Trousers","XS","green",58,90.0,105.0,2,210.0,"2021-07-24","2021-08-07",14
2424,492,568,"Gallard Mangan",64,"Bigender","Chloeville","Tasmania",837,"Shearling","Jacket","M","violet",74,95.0,117.0,1,117.0,"2021-07-24","2021-08-07",14
2425,492,568,"Gallard Mangan",64,"Bigender","Chloeville","Tasmania",1023,"Relaxed Leg","Trousers","L","orange",78,95.0,90.0,1,90.0,"2021-07-24","2021-08-07",14
2426,492,568,"Gallard Mangan",64,"Bigender","Chloeville","Tasmania",630,"Coach","Jacket","XS","red",71,115.0,93.0,2,186.0,"2021-07-24","2021-08-07",14
2427,492,568,"Gallard Mangan",64,"Bigender","Chloeville","Tasmania",31,"Oxford Cloth","Shirt","S","violet",41,114.0,96.0,3,288.0,"2021-07-24","2021-08-07",14
2428,493,895,"Robena Gilbert",37,"Genderfluid","Lake Bellahaven","Queensland",578,"Bomber","Jacket","L","green",78,90.0,100.0,3,300.0,"2021-04-24","2021-05-03",9
2429,493,895,"Robena Gilbert",37,"Genderfluid","Lake Bellahaven","Queensland",466,"Puffer","Jacket","S","yellow",48,110.0,118.0,3,354.0,"2021-04-24","2021-05-03",9
2430,493,895,"Robena Gilbert",37,"Genderfluid","Lake Bellahaven","Queensland",1129,"Cargo Pants","Trousers","XL","orange",61,106.0,102.0,3,306.0,"2021-04-24","2021-05-03",9
2431,493,895,"Robena Gilbert",37,"Genderfluid","Lake Bellahaven","Queensland",274,"Polo","Shirt","XL","indigo",56,117.0,95.0,1,95.0,"2021-04-24","2021-05-03",9
2432,493,895,"Robena Gilbert",37,"Genderfluid","Lake Bellahaven","Queensland",148,"Linen","Shirt","L","orange",73,116.0,91.0,3,273.0,"2021-04-24","2021-05-03",9
2433,493,895,"Robena Gilbert",37,"Genderfluid","Lake Bellahaven","Queensland",756,"Peacoat","Jacket","S","blue",50,102.0,109.0,1,109.0,"2021-04-24","2021-05-03",9
2434,494,740,"Meryl Neeson",73,"Non-binary","Port Molly","Tasmania",409,"Casual Slim Fit","Shirt","XL","blue",68,113.0,119.0,3,357.0,"2021-07-31","2021-08-15",15
2435,494,740,"Meryl Neeson",73,"Non-binary","Port Molly","Tasmania",475,"Puffer","Jacket","XS","blue",57,110.0,118.0,3,354.0,"2021-07-31","2021-08-15",15
2436,494,740,"Meryl Neeson",73,"Non-binary","Port Molly","Tasmania",469,"Puffer","Jacket","XL","yellow",65,110.0,118.0,3,354.0,"2021-07-31","2021-08-15",15
2437,494,740,"Meryl Neeson",73,"Non-binary","Port Molly","Tasmania",608,"Cardigan","Jacket","L","yellow",50,118.0,112.0,2,224.0,"2021-07-31","2021-08-15",15
2438,494,740,"Meryl Neeson",73,"Non-binary","Port Molly","Tasmania",491,"Windbreaker","Jacket","S","red",54,109.0,102.0,1,102.0,"2021-07-31","2021-08-15",15
2439,494,740,"Meryl Neeson",73,"Non-binary","Port Molly","Tasmania",502,"Windbreaker","Jacket","M","yellow",52,109.0,102.0,3,306.0,"2021-07-31","2021-08-15",15
2440,494,740,"Meryl Neeson",73,"Non-binary","Port Molly","Tasmania",450,"Denim","Jacket","XS","violet",65,92.0,107.0,2,214.0,"2021-07-31","2021-08-15",15
2441,494,740,"Meryl Neeson",73,"Non-binary","Port Molly","Tasmania",389,"Casual Slim Fit","Shirt","XL","red",47,113.0,119.0,3,357.0,"2021-07-31","2021-08-15",15
2442,495,352,"Justin Marden",31,"Bigender","Port Ashtonhaven","Queensland",779,"Pullover","Jacket","XL","orange",69,114.0,91.0,3,273.0,"2021-08-10","2021-08-19",9
2443,495,352,"Justin Marden",31,"Bigender","Port Ashtonhaven","Queensland",363,"Henley","Shirt","L","yellow",62,92.0,94.0,2,188.0,"2021-08-10","2021-08-19",9
2444,495,352,"Justin Marden",31,"Bigender","Port Ashtonhaven","Queensland",819,"Shearling","Jacket","XL","yellow",63,95.0,117.0,1,117.0,"2021-08-10","2021-08-19",9
2445,496,574,"Ranna Paolillo",53,"Polygender","Zacharybury","Northern Territory",437,"Denim","Jacket","M","green",79,92.0,107.0,1,107.0,"2021-06-17","2021-06-27",10
2446,496,574,"Ranna Paolillo",53,"Polygender","Zacharybury","Northern Territory",1254,"Tracksuit Bottoms","Trousers","XL","indigo",54,91.0,112.0,2,224.0,"2021-06-17","2021-06-27",10
2447,496,574,"Ranna Paolillo",53,"Polygender","Zacharybury","Northern Territory",411,"Casual Slim Fit","Shirt","S","indigo",65,113.0,119.0,3,357.0,"2021-06-17","2021-06-27",10
2448,496,574,"Ranna Paolillo",53,"Polygender","Zacharybury","Northern Territory",843,"Chinos","Trousers","L","red",44,100.0,113.0,2,226.0,"2021-06-17","2021-06-27",10
2449,496,574,"Ranna Paolillo",53,"Polygender","Zacharybury","Northern Territory",1222,"Pleated","Trousers","M","violet",45,90.0,105.0,3,315.0,"2021-06-17","2021-06-27",10
2450,496,574,"Ranna Paolillo",53,"Polygender","Zacharybury","Northern Territory",1173,"High-Waisted","Trousers","L","green",75,98.0,99.0,1,99.0,"2021-06-17","2021-06-27",10
2451,497,900,"Shelden Tinline",22,"Agender","East Emily","Tasmania",968,"Slim-Fit","Trousers","L","blue",49,119.0,97.0,1,97.0,"2021-07-07","2021-07-09",2
2452,497,900,"Shelden Tinline",22,"Agender","East Emily","Tasmania",332,"Mandarin Collar","Shirt","M","green",57,108.0,109.0,3,327.0,"2021-07-07","2021-07-09",2
2453,498,647,"Malory Emmison",51,"Male","Lake Nicholasfort","Australian Capital Territory",323,"Mandarin Collar","Shirt","L","orange",56,108.0,109.0,2,218.0,"2021-07-15","2021-07-23",8
2454,498,647,"Malory Emmison",51,"Male","Lake Nicholasfort","Australian Capital Territory",1042,"Relaxed Leg","Trousers","M","indigo",45,95.0,90.0,1,90.0,"2021-07-15","2021-07-23",8
2455,498,647,"Malory Emmison",51,"Male","Lake Nicholasfort","Australian Capital Territory",132,"Denim","Shirt","M","indigo",56,115.0,92.0,2,184.0,"2021-07-15","2021-07-23",8
2456,498,647,"Malory Emmison",51,"Male","Lake Nicholasfort","Australian Capital Territory",1116,"Cropped","Trousers","S","violet",66,99.0,115.0,1,115.0,"2021-07-15","2021-07-23",8
2457,499,690,"Arlie Bowman",34,"Genderqueer","Port Annabelle","Northern Territory",180,"Camp Collared","Shirt","XS","orange",52,112.0,98.0,1,98.0,"2021-10-24","2021-10-26",2
2458,499,690,"Arlie Bowman",34,"Genderqueer","Port Annabelle","Northern Territory",1022,"Relaxed Leg","Trousers","M","orange",74,95.0,90.0,1,90.0,"2021-10-24","2021-10-26",2
2459,499,690,"Arlie Bowman",34,"Genderqueer","Port Annabelle","Northern Territory",17,"Oxford Cloth","Shirt","M","green",60,114.0,96.0,2,192.0,"2021-10-24","2021-10-26",2
2460,499,690,"Arlie Bowman",34,"Genderqueer","Port Annabelle","Northern Territory",1217,"Pleated","Trousers","M","indigo",48,90.0,105.0,3,315.0,"2021-10-24","2021-10-26",2
2461,499,690,"Arlie Bowman",34,"Genderqueer","Port Annabelle","Northern Territory",96,"Flannel","Shirt","S","indigo",74,96.0,118.0,3,354.0,"2021-10-24","2021-10-26",2
2462,499,690,"Arlie Bowman",34,"Genderqueer","Port Annabelle","Northern Territory",1104,"Cropped","Trousers","XL","green",49,99.0,115.0,3,345.0,"2021-10-24","2021-10-26",2
2463,499,690,"Arlie Bowman",34,"Genderqueer","Port Annabelle","Northern Territory",889,"Cords","Trousers","XL","yellow",65,113.0,94.0,3,282.0,"2021-10-24","2021-10-26",2
2464,499,690,"Arlie Bowman",34,"Genderqueer","Port Annabelle","Northern Territory",132,"Denim","Shirt","M","indigo",56,115.0,92.0,3,276.0,"2021-10-24","2021-10-26",2
2465,500,571,"Kristofor Roos",22,"Agender","Jordanside","Australian Capital Territory",1169,"High-Waisted","Trousers","XL","yellow",78,98.0,99.0,1,99.0,"2021-01-15","2021-01-24",9
2466,500,571,"Kristofor Roos",22,"Agender","Jordanside","Australian Capital Territory",112,"Denim","Shirt","M","orange",50,115.0,92.0,2,184.0,"2021-01-15","2021-01-24",9
2467,500,571,"Kristofor Roos",22,"Agender","Jordanside","Australian Capital Territory",100,"Flannel","Shirt","XS","violet",72,96.0,118.0,2,236.0,"2021-01-15","2021-01-24",9
2468,500,571,"Kristofor Roos",22,"Agender","Jordanside","Australian Capital Territory",284,"Cuban Collar","Shirt","XL","red",65,93.0,105.0,2,210.0,"2021-01-15","2021-01-24",9
2469,500,571,"Kristofor Roos",22,"Agender","Jordanside","Australian Capital Territory",1012,"Wool","Trousers","M","violet",51,111.0,106.0,2,212.0,"2021-01-15","2021-01-24",9
2470,500,571,"Kristofor Roos",22,"Agender","Jordanside","Australian Capital Territory",965,"Slim-Fit","Trousers","XS","blue",55,119.0,97.0,1,97.0,"2021-01-15","2021-01-24",9
2471,500,571,"Kristofor Roos",22,"Agender","Jordanside","Australian Capital Territory",943,"Drawstring","Trousers","L","violet",62,104.0,96.0,1,96.0,"2021-01-15","2021-01-24",9
2472,501,706,"Stephen MacAleese",43,"Agender","Lake Aiden","Northern Territory",227,"Chambray","Shirt","M","green",56,105.0,106.0,1,106.0,"2021-02-16","2021-02-25",9
2473,501,706,"Stephen MacAleese",43,"Agender","Lake Aiden","Northern Territory",1082,"Joggers","Trousers","M","violet",72,94.0,93.0,2,186.0,"2021-02-16","2021-02-25",9
2474,501,706,"Stephen MacAleese",43,"Agender","Lake Aiden","Northern Territory",1029,"Relaxed Leg","Trousers","XL","yellow",54,95.0,90.0,2,180.0,"2021-02-16","2021-02-25",9
2475,501,706,"Stephen MacAleese",43,"Agender","Lake Aiden","Northern Territory",193,"Camp Collared","Shirt","L","green",80,112.0,98.0,1,98.0,"2021-02-16","2021-02-25",9
2476,501,706,"Stephen MacAleese",43,"Agender","Lake Aiden","Northern Territory",409,"Casual Slim Fit","Shirt","XL","blue",68,113.0,119.0,3,357.0,"2021-02-16","2021-02-25",9
2477,501,706,"Stephen MacAleese",43,"Agender","Lake Aiden","Northern Territory",737,"Peacoat","Jacket","M","red",59,102.0,109.0,2,218.0,"2021-02-16","2021-02-25",9
2478,501,706,"Stephen MacAleese",43,"Agender","Lake Aiden","Northern Territory",808,"Shearling","Jacket","L","red",40,95.0,117.0,1,117.0,"2021-02-16","2021-02-25",9
2479,501,706,"Stephen MacAleese",43,"Agender","Lake Aiden","Northern Territory",667,"Parka","Jacket","M","red",56,119.0,113.0,1,113.0,"2021-02-16","2021-02-25",9
2480,502,485,"Gayleen Brookes",46,"Male","Port Lily","Australian Capital Territory",254,"Polo","Shirt","XL","orange",43,117.0,95.0,3,285.0,"2021-02-18","2021-03-07",17
2481,502,485,"Gayleen Brookes",46,"Male","Port Lily","Australian Capital Territory",978,"Slim-Fit","Trousers","L","violet",58,119.0,97.0,2,194.0,"2021-02-18","2021-03-07",17
2482,502,485,"Gayleen Brookes",46,"Male","Port Lily","Australian Capital Territory",1199,"Pleated","Trousers","XL","orange",69,90.0,105.0,3,315.0,"2021-02-18","2021-03-07",17
2483,502,485,"Gayleen Brookes",46,"Male","Port Lily","Australian Capital Territory",1107,"Cropped","Trousers","M","blue",56,99.0,115.0,3,345.0,"2021-02-18","2021-03-07",17
2484,502,485,"Gayleen Brookes",46,"Male","Port Lily","Australian Capital Territory",7,"Oxford Cloth","Shirt","M","orange",77,114.0,96.0,2,192.0,"2021-02-18","2021-03-07",17
2485,502,485,"Gayleen Brookes",46,"Male","Port Lily","Australian Capital Territory",720,"Trench Coat","Jacket","XS","blue",59,112.0,119.0,1,119.0,"2021-02-18","2021-03-07",17
2486,502,485,"Gayleen Brookes",46,"Male","Port Lily","Australian Capital Territory",396,"Casual Slim Fit","Shirt","S","yellow",45,113.0,119.0,3,357.0,"2021-02-18","2021-03-07",17
2487,503,937,"Judy Mesias",70,"Male","Schneiderstad","New South Wales",1073,"Joggers","Trousers","L","blue",75,94.0,93.0,2,186.0,"2021-08-19","2021-09-05",17
2488,503,937,"Judy Mesias",70,"Male","Schneiderstad","New South Wales",974,"Slim-Fit","Trousers","XL","indigo",66,119.0,97.0,1,97.0,"2021-08-19","2021-09-05",17
2489,503,937,"Judy Mesias",70,"Male","Schneiderstad","New South Wales",526,"Leather","Jacket","S","red",80,113.0,98.0,3,294.0,"2021-08-19","2021-09-05",17
2490,503,937,"Judy Mesias",70,"Male","Schneiderstad","New South Wales",606,"Cardigan","Jacket","S","yellow",79,118.0,112.0,2,224.0,"2021-08-19","2021-09-05",17
2491,503,937,"Judy Mesias",70,"Male","Schneiderstad","New South Wales",336,"Mandarin Collar","Shirt","S","blue",44,108.0,109.0,2,218.0,"2021-08-19","2021-09-05",17
2492,503,937,"Judy Mesias",70,"Male","Schneiderstad","New South Wales",722,"Trench Coat","Jacket","M","blue",46,112.0,119.0,2,238.0,"2021-08-19","2021-09-05",17
2493,504,192,"Tommy Ebunoluwa",63,"Female","East Mason","Tasmania",754,"Peacoat","Jacket","XL","green",68,102.0,109.0,3,327.0,"2021-01-13","2021-02-08",26
2494,504,192,"Tommy Ebunoluwa",63,"Female","East Mason","Tasmania",425,"Denim","Jacket","XS","orange",60,92.0,107.0,1,107.0,"2021-01-13","2021-02-08",26
2495,504,192,"Tommy Ebunoluwa",63,"Female","East Mason","Tasmania",1068,"Joggers","Trousers","L","green",43,94.0,93.0,2,186.0,"2021-01-13","2021-02-08",26
2496,504,192,"Tommy Ebunoluwa",63,"Female","East Mason","Tasmania",618,"Cardigan","Jacket","L","blue",68,118.0,112.0,3,336.0,"2021-01-13","2021-02-08",26
2497,504,192,"Tommy Ebunoluwa",63,"Female","East Mason","Tasmania",350,"Henley","Shirt","XS","red",62,92.0,94.0,1,94.0,"2021-01-13","2021-02-08",26
2498,504,192,"Tommy Ebunoluwa",63,"Female","East Mason","Tasmania",554,"Leather","Jacket","XL","indigo",52,113.0,98.0,1,98.0,"2021-01-13","2021-02-08",26
2499,504,192,"Tommy Ebunoluwa",63,"Female","East Mason","Tasmania",1086,"Cropped","Trousers","S","red",47,99.0,115.0,3,345.0,"2021-01-13","2021-02-08",26
2500,505,737,"Zebulen Zannotti",60,"Genderqueer","Harveyside","Tasmania",1024,"Relaxed Leg","Trousers","XL","orange",80,95.0,90.0,3,270.0,"2021-08-17","2021-08-27",10
2501,505,737,"Zebulen Zannotti",60,"Genderqueer","Harveyside","Tasmania",210,"Chambray","Shirt","XS","red",48,105.0,106.0,3,318.0,"2021-08-17","2021-08-27",10
2502,505,737,"Zebulen Zannotti",60,"Genderqueer","Harveyside","Tasmania",1009,"Wool","Trousers","XL","indigo",51,111.0,106.0,2,212.0,"2021-08-17","2021-08-27",10
2503,505,737,"Zebulen Zannotti",60,"Genderqueer","Harveyside","Tasmania",485,"Puffer","Jacket","XS","violet",74,110.0,118.0,2,236.0,"2021-08-17","2021-08-27",10
2504,505,737,"Zebulen Zannotti",60,"Genderqueer","Harveyside","Tasmania",736,"Peacoat","Jacket","S","red",67,102.0,109.0,1,109.0,"2021-08-17","2021-08-27",10
2505,505,737,"Zebulen Zannotti",60,"Genderqueer","Harveyside","Tasmania",413,"Casual Slim Fit","Shirt","L","indigo",60,113.0,119.0,2,238.0,"2021-08-17","2021-08-27",10
2506,506,648,"Jaquelyn Dow",38,"Genderfluid","New Emmastad","South Australia",822,"Shearling","Jacket","M","green",59,95.0,117.0,2,234.0,"2021-09-11","2021-09-27",16
2507,506,648,"Jaquelyn Dow",38,"Genderfluid","New Emmastad","South Australia",839,"Shearling","Jacket","XL","violet",70,95.0,117.0,2,234.0,"2021-09-11","2021-09-27",16
2508,506,648,"Jaquelyn Dow",38,"Genderfluid","New Emmastad","South Australia",1029,"Relaxed Leg","Trousers","XL","yellow",54,95.0,90.0,2,180.0,"2021-09-11","2021-09-27",16
2509,506,648,"Jaquelyn Dow",38,"Genderfluid","New Emmastad","South Australia",757,"Peacoat","Jacket","M","blue",71,102.0,109.0,2,218.0,"2021-09-11","2021-09-27",16
2510,506,648,"Jaquelyn Dow",38,"Genderfluid","New Emmastad","South Australia",1078,"Joggers","Trousers","L","indigo",42,94.0,93.0,3,279.0,"2021-09-11","2021-09-27",16
2511,507,58,"Aurie Margett",39,"Agender","Amelieburgh","New South Wales",1145,"Cargo Pants","Trousers","XS","indigo",51,106.0,102.0,1,102.0,"2021-06-20","2021-07-11",21
2512,507,58,"Aurie Margett",39,"Agender","Amelieburgh","New South Wales",310,"Cuban Collar","Shirt","XS","violet",49,93.0,105.0,3,315.0,"2021-06-20","2021-07-11",21
2513,507,58,"Aurie Margett",39,"Agender","Amelieburgh","New South Wales",860,"Chinos","Trousers","XS","blue",69,100.0,113.0,2,226.0,"2021-06-20","2021-07-11",21
2514,507,58,"Aurie Margett",39,"Agender","Amelieburgh","New South Wales",814,"Shearling","Jacket","XL","orange",60,95.0,117.0,1,117.0,"2021-06-20","2021-07-11",21
2515,507,58,"Aurie Margett",39,"Agender","Amelieburgh","New South Wales",504,"Windbreaker","Jacket","XL","yellow",58,109.0,102.0,1,102.0,"2021-06-20","2021-07-11",21
2516,508,834,"Glenn Keri",61,"Non-binary","Port Ellaside","New South Wales",1047,"Relaxed Leg","Trousers","M","violet",46,95.0,90.0,1,90.0,"2021-07-17","2021-08-01",15
2517,508,834,"Glenn Keri",61,"Non-binary","Port Ellaside","New South Wales",773,"Pullover","Jacket","L","red",69,114.0,91.0,2,182.0,"2021-07-17","2021-08-01",15
2518,508,834,"Glenn Keri",61,"Non-binary","Port Ellaside","New South Wales",400,"Casual Slim Fit","Shirt","XS","green",69,113.0,119.0,3,357.0,"2021-07-17","2021-08-01",15
2519,508,834,"Glenn Keri",61,"Non-binary","Port Ellaside","New South Wales",632,"Coach","Jacket","M","red",76,115.0,93.0,2,186.0,"2021-07-17","2021-08-01",15
2520,508,834,"Glenn Keri",61,"Non-binary","Port Ellaside","New South Wales",1017,"Relaxed Leg","Trousers","M","red",56,95.0,90.0,2,180.0,"2021-07-17","2021-08-01",15
2521,508,834,"Glenn Keri",61,"Non-binary","Port Ellaside","New South Wales",16,"Oxford Cloth","Shirt","S","green",56,114.0,96.0,2,192.0,"2021-07-17","2021-08-01",15
2522,508,834,"Glenn Keri",61,"Non-binary","Port Ellaside","New South Wales",718,"Trench Coat","Jacket","L","green",73,112.0,119.0,1,119.0,"2021-07-17","2021-08-01",15
2523,508,834,"Glenn Keri",61,"Non-binary","Port Ellaside","New South Wales",24,"Oxford Cloth","Shirt","XL","blue",60,114.0,96.0,1,96.0,"2021-07-17","2021-08-01",15
2524,508,834,"Glenn Keri",61,"Non-binary","Port Ellaside","New South Wales",506,"Windbreaker","Jacket","S","green",65,109.0,102.0,1,102.0,"2021-07-17","2021-08-01",15
2525,509,676,"Haslett Edwins",59,"Bigender","Kaylafurt","Northern Territory",457,"Puffer","Jacket","M","red",62,110.0,118.0,2,236.0,"2021-01-02","2021-01-25",23
2526,509,676,"Haslett Edwins",59,"Bigender","Kaylafurt","Northern Territory",126,"Denim","Shirt","S","blue",47,115.0,92.0,2,184.0,"2021-01-02","2021-01-25",23
2527,509,676,"Haslett Edwins",59,"Bigender","Kaylafurt","Northern Territory",841,"Chinos","Trousers","S","red",62,100.0,113.0,3,339.0,"2021-01-02","2021-01-25",23
2528,509,676,"Haslett Edwins",59,"Bigender","Kaylafurt","Northern Territory",513,"Windbreaker","Jacket","L","blue",41,109.0,102.0,3,306.0,"2021-01-02","2021-01-25",23
2529,509,676,"Haslett Edwins",59,"Bigender","Kaylafurt","Northern Territory",624,"Cardigan","Jacket","XL","indigo",78,118.0,112.0,2,224.0,"2021-01-02","2021-01-25",23
2530,510,125,"Lesli Pitfield",77,"Bigender","Angelinaville","Tasmania",643,"Coach","Jacket","L","yellow",53,115.0,93.0,1,93.0,"2021-09-29","2021-10-01",2
2531,510,125,"Lesli Pitfield",77,"Bigender","Angelinaville","Tasmania",1241,"Tracksuit Bottoms","Trousers","S","green",72,91.0,112.0,3,336.0,"2021-09-29","2021-10-01",2
2532,510,125,"Lesli Pitfield",77,"Bigender","Angelinaville","Tasmania",49,"Dress","Shirt","XL","yellow",75,119.0,104.0,1,104.0,"2021-09-29","2021-10-01",2
2533,510,125,"Lesli Pitfield",77,"Bigender","Angelinaville","Tasmania",893,"Cords","Trousers","L","green",62,113.0,94.0,1,94.0,"2021-09-29","2021-10-01",2
2534,510,125,"Lesli Pitfield",77,"Bigender","Angelinaville","Tasmania",1034,"Relaxed Leg","Trousers","XL","green",64,95.0,90.0,3,270.0,"2021-09-29","2021-10-01",2
2535,510,125,"Lesli Pitfield",77,"Bigender","Angelinaville","Tasmania",1023,"Relaxed Leg","Trousers","L","orange",78,95.0,90.0,2,180.0,"2021-09-29","2021-10-01",2
2536,510,125,"Lesli Pitfield",77,"Bigender","Angelinaville","Tasmania",1158,"High-Waisted","Trousers","L","red",52,98.0,99.0,3,297.0,"2021-09-29","2021-10-01",2
2537,510,125,"Lesli Pitfield",77,"Bigender","Angelinaville","Tasmania",413,"Casual Slim Fit","Shirt","L","indigo",60,113.0,119.0,2,238.0,"2021-09-29","2021-10-01",2
2538,511,282,"Wren Helgass",59,"Female","Port Hannahburgh","Australian Capital Territory",608,"Cardigan","Jacket","L","yellow",50,118.0,112.0,1,112.0,"2021-08-22","2021-09-12",21
2539,511,282,"Wren Helgass",59,"Female","Port Hannahburgh","Australian Capital Territory",1252,"Tracksuit Bottoms","Trousers","M","indigo",59,91.0,112.0,2,224.0,"2021-08-22","2021-09-12",21
2540,511,282,"Wren Helgass",59,"Female","Port Hannahburgh","Australian Capital Territory",147,"Linen","Shirt","M","orange",42,116.0,91.0,2,182.0,"2021-08-22","2021-09-12",21
2541,511,282,"Wren Helgass",59,"Female","Port Hannahburgh","Australian Capital Territory",1220,"Pleated","Trousers","XS","violet",58,90.0,105.0,3,315.0,"2021-08-22","2021-09-12",21
2542,511,282,"Wren Helgass",59,"Female","Port Hannahburgh","Australian Capital Territory",565,"Bomber","Jacket","XS","orange",80,90.0,100.0,2,200.0,"2021-08-22","2021-09-12",21
2543,511,282,"Wren Helgass",59,"Female","Port Hannahburgh","Australian Capital Territory",758,"Peacoat","Jacket","L","blue",64,102.0,109.0,3,327.0,"2021-08-22","2021-09-12",21
2544,511,282,"Wren Helgass",59,"Female","Port Hannahburgh","Australian Capital Territory",1094,"Cropped","Trousers","XL","orange",61,99.0,115.0,2,230.0,"2021-08-22","2021-09-12",21
2545,511,282,"Wren Helgass",59,"Female","Port Hannahburgh","Australian Capital Territory",681,"Parka","Jacket","S","green",62,119.0,113.0,3,339.0,"2021-08-22","2021-09-12",21
2546,512,223,"Saxe Stormonth",51,"Non-binary","Lake Owen","South Australia",818,"Shearling","Jacket","L","yellow",58,95.0,117.0,3,351.0,"2021-10-13","2021-11-05",23
2547,512,223,"Saxe Stormonth",51,"Non-binary","Lake Owen","South Australia",589,"Bomber","Jacket","XL","indigo",50,90.0,100.0,2,200.0,"2021-10-13","2021-11-05",23
2548,513,950,"Eustacia Andreassen",43,"Male","Bergefort","Victoria",843,"Chinos","Trousers","L","red",44,100.0,113.0,2,226.0,"2021-05-24","2021-06-04",11
2549,513,950,"Eustacia Andreassen",43,"Male","Bergefort","Victoria",1054,"Joggers","Trousers","XL","red",58,94.0,93.0,1,93.0,"2021-05-24","2021-06-04",11
2550,514,740,"Meryl Neeson",73,"Non-binary","Port Molly","Tasmania",239,"Chambray","Shirt","XL","indigo",61,105.0,106.0,1,106.0,"2021-07-12","2021-07-22",10
2551,514,740,"Meryl Neeson",73,"Non-binary","Port Molly","Tasmania",816,"Shearling","Jacket","S","yellow",48,95.0,117.0,1,117.0,"2021-07-12","2021-07-22",10
2552,514,740,"Meryl Neeson",73,"Non-binary","Port Molly","Tasmania",210,"Chambray","Shirt","XS","red",48,105.0,106.0,2,212.0,"2021-07-12","2021-07-22",10
2553,515,23,"Alair Grimwad",32,"Female","North Mia","Tasmania",576,"Bomber","Jacket","S","green",54,90.0,100.0,1,100.0,"2021-05-23","2021-06-13",21
2554,515,23,"Alair Grimwad",32,"Female","North Mia","Tasmania",1007,"Wool","Trousers","M","indigo",56,111.0,106.0,3,318.0,"2021-05-23","2021-06-13",21
2555,515,23,"Alair Grimwad",32,"Female","North Mia","Tasmania",817,"Shearling","Jacket","M","yellow",60,95.0,117.0,1,117.0,"2021-05-23","2021-06-13",21
2556,515,23,"Alair Grimwad",32,"Female","North Mia","Tasmania",1057,"Joggers","Trousers","M","orange",52,94.0,93.0,2,186.0,"2021-05-23","2021-06-13",21
2557,515,23,"Alair Grimwad",32,"Female","North Mia","Tasmania",346,"Mandarin Collar","Shirt","S","violet",73,108.0,109.0,1,109.0,"2021-05-23","2021-06-13",21
2558,515,23,"Alair Grimwad",32,"Female","North Mia","Tasmania",1181,"High-Waisted","Trousers","S","indigo",79,98.0,99.0,1,99.0,"2021-05-23","2021-06-13",21
2559,515,23,"Alair Grimwad",32,"Female","North Mia","Tasmania",860,"Chinos","Trousers","XS","blue",69,100.0,113.0,3,339.0,"2021-05-23","2021-06-13",21
2560,516,506,"Eddie Elcott",37,"Agender","South Hugoberg","Australian Capital Territory",1093,"Cropped","Trousers","L","orange",79,99.0,115.0,2,230.0,"2021-05-21","2021-05-26",5
2561,516,506,"Eddie Elcott",37,"Agender","South Hugoberg","Australian Capital Territory",1092,"Cropped","Trousers","M","orange",56,99.0,115.0,2,230.0,"2021-05-21","2021-05-26",5
2562,516,506,"Eddie Elcott",37,"Agender","South Hugoberg","Australian Capital Territory",399,"Casual Slim Fit","Shirt","XL","yellow",78,113.0,119.0,1,119.0,"2021-05-21","2021-05-26",5
2563,516,506,"Eddie Elcott",37,"Agender","South Hugoberg","Australian Capital Territory",1121,"Cargo Pants","Trousers","S","red",63,106.0,102.0,3,306.0,"2021-05-21","2021-05-26",5
2564,517,797,"Rachelle Jelf",32,"Female","Marcusshire","Queensland",182,"Camp Collared","Shirt","M","orange",65,112.0,98.0,2,196.0,"2021-06-23","2021-06-30",7
2565,517,797,"Rachelle Jelf",32,"Female","Marcusshire","Queensland",1033,"Relaxed Leg","Trousers","L","green",62,95.0,90.0,3,270.0,"2021-06-23","2021-06-30",7
2566,517,797,"Rachelle Jelf",32,"Female","Marcusshire","Queensland",269,"Polo","Shirt","XL","blue",70,117.0,95.0,3,285.0,"2021-06-23","2021-06-30",7
2567,517,797,"Rachelle Jelf",32,"Female","Marcusshire","Queensland",884,"Cords","Trousers","XL","orange",72,113.0,94.0,3,282.0,"2021-06-23","2021-06-30",7
2568,517,797,"Rachelle Jelf",32,"Female","Marcusshire","Queensland",465,"Puffer","Jacket","XS","yellow",55,110.0,118.0,3,354.0,"2021-06-23","2021-06-30",7
2569,517,797,"Rachelle Jelf",32,"Female","Marcusshire","Queensland",990,"Wool","Trousers","XS","yellow",67,111.0,106.0,3,318.0,"2021-06-23","2021-06-30",7
2570,517,797,"Rachelle Jelf",32,"Female","Marcusshire","Queensland",1149,"Cargo Pants","Trousers","XL","indigo",64,106.0,102.0,3,306.0,"2021-06-23","2021-06-30",7
2571,517,797,"Rachelle Jelf",32,"Female","Marcusshire","Queensland",775,"Pullover","Jacket","XS","orange",79,114.0,91.0,2,182.0,"2021-06-23","2021-06-30",7
2572,517,797,"Rachelle Jelf",32,"Female","Marcusshire","Queensland",1209,"Pleated","Trousers","XL","green",55,90.0,105.0,1,105.0,"2021-06-23","2021-06-30",7
2573,518,196,"Erroll Michelle",25,"Genderqueer","New Ava","South Australia",199,"Camp Collared","Shirt","XL","blue",51,112.0,98.0,2,196.0,"2021-06-03","2021-06-18",15
2574,518,196,"Erroll Michelle",25,"Genderqueer","New Ava","South Australia",781,"Pullover","Jacket","S","yellow",42,114.0,91.0,2,182.0,"2021-06-03","2021-06-18",15
2575,518,196,"Erroll Michelle",25,"Genderqueer","New Ava","South Australia",816,"Shearling","Jacket","S","yellow",48,95.0,117.0,1,117.0,"2021-06-03","2021-06-18",15
2576,518,196,"Erroll Michelle",25,"Genderqueer","New Ava","South Australia",934,"Drawstring","Trousers","XL","blue",60,104.0,96.0,3,288.0,"2021-06-03","2021-06-18",15
2577,518,196,"Erroll Michelle",25,"Genderqueer","New Ava","South Australia",740,"Peacoat","Jacket","XS","orange",78,102.0,109.0,3,327.0,"2021-06-03","2021-06-18",15
2578,519,244,"Faunie Cooney",38,"Male","Port Chelseaport","Victoria",230,"Chambray","Shirt","XS","blue",76,105.0,106.0,3,318.0,"2021-08-23","2021-09-12",20
2579,519,244,"Faunie Cooney",38,"Male","Port Chelseaport","Victoria",1029,"Relaxed Leg","Trousers","XL","yellow",54,95.0,90.0,2,180.0,"2021-08-23","2021-09-12",20
2580,519,244,"Faunie Cooney",38,"Male","Port Chelseaport","Victoria",156,"Linen","Shirt","S","green",58,116.0,91.0,2,182.0,"2021-08-23","2021-09-12",20
2581,519,244,"Faunie Cooney",38,"Male","Port Chelseaport","Victoria",823,"Shearling","Jacket","L","green",66,95.0,117.0,1,117.0,"2021-08-23","2021-09-12",20
2582,519,244,"Faunie Cooney",38,"Male","Port Chelseaport","Victoria",550,"Leather","Jacket","XS","indigo",78,113.0,98.0,1,98.0,"2021-08-23","2021-09-12",20
2583,519,244,"Faunie Cooney",38,"Male","Port Chelseaport","Victoria",391,"Casual Slim Fit","Shirt","S","orange",54,113.0,119.0,2,238.0,"2021-08-23","2021-09-12",20
2584,519,244,"Faunie Cooney",38,"Male","Port Chelseaport","Victoria",161,"Linen","Shirt","S","blue",77,116.0,91.0,2,182.0,"2021-08-23","2021-09-12",20
2585,519,244,"Faunie Cooney",38,"Male","Port Chelseaport","Victoria",924,"Drawstring","Trousers","XL","yellow",48,104.0,96.0,1,96.0,"2021-08-23","2021-09-12",20
2586,519,244,"Faunie Cooney",38,"Male","Port Chelseaport","Victoria",652,"Coach","Jacket","M","blue",54,115.0,93.0,2,186.0,"2021-08-23","2021-09-12",20
2587,520,679,"Osgood Percifer",76,"Genderqueer","Cameronton","Western Australia",920,"Drawstring","Trousers","XS","yellow",41,104.0,96.0,2,192.0,"2021-02-04","2021-03-01",25
2588,520,679,"Osgood Percifer",76,"Genderqueer","Cameronton","Western Australia",1136,"Cargo Pants","Trousers","S","green",79,106.0,102.0,2,204.0,"2021-02-04","2021-03-01",25
2589,520,679,"Osgood Percifer",76,"Genderqueer","Cameronton","Western Australia",30,"Oxford Cloth","Shirt","XS","violet",74,114.0,96.0,3,288.0,"2021-02-04","2021-03-01",25
2590,520,679,"Osgood Percifer",76,"Genderqueer","Cameronton","Western Australia",465,"Puffer","Jacket","XS","yellow",55,110.0,118.0,2,236.0,"2021-02-04","2021-03-01",25
2591,520,679,"Osgood Percifer",76,"Genderqueer","Cameronton","Western Australia",1091,"Cropped","Trousers","S","orange",78,99.0,115.0,2,230.0,"2021-02-04","2021-03-01",25
2592,520,679,"Osgood Percifer",76,"Genderqueer","Cameronton","Western Australia",975,"Slim-Fit","Trousers","XS","violet",70,119.0,97.0,1,97.0,"2021-02-04","2021-03-01",25
2593,520,679,"Osgood Percifer",76,"Genderqueer","Cameronton","Western Australia",138,"Denim","Shirt","L","violet",78,115.0,92.0,1,92.0,"2021-02-04","2021-03-01",25
2594,520,679,"Osgood Percifer",76,"Genderqueer","Cameronton","Western Australia",954,"Slim-Fit","Trousers","XL","orange",78,119.0,97.0,3,291.0,"2021-02-04","2021-03-01",25
2595,520,679,"Osgood Percifer",76,"Genderqueer","Cameronton","Western Australia",1052,"Joggers","Trousers","M","red",43,94.0,93.0,2,186.0,"2021-02-04","2021-03-01",25
2596,520,679,"Osgood Percifer",76,"Genderqueer","Cameronton","Western Australia",204,"Camp Collared","Shirt","XL","indigo",42,112.0,98.0,1,98.0,"2021-02-04","2021-03-01",25
2597,521,382,"Emanuele Deesly",24,"Genderfluid","Rodriguezbury","Victoria",405,"Casual Slim Fit","Shirt","XS","blue",55,113.0,119.0,1,119.0,"2021-03-17","2021-03-31",14
2598,521,382,"Emanuele Deesly",24,"Genderfluid","Rodriguezbury","Victoria",491,"Windbreaker","Jacket","S","red",54,109.0,102.0,3,306.0,"2021-03-17","2021-03-31",14
2599,521,382,"Emanuele Deesly",24,"Genderfluid","Rodriguezbury","Victoria",382,"Henley","Shirt","M","violet",44,92.0,94.0,3,282.0,"2021-03-17","2021-03-31",14
2600,521,382,"Emanuele Deesly",24,"Genderfluid","Rodriguezbury","Victoria",625,"Cardigan","Jacket","XS","violet",40,118.0,112.0,1,112.0,"2021-03-17","2021-03-31",14
2601,521,382,"Emanuele Deesly",24,"Genderfluid","Rodriguezbury","Victoria",722,"Trench Coat","Jacket","M","blue",46,112.0,119.0,3,357.0,"2021-03-17","2021-03-31",14
2602,521,382,"Emanuele Deesly",24,"Genderfluid","Rodriguezbury","Victoria",135,"Denim","Shirt","XS","violet",73,115.0,92.0,1,92.0,"2021-03-17","2021-03-31",14
2603,521,382,"Emanuele Deesly",24,"Genderfluid","Rodriguezbury","Victoria",476,"Puffer","Jacket","S","blue",76,110.0,118.0,3,354.0,"2021-03-17","2021-03-31",14
2604,521,382,"Emanuele Deesly",24,"Genderfluid","Rodriguezbury","Victoria",174,"Linen","Shirt","XL","violet",73,116.0,91.0,1,91.0,"2021-03-17","2021-03-31",14
2605,522,761,"Jan Gligori",52,"Non-binary","West Aidanton","Victoria",433,"Denim","Jacket","L","yellow",44,92.0,107.0,3,321.0,"2021-03-19","2021-04-05",17
2606,522,761,"Jan Gligori",52,"Non-binary","West Aidanton","Victoria",924,"Drawstring","Trousers","XL","yellow",48,104.0,96.0,2,192.0,"2021-03-19","2021-04-05",17
2607,522,761,"Jan Gligori",52,"Non-binary","West Aidanton","Victoria",713,"Trench Coat","Jacket","L","yellow",77,112.0,119.0,2,238.0,"2021-03-19","2021-04-05",17
2608,523,516,"Malcolm Paal",69,"Polygender","South Tylermouth","Northern Territory",1068,"Joggers","Trousers","L","green",43,94.0,93.0,3,279.0,"2021-04-25","2021-05-18",23
2609,523,516,"Malcolm Paal",69,"Polygender","South Tylermouth","Northern Territory",354,"Henley","Shirt","XL","red",59,92.0,94.0,1,94.0,"2021-04-25","2021-05-18",23
2610,523,516,"Malcolm Paal",69,"Polygender","South Tylermouth","Northern Territory",727,"Trench Coat","Jacket","M","indigo",42,112.0,119.0,3,357.0,"2021-04-25","2021-05-18",23
2611,523,516,"Malcolm Paal",69,"Polygender","South Tylermouth","Northern Territory",727,"Trench Coat","Jacket","M","indigo",42,112.0,119.0,2,238.0,"2021-04-25","2021-05-18",23
2612,523,516,"Malcolm Paal",69,"Polygender","South Tylermouth","Northern Territory",221,"Chambray","Shirt","S","yellow",40,105.0,106.0,3,318.0,"2021-04-25","2021-05-18",23
2613,523,516,"Malcolm Paal",69,"Polygender","South Tylermouth","Northern Territory",864,"Chinos","Trousers","XL","blue",48,100.0,113.0,3,339.0,"2021-04-25","2021-05-18",23
2614,524,60,"Hyacinth Pepper",20,"Agender","New Callum","Tasmania",794,"Pullover","Jacket","XL","blue",74,114.0,91.0,3,273.0,"2021-07-21","2021-08-01",11
2615,524,60,"Hyacinth Pepper",20,"Agender","New Callum","Tasmania",179,"Camp Collared","Shirt","XL","red",79,112.0,98.0,1,98.0,"2021-07-21","2021-08-01",11
2616,524,60,"Hyacinth Pepper",20,"Agender","New Callum","Tasmania",485,"Puffer","Jacket","XS","violet",74,110.0,118.0,3,354.0,"2021-07-21","2021-08-01",11
2617,525,986,"Theodosia Postins",38,"Polygender","Turcottetown","Australian Capital Territory",1091,"Cropped","Trousers","S","orange",78,99.0,115.0,3,345.0,"2021-09-25","2021-10-20",25
2618,525,986,"Theodosia Postins",38,"Polygender","Turcottetown","Australian Capital Territory",848,"Chinos","Trousers","L","orange",60,100.0,113.0,3,339.0,"2021-09-25","2021-10-20",25
2619,525,986,"Theodosia Postins",38,"Polygender","Turcottetown","Australian Capital Territory",1192,"Pleated","Trousers","M","red",40,90.0,105.0,3,315.0,"2021-09-25","2021-10-20",25
2620,525,986,"Theodosia Postins",38,"Polygender","Turcottetown","Australian Capital Territory",45,"Dress","Shirt","XS","yellow",69,119.0,104.0,2,208.0,"2021-09-25","2021-10-20",25
2621,525,986,"Theodosia Postins",38,"Polygender","Turcottetown","Australian Capital Territory",727,"Trench Coat","Jacket","M","indigo",42,112.0,119.0,3,357.0,"2021-09-25","2021-10-20",25
2622,525,986,"Theodosia Postins",38,"Polygender","Turcottetown","Australian Capital Territory",361,"Henley","Shirt","S","yellow",70,92.0,94.0,2,188.0,"2021-09-25","2021-10-20",25
2623,526,55,"Giles Kyne",45,"Polygender","Lake Phoenixside","South Australia",1112,"Cropped","Trousers","M","indigo",73,99.0,115.0,1,115.0,"2021-05-16","2021-05-22",6
2624,526,55,"Giles Kyne",45,"Polygender","Lake Phoenixside","South Australia",879,"Cords","Trousers","XL","red",80,113.0,94.0,2,188.0,"2021-05-16","2021-05-22",6
2625,526,55,"Giles Kyne",45,"Polygender","Lake Phoenixside","South Australia",251,"Polo","Shirt","S","orange",78,117.0,95.0,3,285.0,"2021-05-16","2021-05-22",6
2626,526,55,"Giles Kyne",45,"Polygender","Lake Phoenixside","South Australia",1122,"Cargo Pants","Trousers","M","red",52,106.0,102.0,3,306.0,"2021-05-16","2021-05-22",6
2627,526,55,"Giles Kyne",45,"Polygender","Lake Phoenixside","South Australia",343,"Mandarin Collar","Shirt","L","indigo",53,108.0,109.0,2,218.0,"2021-05-16","2021-05-22",6
2628,526,55,"Giles Kyne",45,"Polygender","Lake Phoenixside","South Australia",1030,"Relaxed Leg","Trousers","XS","green",80,95.0,90.0,3,270.0,"2021-05-16","2021-05-22",6
2629,527,79,"Persis Spiteri",46,"Genderfluid","Sofiaberg","Australian Capital Territory",350,"Henley","Shirt","XS","red",62,92.0,94.0,3,282.0,"2021-09-13","2021-10-09",26
2630,527,79,"Persis Spiteri",46,"Genderfluid","Sofiaberg","Australian Capital Territory",594,"Bomber","Jacket","XL","violet",53,90.0,100.0,1,100.0,"2021-09-13","2021-10-09",26
2631,527,79,"Persis Spiteri",46,"Genderfluid","Sofiaberg","Australian Capital Territory",415,"Casual Slim Fit","Shirt","XS","violet",55,113.0,119.0,2,238.0,"2021-09-13","2021-10-09",26
2632,527,79,"Persis Spiteri",46,"Genderfluid","Sofiaberg","Australian Capital Territory",114,"Denim","Shirt","XL","orange",67,115.0,92.0,1,92.0,"2021-09-13","2021-10-09",26
2633,527,79,"Persis Spiteri",46,"Genderfluid","Sofiaberg","Australian Capital Territory",519,"Windbreaker","Jacket","XL","indigo",60,109.0,102.0,2,204.0,"2021-09-13","2021-10-09",26
2634,527,79,"Persis Spiteri",46,"Genderfluid","Sofiaberg","Australian Capital Territory",440,"Denim","Jacket","XS","blue",49,92.0,107.0,3,321.0,"2021-09-13","2021-10-09",26
2635,527,79,"Persis Spiteri",46,"Genderfluid","Sofiaberg","Australian Capital Territory",788,"Pullover","Jacket","L","green",72,114.0,91.0,1,91.0,"2021-09-13","2021-10-09",26
2636,527,79,"Persis Spiteri",46,"Genderfluid","Sofiaberg","Australian Capital Territory",156,"Linen","Shirt","S","green",58,116.0,91.0,1,91.0,"2021-09-13","2021-10-09",26
2637,528,343,"Violet Alwen",47,"Non-binary","Lake Charli","Northern Territory",297,"Cuban Collar","Shirt","M","green",45,93.0,105.0,2,210.0,"2021-09-16","2021-10-07",21
2638,528,343,"Violet Alwen",47,"Non-binary","Lake Charli","Northern Territory",366,"Henley","Shirt","S","green",68,92.0,94.0,2,188.0,"2021-09-16","2021-10-07",21
2639,528,343,"Violet Alwen",47,"Non-binary","Lake Charli","Northern Territory",895,"Cords","Trousers","XS","blue",60,113.0,94.0,1,94.0,"2021-09-16","2021-10-07",21
2640,528,343,"Violet Alwen",47,"Non-binary","Lake Charli","Northern Territory",472,"Puffer","Jacket","M","green",72,110.0,118.0,3,354.0,"2021-09-16","2021-10-07",21
2641,528,343,"Violet Alwen",47,"Non-binary","Lake Charli","Northern Territory",1089,"Cropped","Trousers","XL","red",78,99.0,115.0,1,115.0,"2021-09-16","2021-10-07",21
2642,528,343,"Violet Alwen",47,"Non-binary","Lake Charli","Northern Territory",1168,"High-Waisted","Trousers","L","yellow",77,98.0,99.0,2,198.0,"2021-09-16","2021-10-07",21
2643,529,767,"Waylin Gasson",37,"Genderqueer","West Kai","South Australia",291,"Cuban Collar","Shirt","S","yellow",41,93.0,105.0,2,210.0,"2021-01-10","2021-01-19",9
2644,529,767,"Waylin Gasson",37,"Genderqueer","West Kai","South Australia",937,"Drawstring","Trousers","M","indigo",58,104.0,96.0,3,288.0,"2021-01-10","2021-01-19",9
2645,529,767,"Waylin Gasson",37,"Genderqueer","West Kai","South Australia",1194,"Pleated","Trousers","XL","red",58,90.0,105.0,2,210.0,"2021-01-10","2021-01-19",9
2646,530,467,"Cacilie Forrestill",53,"Bigender","O'reillychester","South Australia",1073,"Joggers","Trousers","L","blue",75,94.0,93.0,3,279.0,"2021-01-07","2021-01-23",16
2647,530,467,"Cacilie Forrestill",53,"Bigender","O'reillychester","South Australia",274,"Polo","Shirt","XL","indigo",56,117.0,95.0,2,190.0,"2021-01-07","2021-01-23",16
2648,530,467,"Cacilie Forrestill",53,"Bigender","O'reillychester","South Australia",757,"Peacoat","Jacket","M","blue",71,102.0,109.0,3,327.0,"2021-01-07","2021-01-23",16
2649,530,467,"Cacilie Forrestill",53,"Bigender","O'reillychester","South Australia",277,"Polo","Shirt","M","violet",77,117.0,95.0,2,190.0,"2021-01-07","2021-01-23",16
2650,530,467,"Cacilie Forrestill",53,"Bigender","O'reillychester","South Australia",718,"Trench Coat","Jacket","L","green",73,112.0,119.0,1,119.0,"2021-01-07","2021-01-23",16
2651,530,467,"Cacilie Forrestill",53,"Bigender","O'reillychester","South Australia",1124,"Cargo Pants","Trousers","XL","red",45,106.0,102.0,3,306.0,"2021-01-07","2021-01-23",16
2652,530,467,"Cacilie Forrestill",53,"Bigender","O'reillychester","South Australia",657,"Coach","Jacket","M","indigo",64,115.0,93.0,1,93.0,"2021-01-07","2021-01-23",16
2653,530,467,"Cacilie Forrestill",53,"Bigender","O'reillychester","South Australia",703,"Trench Coat","Jacket","L","red",70,112.0,119.0,2,238.0,"2021-01-07","2021-01-23",16
2654,530,467,"Cacilie Forrestill",53,"Bigender","O'reillychester","South Australia",458,"Puffer","Jacket","L","red",44,110.0,118.0,2,236.0,"2021-01-07","2021-01-23",16
2655,530,467,"Cacilie Forrestill",53,"Bigender","O'reillychester","South Australia",719,"Trench Coat","Jacket","XL","green",53,112.0,119.0,3,357.0,"2021-01-07","2021-01-23",16
2656,530,467,"Cacilie Forrestill",53,"Bigender","O'reillychester","South Australia",1097,"Cropped","Trousers","M","yellow",41,99.0,115.0,1,115.0,"2021-01-07","2021-01-23",16
2657,531,742,"Selestina Dauber",44,"Polygender","Port Aliview","Western Australia",611,"Cardigan","Jacket","S","green",62,118.0,112.0,2,224.0,"2021-01-14","2021-02-08",25
2658,531,742,"Selestina Dauber",44,"Polygender","Port Aliview","Western Australia",829,"Shearling","Jacket","XL","blue",79,95.0,117.0,2,234.0,"2021-01-14","2021-02-08",25
2659,531,742,"Selestina Dauber",44,"Polygender","Port Aliview","Western Australia",466,"Puffer","Jacket","S","yellow",48,110.0,118.0,2,236.0,"2021-01-14","2021-02-08",25
2660,531,742,"Selestina Dauber",44,"Polygender","Port Aliview","Western Australia",1155,"High-Waisted","Trousers","XS","red",74,98.0,99.0,3,297.0,"2021-01-14","2021-02-08",25
2661,532,523,"Grissel Harteley",22,"Bigender","North Jasperville","Northern Territory",343,"Mandarin Collar","Shirt","L","indigo",53,108.0,109.0,1,109.0,"2021-09-08","2021-09-20",12
2662,532,523,"Grissel Harteley",22,"Bigender","North Jasperville","Northern Territory",980,"Wool","Trousers","XS","red",44,111.0,106.0,2,212.0,"2021-09-08","2021-09-20",12
2663,532,523,"Grissel Harteley",22,"Bigender","North Jasperville","Northern Territory",1255,"Tracksuit Bottoms","Trousers","XS","violet",67,91.0,112.0,1,112.0,"2021-09-08","2021-09-20",12
2664,532,523,"Grissel Harteley",22,"Bigender","North Jasperville","Northern Territory",60,"Dress","Shirt","XS","indigo",56,119.0,104.0,2,208.0,"2021-09-08","2021-09-20",12
2665,533,558,"Lizette Lindro",38,"Genderqueer","Violetfort","South Australia",1199,"Pleated","Trousers","XL","orange",69,90.0,105.0,2,210.0,"2021-06-04","2021-06-09",5
2666,533,558,"Lizette Lindro",38,"Genderqueer","Violetfort","South Australia",344,"Mandarin Collar","Shirt","XL","indigo",77,108.0,109.0,3,327.0,"2021-06-04","2021-06-09",5
2667,533,558,"Lizette Lindro",38,"Genderqueer","Violetfort","South Australia",618,"Cardigan","Jacket","L","blue",68,118.0,112.0,1,112.0,"2021-06-04","2021-06-09",5
2668,534,49,"Shanna Pietrzyk",56,"Female","Port Alyssa","Queensland",276,"Polo","Shirt","S","violet",43,117.0,95.0,3,285.0,"2021-09-23","2021-09-26",3
2669,535,585,"Alicea Momford",23,"Non-binary","West Bella","South Australia",928,"Drawstring","Trousers","L","green",43,104.0,96.0,3,288.0,"2021-01-25","2021-02-07",13
2670,535,585,"Alicea Momford",23,"Non-binary","West Bella","South Australia",707,"Trench Coat","Jacket","M","orange",43,112.0,119.0,3,357.0,"2021-01-25","2021-02-07",13
2671,535,585,"Alicea Momford",23,"Non-binary","West Bella","South Australia",58,"Dress","Shirt","L","blue",61,119.0,104.0,1,104.0,"2021-01-25","2021-02-07",13
2672,535,585,"Alicea Momford",23,"Non-binary","West Bella","South Australia",946,"Slim-Fit","Trousers","S","red",71,119.0,97.0,2,194.0,"2021-01-25","2021-02-07",13
2673,535,585,"Alicea Momford",23,"Non-binary","West Bella","South Australia",1224,"Pleated","Trousers","XL","violet",65,90.0,105.0,2,210.0,"2021-01-25","2021-02-07",13
2674,535,585,"Alicea Momford",23,"Non-binary","West Bella","South Australia",164,"Linen","Shirt","XL","blue",47,116.0,91.0,1,91.0,"2021-01-25","2021-02-07",13
0,536,927,"Joby Law",61,"Male","Ryanfurt","Victoria",0,"","","","",0,0.0,0.0,0,0.0,"2021-02-05","2021-02-21",16
2675,537,203,"Angil Crunden",30,"Non-binary","Lake Elijah","Australian Capital Territory",1022,"Relaxed Leg","Trousers","M","orange",74,95.0,90.0,3,270.0,"2021-02-14","2021-03-13",27
2676,537,203,"Angil Crunden",30,"Non-binary","Lake Elijah","Australian Capital Territory",1248,"Tracksuit Bottoms","Trousers","L","blue",72,91.0,112.0,3,336.0,"2021-02-14","2021-03-13",27
2677,537,203,"Angil Crunden",30,"Non-binary","Lake Elijah","Australian Capital Territory",1232,"Tracksuit Bottoms","Trousers","M","orange",47,91.0,112.0,3,336.0,"2021-02-14","2021-03-13",27
2678,538,754,"Ninnetta Lammin",74,"Bigender","Lake Jesse","New South Wales",279,"Polo","Shirt","XL","violet",79,117.0,95.0,1,95.0,"2021-01-04","2021-01-26",22
2679,538,754,"Ninnetta Lammin",74,"Bigender","Lake Jesse","New South Wales",494,"Windbreaker","Jacket","XL","red",48,109.0,102.0,1,102.0,"2021-01-04","2021-01-26",22
2680,538,754,"Ninnetta Lammin",74,"Bigender","Lake Jesse","New South Wales",351,"Henley","Shirt","S","red",60,92.0,94.0,3,282.0,"2021-01-04","2021-01-26",22
2681,538,754,"Ninnetta Lammin",74,"Bigender","Lake Jesse","New South Wales",74,"Flannel","Shirt","XL","red",72,96.0,118.0,2,236.0,"2021-01-04","2021-01-26",22
2682,538,754,"Ninnetta Lammin",74,"Bigender","Lake Jesse","New South Wales",33,"Oxford Cloth","Shirt","L","violet",73,114.0,96.0,1,96.0,"2021-01-04","2021-01-26",22
2683,538,754,"Ninnetta Lammin",74,"Bigender","Lake Jesse","New South Wales",1023,"Relaxed Leg","Trousers","L","orange",78,95.0,90.0,1,90.0,"2021-01-04","2021-01-26",22
2684,538,754,"Ninnetta Lammin",74,"Bigender","Lake Jesse","New South Wales",213,"Chambray","Shirt","L","red",44,105.0,106.0,1,106.0,"2021-01-04","2021-01-26",22
2685,538,754,"Ninnetta Lammin",74,"Bigender","Lake Jesse","New South Wales",810,"Shearling","Jacket","XS","orange",54,95.0,117.0,2,234.0,"2021-01-04","2021-01-26",22
2686,539,609,"Vin Rubenovic",61,"Polygender","New Emilyton","Northern Territory",1229,"Tracksuit Bottoms","Trousers","XL","red",45,91.0,112.0,2,224.0,"2021-01-03","2021-01-25",22
2687,539,609,"Vin Rubenovic",61,"Polygender","New Emilyton","Northern Territory",437,"Denim","Jacket","M","green",79,92.0,107.0,1,107.0,"2021-01-03","2021-01-25",22
2688,539,609,"Vin Rubenovic",61,"Polygender","New Emilyton","Northern Territory",613,"Cardigan","Jacket","L","green",63,118.0,112.0,3,336.0,"2021-01-03","2021-01-25",22
2689,539,609,"Vin Rubenovic",61,"Polygender","New Emilyton","Northern Territory",524,"Windbreaker","Jacket","XL","violet",54,109.0,102.0,3,306.0,"2021-01-03","2021-01-25",22
2690,539,609,"Vin Rubenovic",61,"Polygender","New Emilyton","Northern Territory",1098,"Cropped","Trousers","L","yellow",60,99.0,115.0,3,345.0,"2021-01-03","2021-01-25",22
2691,540,772,"Marlee Edser",71,"Genderqueer","Oscarberg","South Australia",81,"Flannel","Shirt","S","yellow",42,96.0,118.0,2,236.0,"2021-03-21","2021-03-30",9
2692,540,772,"Marlee Edser",71,"Genderqueer","Oscarberg","South Australia",406,"Casual Slim Fit","Shirt","S","blue",75,113.0,119.0,2,238.0,"2021-03-21","2021-03-30",9
2693,540,772,"Marlee Edser",71,"Genderqueer","Oscarberg","South Australia",751,"Peacoat","Jacket","S","green",41,102.0,109.0,2,218.0,"2021-03-21","2021-03-30",9
2694,540,772,"Marlee Edser",71,"Genderqueer","Oscarberg","South Australia",554,"Leather","Jacket","XL","indigo",52,113.0,98.0,1,98.0,"2021-03-21","2021-03-30",9
2695,540,772,"Marlee Edser",71,"Genderqueer","Oscarberg","South Australia",786,"Pullover","Jacket","S","green",69,114.0,91.0,2,182.0,"2021-03-21","2021-03-30",9
2696,540,772,"Marlee Edser",71,"Genderqueer","Oscarberg","South Australia",631,"Coach","Jacket","S","red",76,115.0,93.0,3,279.0,"2021-03-21","2021-03-30",9
2697,541,490,"Bank Sargeaunt",57,"Male","Mollyland","New South Wales",487,"Puffer","Jacket","M","violet",43,110.0,118.0,3,354.0,"2021-08-20","2021-08-22",2
2698,541,490,"Bank Sargeaunt",57,"Male","Mollyland","New South Wales",385,"Casual Slim Fit","Shirt","XS","red",49,113.0,119.0,1,119.0,"2021-08-20","2021-08-22",2
2699,541,490,"Bank Sargeaunt",57,"Male","Mollyland","New South Wales",1126,"Cargo Pants","Trousers","S","orange",60,106.0,102.0,2,204.0,"2021-08-20","2021-08-22",2
2700,541,490,"Bank Sargeaunt",57,"Male","Mollyland","New South Wales",857,"Chinos","Trousers","M","green",49,100.0,113.0,1,113.0,"2021-08-20","2021-08-22",2
2701,542,282,"Wren Helgass",59,"Female","Port Hannahburgh","Australian Capital Territory",507,"Windbreaker","Jacket","M","green",63,109.0,102.0,3,306.0,"2021-02-10","2021-02-14",4
2702,542,282,"Wren Helgass",59,"Female","Port Hannahburgh","Australian Capital Territory",969,"Slim-Fit","Trousers","XL","blue",47,119.0,97.0,1,97.0,"2021-02-10","2021-02-14",4
2703,542,282,"Wren Helgass",59,"Female","Port Hannahburgh","Australian Capital Territory",1045,"Relaxed Leg","Trousers","XS","violet",49,95.0,90.0,3,270.0,"2021-02-10","2021-02-14",4
2704,542,282,"Wren Helgass",59,"Female","Port Hannahburgh","Australian Capital Territory",1127,"Cargo Pants","Trousers","M","orange",51,106.0,102.0,2,204.0,"2021-02-10","2021-02-14",4
2705,542,282,"Wren Helgass",59,"Female","Port Hannahburgh","Australian Capital Territory",931,"Drawstring","Trousers","S","blue",48,104.0,96.0,2,192.0,"2021-02-10","2021-02-14",4
2706,542,282,"Wren Helgass",59,"Female","Port Hannahburgh","Australian Capital Territory",821,"Shearling","Jacket","S","green",66,95.0,117.0,3,351.0,"2021-02-10","2021-02-14",4
2707,543,769,"Sigmund Bothen",21,"Male","West Grace","Australian Capital Territory",17,"Oxford Cloth","Shirt","M","green",60,114.0,96.0,1,96.0,"2021-07-28","2021-08-09",12
2708,543,769,"Sigmund Bothen",21,"Male","West Grace","Australian Capital Territory",1092,"Cropped","Trousers","M","orange",56,99.0,115.0,1,115.0,"2021-07-28","2021-08-09",12
2709,543,769,"Sigmund Bothen",21,"Male","West Grace","Australian Capital Territory",1106,"Cropped","Trousers","S","blue",62,99.0,115.0,2,230.0,"2021-07-28","2021-08-09",12
2710,543,769,"Sigmund Bothen",21,"Male","West Grace","Australian Capital Territory",1046,"Relaxed Leg","Trousers","S","violet",75,95.0,90.0,2,180.0,"2021-07-28","2021-08-09",12
2711,543,769,"Sigmund Bothen",21,"Male","West Grace","Australian Capital Territory",1205,"Pleated","Trousers","XS","green",58,90.0,105.0,1,105.0,"2021-07-28","2021-08-09",12
2712,543,769,"Sigmund Bothen",21,"Male","West Grace","Australian Capital Territory",1204,"Pleated","Trousers","XL","yellow",52,90.0,105.0,2,210.0,"2021-07-28","2021-08-09",12
2713,543,769,"Sigmund Bothen",21,"Male","West Grace","Australian Capital Territory",1108,"Cropped","Trousers","L","blue",45,99.0,115.0,2,230.0,"2021-07-28","2021-08-09",12
2714,544,347,"Lyn Bouts",20,"Female","Levihaven","Victoria",337,"Mandarin Collar","Shirt","M","blue",76,108.0,109.0,1,109.0,"2021-03-05","2021-03-14",9
2715,544,347,"Lyn Bouts",20,"Female","Levihaven","Victoria",580,"Bomber","Jacket","XS","blue",44,90.0,100.0,1,100.0,"2021-03-05","2021-03-14",9
2716,544,347,"Lyn Bouts",20,"Female","Levihaven","Victoria",616,"Cardigan","Jacket","S","blue",53,118.0,112.0,3,336.0,"2021-03-05","2021-03-14",9
2717,544,347,"Lyn Bouts",20,"Female","Levihaven","Victoria",1080,"Joggers","Trousers","XS","violet",50,94.0,93.0,3,279.0,"2021-03-05","2021-03-14",9
2718,544,347,"Lyn Bouts",20,"Female","Levihaven","Victoria",75,"Flannel","Shirt","XS","orange",42,96.0,118.0,2,236.0,"2021-03-05","2021-03-14",9
2719,544,347,"Lyn Bouts",20,"Female","Levihaven","Victoria",631,"Coach","Jacket","S","red",76,115.0,93.0,3,279.0,"2021-03-05","2021-03-14",9
2720,544,347,"Lyn Bouts",20,"Female","Levihaven","Victoria",350,"Henley","Shirt","XS","red",62,92.0,94.0,2,188.0,"2021-03-05","2021-03-14",9
2721,545,439,"Daren Airs",75,"Female","West Thomas","Victoria",422,"Denim","Jacket","M","red",43,92.0,107.0,3,321.0,"2021-06-21","2021-07-02",11
2722,545,439,"Daren Airs",75,"Female","West Thomas","Victoria",921,"Drawstring","Trousers","S","yellow",74,104.0,96.0,2,192.0,"2021-06-21","2021-07-02",11
2723,545,439,"Daren Airs",75,"Female","West Thomas","Victoria",419,"Casual Slim Fit","Shirt","XL","violet",57,113.0,119.0,1,119.0,"2021-06-21","2021-07-02",11
2724,545,439,"Daren Airs",75,"Female","West Thomas","Victoria",1242,"Tracksuit Bottoms","Trousers","M","green",47,91.0,112.0,3,336.0,"2021-06-21","2021-07-02",11
2725,545,439,"Daren Airs",75,"Female","West Thomas","Victoria",823,"Shearling","Jacket","L","green",66,95.0,117.0,3,351.0,"2021-06-21","2021-07-02",11
2726,545,439,"Daren Airs",75,"Female","West Thomas","Victoria",600,"Cardigan","Jacket","XS","orange",46,118.0,112.0,1,112.0,"2021-06-21","2021-07-02",11
2727,545,439,"Daren Airs",75,"Female","West Thomas","Victoria",355,"Henley","Shirt","XS","orange",65,92.0,94.0,1,94.0,"2021-06-21","2021-07-02",11
2728,545,439,"Daren Airs",75,"Female","West Thomas","Victoria",586,"Bomber","Jacket","S","indigo",41,90.0,100.0,1,100.0,"2021-06-21","2021-07-02",11
2729,545,439,"Daren Airs",75,"Female","West Thomas","Victoria",1172,"High-Waisted","Trousers","M","green",51,98.0,99.0,2,198.0,"2021-06-21","2021-07-02",11
2730,545,439,"Daren Airs",75,"Female","West Thomas","Victoria",646,"Coach","Jacket","S","green",60,115.0,93.0,2,186.0,"2021-06-21","2021-07-02",11
2731,545,439,"Daren Airs",75,"Female","West Thomas","Victoria",977,"Slim-Fit","Trousers","M","violet",51,119.0,97.0,3,291.0,"2021-06-21","2021-07-02",11
2732,546,664,"Dannie Fidler",32,"Genderfluid","East Max","Tasmania",153,"Linen","Shirt","L","yellow",72,116.0,91.0,2,182.0,"2021-04-29","2021-05-19",20
2733,546,664,"Dannie Fidler",32,"Genderfluid","East Max","Tasmania",352,"Henley","Shirt","M","red",52,92.0,94.0,3,282.0,"2021-04-29","2021-05-19",20
2734,546,664,"Dannie Fidler",32,"Genderfluid","East Max","Tasmania",79,"Flannel","Shirt","XL","orange",50,96.0,118.0,1,118.0,"2021-04-29","2021-05-19",20
2735,546,664,"Dannie Fidler",32,"Genderfluid","East Max","Tasmania",961,"Slim-Fit","Trousers","S","green",70,119.0,97.0,2,194.0,"2021-04-29","2021-05-19",20
2736,546,664,"Dannie Fidler",32,"Genderfluid","East Max","Tasmania",344,"Mandarin Collar","Shirt","XL","indigo",77,108.0,109.0,1,109.0,"2021-04-29","2021-05-19",20
2737,547,163,"Harrietta Burchatt",20,"Genderfluid","Port Elliechester","Australian Capital Territory",498,"Windbreaker","Jacket","L","orange",68,109.0,102.0,3,306.0,"2021-10-19","2021-10-30",11
2738,547,163,"Harrietta Burchatt",20,"Genderfluid","Port Elliechester","Australian Capital Territory",1162,"High-Waisted","Trousers","M","orange",69,98.0,99.0,3,297.0,"2021-10-19","2021-10-30",11
2739,547,163,"Harrietta Burchatt",20,"Genderfluid","Port Elliechester","Australian Capital Territory",1168,"High-Waisted","Trousers","L","yellow",77,98.0,99.0,3,297.0,"2021-10-19","2021-10-30",11
2740,547,163,"Harrietta Burchatt",20,"Genderfluid","Port Elliechester","Australian Capital Territory",941,"Drawstring","Trousers","S","violet",40,104.0,96.0,3,288.0,"2021-10-19","2021-10-30",11
2741,547,163,"Harrietta Burchatt",20,"Genderfluid","Port Elliechester","Australian Capital Territory",384,"Henley","Shirt","XL","violet",77,92.0,94.0,1,94.0,"2021-10-19","2021-10-30",11
2742,547,163,"Harrietta Burchatt",20,"Genderfluid","Port Elliechester","Australian Capital Territory",1245,"Tracksuit Bottoms","Trousers","XS","blue",42,91.0,112.0,3,336.0,"2021-10-19","2021-10-30",11
2743,547,163,"Harrietta Burchatt",20,"Genderfluid","Port Elliechester","Australian Capital Territory",479,"Puffer","Jacket","XL","blue",80,110.0,118.0,2,236.0,"2021-10-19","2021-10-30",11
2744,547,163,"Harrietta Burchatt",20,"Genderfluid","Port Elliechester","Australian Capital Territory",1162,"High-Waisted","Trousers","M","orange",69,98.0,99.0,1,99.0,"2021-10-19","2021-10-30",11
2745,547,163,"Harrietta Burchatt",20,"Genderfluid","Port Elliechester","Australian Capital Territory",48,"Dress","Shirt","L","yellow",56,119.0,104.0,2,208.0,"2021-10-19","2021-10-30",11
2746,548,135,"Mycah Rodie",25,"Genderfluid","Port Abigail","Western Australia",141,"Linen","Shirt","S","red",67,116.0,91.0,3,273.0,"2021-07-17","2021-07-26",9
2747,548,135,"Mycah Rodie",25,"Genderfluid","Port Abigail","Western Australia",831,"Shearling","Jacket","S","indigo",45,95.0,117.0,2,234.0,"2021-07-17","2021-07-26",9
2748,549,401,"Waylen Swallwell",73,"Non-binary","Sarahstad","Western Australia",286,"Cuban Collar","Shirt","S","orange",50,93.0,105.0,3,315.0,"2021-06-02","2021-06-09",7
2749,550,26,"Timothy Compston",50,"Genderqueer","New Oliverside","New South Wales",63,"Dress","Shirt","L","indigo",71,119.0,104.0,3,312.0,"2021-08-04","2021-08-09",5
2750,550,26,"Timothy Compston",50,"Genderqueer","New Oliverside","New South Wales",707,"Trench Coat","Jacket","M","orange",43,112.0,119.0,2,238.0,"2021-08-04","2021-08-09",5
2751,550,26,"Timothy Compston",50,"Genderqueer","New Oliverside","New South Wales",399,"Casual Slim Fit","Shirt","XL","yellow",78,113.0,119.0,1,119.0,"2021-08-04","2021-08-09",5
2752,550,26,"Timothy Compston",50,"Genderqueer","New Oliverside","New South Wales",623,"Cardigan","Jacket","L","indigo",40,118.0,112.0,2,224.0,"2021-08-04","2021-08-09",5
2753,550,26,"Timothy Compston",50,"Genderqueer","New Oliverside","New South Wales",1233,"Tracksuit Bottoms","Trousers","L","orange",73,91.0,112.0,3,336.0,"2021-08-04","2021-08-09",5
2754,550,26,"Timothy Compston",50,"Genderqueer","New Oliverside","New South Wales",97,"Flannel","Shirt","M","indigo",69,96.0,118.0,1,118.0,"2021-08-04","2021-08-09",5
2755,551,330,"Barclay Kinsella",47,"Male","Lincolnbury","Victoria",1091,"Cropped","Trousers","S","orange",78,99.0,115.0,3,345.0,"2021-09-16","2021-09-18",2
2756,552,264,"Vite Durrant",40,"Male","Port Michael","Queensland",610,"Cardigan","Jacket","XS","green",40,118.0,112.0,2,224.0,"2021-01-10","2021-01-17",7
2757,552,264,"Vite Durrant",40,"Male","Port Michael","Queensland",857,"Chinos","Trousers","M","green",49,100.0,113.0,3,339.0,"2021-01-10","2021-01-17",7
2758,552,264,"Vite Durrant",40,"Male","Port Michael","Queensland",898,"Cords","Trousers","L","blue",77,113.0,94.0,2,188.0,"2021-01-10","2021-01-17",7
2759,552,264,"Vite Durrant",40,"Male","Port Michael","Queensland",1138,"Cargo Pants","Trousers","L","green",42,106.0,102.0,2,204.0,"2021-01-10","2021-01-17",7
2760,552,264,"Vite Durrant",40,"Male","Port Michael","Queensland",1114,"Cropped","Trousers","XL","indigo",58,99.0,115.0,3,345.0,"2021-01-10","2021-01-17",7
2761,552,264,"Vite Durrant",40,"Male","Port Michael","Queensland",84,"Flannel","Shirt","XL","yellow",72,96.0,118.0,3,354.0,"2021-01-10","2021-01-17",7
2762,553,49,"Shanna Pietrzyk",56,"Female","Port Alyssa","Queensland",946,"Slim-Fit","Trousers","S","red",71,119.0,97.0,3,291.0,"2021-03-06","2021-03-14",8
2763,553,49,"Shanna Pietrzyk",56,"Female","Port Alyssa","Queensland",658,"Coach","Jacket","L","indigo",74,115.0,93.0,1,93.0,"2021-03-06","2021-03-14",8
2764,553,49,"Shanna Pietrzyk",56,"Female","Port Alyssa","Queensland",1118,"Cropped","Trousers","L","violet",40,99.0,115.0,2,230.0,"2021-03-06","2021-03-14",8
2765,553,49,"Shanna Pietrzyk",56,"Female","Port Alyssa","Queensland",973,"Slim-Fit","Trousers","L","indigo",48,119.0,97.0,1,97.0,"2021-03-06","2021-03-14",8
2766,553,49,"Shanna Pietrzyk",56,"Female","Port Alyssa","Queensland",303,"Cuban Collar","Shirt","L","blue",65,93.0,105.0,1,105.0,"2021-03-06","2021-03-14",8
2767,554,842,"Millicent Stedson",70,"Polygender","Port Kiara","Western Australia",1127,"Cargo Pants","Trousers","M","orange",51,106.0,102.0,3,306.0,"2021-05-07","2021-05-26",19
2768,554,842,"Millicent Stedson",70,"Polygender","Port Kiara","Western Australia",870,"Chinos","Trousers","XS","violet",72,100.0,113.0,2,226.0,"2021-05-07","2021-05-26",19
2769,555,922,"Adena Venn",53,"Polygender","Jordanburgh","Victoria",282,"Cuban Collar","Shirt","M","red",53,93.0,105.0,2,210.0,"2021-09-03","2021-09-09",6
2770,555,922,"Adena Venn",53,"Polygender","Jordanburgh","Victoria",358,"Henley","Shirt","L","orange",77,92.0,94.0,2,188.0,"2021-09-03","2021-09-09",6
2771,555,922,"Adena Venn",53,"Polygender","Jordanburgh","Victoria",575,"Bomber","Jacket","XS","green",48,90.0,100.0,1,100.0,"2021-09-03","2021-09-09",6
2772,555,922,"Adena Venn",53,"Polygender","Jordanburgh","Victoria",526,"Leather","Jacket","S","red",80,113.0,98.0,3,294.0,"2021-09-03","2021-09-09",6
2773,555,922,"Adena Venn",53,"Polygender","Jordanburgh","Victoria",3,"Oxford Cloth","Shirt","L","red",69,114.0,96.0,1,96.0,"2021-09-03","2021-09-09",6
2774,555,922,"Adena Venn",53,"Polygender","Jordanburgh","Victoria",928,"Drawstring","Trousers","L","green",43,104.0,96.0,1,96.0,"2021-09-03","2021-09-09",6
2775,556,566,"Melissa Partkya",23,"Male","O'keefeton","Tasmania",202,"Camp Collared","Shirt","M","indigo",52,112.0,98.0,2,196.0,"2021-07-30","2021-08-01",2
2776,556,566,"Melissa Partkya",23,"Male","O'keefeton","Tasmania",459,"Puffer","Jacket","XL","red",41,110.0,118.0,2,236.0,"2021-07-30","2021-08-01",2
2777,556,566,"Melissa Partkya",23,"Male","O'keefeton","Tasmania",595,"Cardigan","Jacket","XS","red",51,118.0,112.0,2,224.0,"2021-07-30","2021-08-01",2
2778,556,566,"Melissa Partkya",23,"Male","O'keefeton","Tasmania",530,"Leather","Jacket","XS","orange",63,113.0,98.0,2,196.0,"2021-07-30","2021-08-01",2
2779,556,566,"Melissa Partkya",23,"Male","O'keefeton","Tasmania",968,"Slim-Fit","Trousers","L","blue",49,119.0,97.0,3,291.0,"2021-07-30","2021-08-01",2
2780,556,566,"Melissa Partkya",23,"Male","O'keefeton","Tasmania",238,"Chambray","Shirt","L","indigo",79,105.0,106.0,2,212.0,"2021-07-30","2021-08-01",2
2781,557,504,"Marilyn Rontree",56,"Genderqueer","Emilymouth","Northern Territory",850,"Chinos","Trousers","XS","yellow",41,100.0,113.0,3,339.0,"2021-04-19","2021-04-24",5
2782,557,504,"Marilyn Rontree",56,"Genderqueer","Emilymouth","Northern Territory",1003,"Wool","Trousers","L","blue",79,111.0,106.0,3,318.0,"2021-04-19","2021-04-24",5
2783,557,504,"Marilyn Rontree",56,"Genderqueer","Emilymouth","Northern Territory",1070,"Joggers","Trousers","XS","blue",67,94.0,93.0,1,93.0,"2021-04-19","2021-04-24",5
2784,557,504,"Marilyn Rontree",56,"Genderqueer","Emilymouth","Northern Territory",350,"Henley","Shirt","XS","red",62,92.0,94.0,3,282.0,"2021-04-19","2021-04-24",5
2785,557,504,"Marilyn Rontree",56,"Genderqueer","Emilymouth","Northern Territory",66,"Dress","Shirt","S","violet",69,119.0,104.0,3,312.0,"2021-04-19","2021-04-24",5
2786,557,504,"Marilyn Rontree",56,"Genderqueer","Emilymouth","Northern Territory",1211,"Pleated","Trousers","S","blue",60,90.0,105.0,2,210.0,"2021-04-19","2021-04-24",5
2787,558,729,"Gerri McCarle",54,"Female","Cameronport","South Australia",5,"Oxford Cloth","Shirt","XS","orange",45,114.0,96.0,1,96.0,"2021-03-02","2021-03-18",16
2788,558,729,"Gerri McCarle",54,"Female","Cameronport","South Australia",1115,"Cropped","Trousers","XS","violet",65,99.0,115.0,2,230.0,"2021-03-02","2021-03-18",16
2789,558,729,"Gerri McCarle",54,"Female","Cameronport","South Australia",398,"Casual Slim Fit","Shirt","L","yellow",63,113.0,119.0,1,119.0,"2021-03-02","2021-03-18",16
2790,558,729,"Gerri McCarle",54,"Female","Cameronport","South Australia",513,"Windbreaker","Jacket","L","blue",41,109.0,102.0,2,204.0,"2021-03-02","2021-03-18",16
2791,558,729,"Gerri McCarle",54,"Female","Cameronport","South Australia",233,"Chambray","Shirt","L","blue",69,105.0,106.0,3,318.0,"2021-03-02","2021-03-18",16
2792,558,729,"Gerri McCarle",54,"Female","Cameronport","South Australia",222,"Chambray","Shirt","M","yellow",62,105.0,106.0,2,212.0,"2021-03-02","2021-03-18",16
2793,559,611,"Conny Chowne",67,"Female","West Hayleyhaven","New South Wales",305,"Cuban Collar","Shirt","XS","indigo",50,93.0,105.0,2,210.0,"2021-03-03","2021-03-15",12
2794,559,611,"Conny Chowne",67,"Female","West Hayleyhaven","New South Wales",185,"Camp Collared","Shirt","XS","yellow",55,112.0,98.0,3,294.0,"2021-03-03","2021-03-15",12
2795,559,611,"Conny Chowne",67,"Female","West Hayleyhaven","New South Wales",532,"Leather","Jacket","M","orange",80,113.0,98.0,2,196.0,"2021-03-03","2021-03-15",12
2796,559,611,"Conny Chowne",67,"Female","West Hayleyhaven","New South Wales",568,"Bomber","Jacket","L","orange",71,90.0,100.0,1,100.0,"2021-03-03","2021-03-15",12
2797,559,611,"Conny Chowne",67,"Female","West Hayleyhaven","New South Wales",550,"Leather","Jacket","XS","indigo",78,113.0,98.0,2,196.0,"2021-03-03","2021-03-15",12
2798,559,611,"Conny Chowne",67,"Female","West Hayleyhaven","New South Wales",729,"Trench Coat","Jacket","XL","indigo",64,112.0,119.0,3,357.0,"2021-03-03","2021-03-15",12
2799,559,611,"Conny Chowne",67,"Female","West Hayleyhaven","New South Wales",968,"Slim-Fit","Trousers","L","blue",49,119.0,97.0,2,194.0,"2021-03-03","2021-03-15",12
2800,560,11,"Michaeline McIndrew",39,"Agender","Georgeland","Northern Territory",144,"Linen","Shirt","XL","red",47,116.0,91.0,2,182.0,"2021-05-28","2021-06-05",8
2801,560,11,"Michaeline McIndrew",39,"Agender","Georgeland","Northern Territory",590,"Bomber","Jacket","XS","violet",75,90.0,100.0,2,200.0,"2021-05-28","2021-06-05",8
2802,561,764,"Brod Phifer",32,"Polygender","Hettingerfort","Western Australia",1067,"Joggers","Trousers","M","green",54,94.0,93.0,3,279.0,"2021-02-15","2021-03-13",26
2803,561,764,"Brod Phifer",32,"Polygender","Hettingerfort","Western Australia",878,"Cords","Trousers","L","red",53,113.0,94.0,1,94.0,"2021-02-15","2021-03-13",26
2804,561,764,"Brod Phifer",32,"Polygender","Hettingerfort","Western Australia",672,"Parka","Jacket","M","orange",51,119.0,113.0,3,339.0,"2021-02-15","2021-03-13",26
2805,562,632,"Darby Jeffries",55,"Agender","South Anthonyburgh","Northern Territory",336,"Mandarin Collar","Shirt","S","blue",44,108.0,109.0,2,218.0,"2021-09-19","2021-10-03",14
2806,562,632,"Darby Jeffries",55,"Agender","South Anthonyburgh","Northern Territory",1216,"Pleated","Trousers","S","indigo",41,90.0,105.0,2,210.0,"2021-09-19","2021-10-03",14
2807,562,632,"Darby Jeffries",55,"Agender","South Anthonyburgh","Northern Territory",375,"Henley","Shirt","XS","indigo",58,92.0,94.0,3,282.0,"2021-09-19","2021-10-03",14
2808,562,632,"Darby Jeffries",55,"Agender","South Anthonyburgh","Northern Territory",628,"Cardigan","Jacket","L","violet",66,118.0,112.0,3,336.0,"2021-09-19","2021-10-03",14
2809,562,632,"Darby Jeffries",55,"Agender","South Anthonyburgh","Northern Territory",210,"Chambray","Shirt","XS","red",48,105.0,106.0,3,318.0,"2021-09-19","2021-10-03",14
2810,563,611,"Conny Chowne",67,"Female","West Hayleyhaven","New South Wales",798,"Pullover","Jacket","L","indigo",50,114.0,91.0,1,91.0,"2021-07-04","2021-07-16",12
2811,563,611,"Conny Chowne",67,"Female","West Hayleyhaven","New South Wales",1045,"Relaxed Leg","Trousers","XS","violet",49,95.0,90.0,3,270.0,"2021-07-04","2021-07-16",12
2812,563,611,"Conny Chowne",67,"Female","West Hayleyhaven","New South Wales",164,"Linen","Shirt","XL","blue",47,116.0,91.0,3,273.0,"2021-07-04","2021-07-16",12
2813,563,611,"Conny Chowne",67,"Female","West Hayleyhaven","New South Wales",409,"Casual Slim Fit","Shirt","XL","blue",68,113.0,119.0,1,119.0,"2021-07-04","2021-07-16",12
2814,563,611,"Conny Chowne",67,"Female","West Hayleyhaven","New South Wales",1005,"Wool","Trousers","XS","indigo",43,111.0,106.0,2,212.0,"2021-07-04","2021-07-16",12
2815,563,611,"Conny Chowne",67,"Female","West Hayleyhaven","New South Wales",930,"Drawstring","Trousers","XS","blue",45,104.0,96.0,1,96.0,"2021-07-04","2021-07-16",12
2816,563,611,"Conny Chowne",67,"Female","West Hayleyhaven","New South Wales",522,"Windbreaker","Jacket","M","violet",64,109.0,102.0,2,204.0,"2021-07-04","2021-07-16",12
2817,564,583,"Prissie Dumelow",52,"Genderqueer","Leomouth","Northern Territory",991,"Wool","Trousers","S","yellow",69,111.0,106.0,1,106.0,"2021-08-23","2021-09-19",27
2818,564,583,"Prissie Dumelow",52,"Genderqueer","Leomouth","Northern Territory",838,"Shearling","Jacket","L","violet",61,95.0,117.0,3,351.0,"2021-08-23","2021-09-19",27
2819,564,583,"Prissie Dumelow",52,"Genderqueer","Leomouth","Northern Territory",908,"Cords","Trousers","L","violet",74,113.0,94.0,2,188.0,"2021-08-23","2021-09-19",27
2820,565,442,"Hobie Anfusso",26,"Polygender","Port Chloe","New South Wales",1100,"Cropped","Trousers","XS","green",48,99.0,115.0,1,115.0,"2021-02-25","2021-03-15",18
2821,565,442,"Hobie Anfusso",26,"Polygender","Port Chloe","New South Wales",833,"Shearling","Jacket","L","indigo",66,95.0,117.0,1,117.0,"2021-02-25","2021-03-15",18
2822,565,442,"Hobie Anfusso",26,"Polygender","Port Chloe","New South Wales",831,"Shearling","Jacket","S","indigo",45,95.0,117.0,2,234.0,"2021-02-25","2021-03-15",18
2823,565,442,"Hobie Anfusso",26,"Polygender","Port Chloe","New South Wales",1244,"Tracksuit Bottoms","Trousers","XL","green",49,91.0,112.0,1,112.0,"2021-02-25","2021-03-15",18
2824,565,442,"Hobie Anfusso",26,"Polygender","Port Chloe","New South Wales",610,"Cardigan","Jacket","XS","green",40,118.0,112.0,1,112.0,"2021-02-25","2021-03-15",18
2825,566,614,"Sherwynd Batsford",45,"Polygender","Samuelside","New South Wales",44,"Dress","Shirt","XL","orange",78,119.0,104.0,1,104.0,"2021-07-24","2021-08-10",17
2826,566,614,"Sherwynd Batsford",45,"Polygender","Samuelside","New South Wales",160,"Linen","Shirt","XS","blue",53,116.0,91.0,2,182.0,"2021-07-24","2021-08-10",17
2827,566,614,"Sherwynd Batsford",45,"Polygender","Samuelside","New South Wales",4,"Oxford Cloth","Shirt","XL","red",47,114.0,96.0,3,288.0,"2021-07-24","2021-08-10",17
2828,566,614,"Sherwynd Batsford",45,"Polygender","Samuelside","New South Wales",754,"Peacoat","Jacket","XL","green",68,102.0,109.0,2,218.0,"2021-07-24","2021-08-10",17
2829,567,104,"Nanny Franey",73,"Agender","Joelland","Australian Capital Territory",1234,"Tracksuit Bottoms","Trousers","XL","orange",42,91.0,112.0,1,112.0,"2021-06-21","2021-06-23",2
2830,567,104,"Nanny Franey",73,"Agender","Joelland","Australian Capital Territory",556,"Leather","Jacket","S","violet",65,113.0,98.0,1,98.0,"2021-06-21","2021-06-23",2
2831,567,104,"Nanny Franey",73,"Agender","Joelland","Australian Capital Territory",1236,"Tracksuit Bottoms","Trousers","S","yellow",49,91.0,112.0,1,112.0,"2021-06-21","2021-06-23",2
2832,567,104,"Nanny Franey",73,"Agender","Joelland","Australian Capital Territory",827,"Shearling","Jacket","M","blue",73,95.0,117.0,1,117.0,"2021-06-21","2021-06-23",2
2833,567,104,"Nanny Franey",73,"Agender","Joelland","Australian Capital Territory",3,"Oxford Cloth","Shirt","L","red",69,114.0,96.0,2,192.0,"2021-06-21","2021-06-23",2
2834,567,104,"Nanny Franey",73,"Agender","Joelland","Australian Capital Territory",778,"Pullover","Jacket","L","orange",56,114.0,91.0,1,91.0,"2021-06-21","2021-06-23",2
2835,567,104,"Nanny Franey",73,"Agender","Joelland","Australian Capital Territory",953,"Slim-Fit","Trousers","L","orange",66,119.0,97.0,1,97.0,"2021-06-21","2021-06-23",2
2836,568,783,"Gusty Smallacombe",49,"Female","North Avabury","South Australia",824,"Shearling","Jacket","XL","green",51,95.0,117.0,2,234.0,"2021-01-09","2021-01-22",13
2837,568,783,"Gusty Smallacombe",49,"Female","North Avabury","South Australia",989,"Wool","Trousers","XL","orange",56,111.0,106.0,2,212.0,"2021-01-09","2021-01-22",13
2838,568,783,"Gusty Smallacombe",49,"Female","North Avabury","South Australia",366,"Henley","Shirt","S","green",68,92.0,94.0,1,94.0,"2021-01-09","2021-01-22",13
2839,568,783,"Gusty Smallacombe",49,"Female","North Avabury","South Australia",596,"Cardigan","Jacket","S","red",47,118.0,112.0,3,336.0,"2021-01-09","2021-01-22",13
2840,569,757,"Taffy Quimby",31,"Non-binary","East Xavier","New South Wales",194,"Camp Collared","Shirt","XL","green",61,112.0,98.0,3,294.0,"2021-03-16","2021-04-06",21
2841,569,757,"Taffy Quimby",31,"Non-binary","East Xavier","New South Wales",688,"Parka","Jacket","L","blue",61,119.0,113.0,3,339.0,"2021-03-16","2021-04-06",21
2842,569,757,"Taffy Quimby",31,"Non-binary","East Xavier","New South Wales",548,"Leather","Jacket","L","blue",62,113.0,98.0,1,98.0,"2021-03-16","2021-04-06",21
2843,569,757,"Taffy Quimby",31,"Non-binary","East Xavier","New South Wales",1240,"Tracksuit Bottoms","Trousers","XS","green",69,91.0,112.0,2,224.0,"2021-03-16","2021-04-06",21
2844,570,81,"Lanny Wardale",30,"Female","Spencerborough","Western Australia",451,"Denim","Jacket","S","violet",73,92.0,107.0,1,107.0,"2021-03-09","2021-03-14",5
2845,570,81,"Lanny Wardale",30,"Female","Spencerborough","Western Australia",111,"Denim","Shirt","S","orange",69,115.0,92.0,2,184.0,"2021-03-09","2021-03-14",5
2846,570,81,"Lanny Wardale",30,"Female","Spencerborough","Western Australia",125,"Denim","Shirt","XS","blue",76,115.0,92.0,2,184.0,"2021-03-09","2021-03-14",5
2847,570,81,"Lanny Wardale",30,"Female","Spencerborough","Western Australia",554,"Leather","Jacket","XL","indigo",52,113.0,98.0,1,98.0,"2021-03-09","2021-03-14",5
2848,570,81,"Lanny Wardale",30,"Female","Spencerborough","Western Australia",23,"Oxford Cloth","Shirt","L","blue",59,114.0,96.0,3,288.0,"2021-03-09","2021-03-14",5
2849,570,81,"Lanny Wardale",30,"Female","Spencerborough","Western Australia",457,"Puffer","Jacket","M","red",62,110.0,118.0,1,118.0,"2021-03-09","2021-03-14",5
2850,570,81,"Lanny Wardale",30,"Female","Spencerborough","Western Australia",1236,"Tracksuit Bottoms","Trousers","S","yellow",49,91.0,112.0,3,336.0,"2021-03-09","2021-03-14",5
2851,570,81,"Lanny Wardale",30,"Female","Spencerborough","Western Australia",797,"Pullover","Jacket","M","indigo",72,114.0,91.0,3,273.0,"2021-03-09","2021-03-14",5
2852,571,472,"Hal Saker",57,"Male","Parisianmouth","Queensland",509,"Windbreaker","Jacket","XL","green",71,109.0,102.0,3,306.0,"2021-02-02","2021-02-10",8
2853,571,472,"Hal Saker",57,"Male","Parisianmouth","Queensland",1082,"Joggers","Trousers","M","violet",72,94.0,93.0,2,186.0,"2021-02-02","2021-02-10",8
2854,571,472,"Hal Saker",57,"Male","Parisianmouth","Queensland",845,"Chinos","Trousers","XS","orange",53,100.0,113.0,2,226.0,"2021-02-02","2021-02-10",8
2855,571,472,"Hal Saker",57,"Male","Parisianmouth","Queensland",299,"Cuban Collar","Shirt","XL","green",60,93.0,105.0,3,315.0,"2021-02-02","2021-02-10",8
2856,571,472,"Hal Saker",57,"Male","Parisianmouth","Queensland",417,"Casual Slim Fit","Shirt","M","violet",46,113.0,119.0,3,357.0,"2021-02-02","2021-02-10",8
2857,571,472,"Hal Saker",57,"Male","Parisianmouth","Queensland",633,"Coach","Jacket","L","red",80,115.0,93.0,1,93.0,"2021-02-02","2021-02-10",8
2858,572,479,"Dunc Swynley",20,"Genderqueer","Mullerberg","Western Australia",240,"Chambray","Shirt","XS","violet",47,105.0,106.0,2,212.0,"2021-01-01","2021-01-06",5
2859,572,479,"Dunc Swynley",20,"Genderqueer","Mullerberg","Western Australia",906,"Cords","Trousers","S","violet",65,113.0,94.0,2,188.0,"2021-01-01","2021-01-06",5
2860,572,479,"Dunc Swynley",20,"Genderqueer","Mullerberg","Western Australia",316,"Mandarin Collar","Shirt","S","red",48,108.0,109.0,3,327.0,"2021-01-01","2021-01-06",5
2861,572,479,"Dunc Swynley",20,"Genderqueer","Mullerberg","Western Australia",90,"Flannel","Shirt","XS","blue",62,96.0,118.0,3,354.0,"2021-01-01","2021-01-06",5
2862,573,736,"Delia Mably",55,"Female","Doylebury","Victoria",749,"Peacoat","Jacket","XL","yellow",53,102.0,109.0,2,218.0,"2021-01-02","2021-01-09",7
2863,573,736,"Delia Mably",55,"Female","Doylebury","Victoria",312,"Cuban Collar","Shirt","M","violet",67,93.0,105.0,3,315.0,"2021-01-02","2021-01-09",7
2864,573,736,"Delia Mably",55,"Female","Doylebury","Victoria",138,"Denim","Shirt","L","violet",78,115.0,92.0,1,92.0,"2021-01-02","2021-01-09",7
2865,574,434,"Marci Borrett",20,"Agender","West Amber","Western Australia",1095,"Cropped","Trousers","XS","yellow",41,99.0,115.0,3,345.0,"2021-06-21","2021-07-03",12
2866,574,434,"Marci Borrett",20,"Agender","West Amber","Western Australia",1038,"Relaxed Leg","Trousers","L","blue",61,95.0,90.0,1,90.0,"2021-06-21","2021-07-03",12
2867,574,434,"Marci Borrett",20,"Agender","West Amber","Western Australia",195,"Camp Collared","Shirt","XS","blue",47,112.0,98.0,1,98.0,"2021-06-21","2021-07-03",12
2868,575,54,"Tore Caras",62,"Genderqueer","West Alyssa","Queensland",753,"Peacoat","Jacket","L","green",73,102.0,109.0,1,109.0,"2021-08-14","2021-08-16",2
2869,575,54,"Tore Caras",62,"Genderqueer","West Alyssa","Queensland",793,"Pullover","Jacket","L","blue",66,114.0,91.0,2,182.0,"2021-08-14","2021-08-16",2
2870,575,54,"Tore Caras",62,"Genderqueer","West Alyssa","Queensland",78,"Flannel","Shirt","L","orange",59,96.0,118.0,3,354.0,"2021-08-14","2021-08-16",2
2871,575,54,"Tore Caras",62,"Genderqueer","West Alyssa","Queensland",537,"Leather","Jacket","M","yellow",77,113.0,98.0,2,196.0,"2021-08-14","2021-08-16",2
2872,576,218,"Worthington Knapton",78,"Non-binary","Lake Lucas","Queensland",1073,"Joggers","Trousers","L","blue",75,94.0,93.0,1,93.0,"2021-04-26","2021-05-05",9
2873,576,218,"Worthington Knapton",78,"Non-binary","Lake Lucas","Queensland",605,"Cardigan","Jacket","XS","yellow",46,118.0,112.0,3,336.0,"2021-04-26","2021-05-05",9
2874,576,218,"Worthington Knapton",78,"Non-binary","Lake Lucas","Queensland",968,"Slim-Fit","Trousers","L","blue",49,119.0,97.0,2,194.0,"2021-04-26","2021-05-05",9
2875,576,218,"Worthington Knapton",78,"Non-binary","Lake Lucas","Queensland",748,"Peacoat","Jacket","L","yellow",63,102.0,109.0,3,327.0,"2021-04-26","2021-05-05",9
2876,576,218,"Worthington Knapton",78,"Non-binary","Lake Lucas","Queensland",395,"Casual Slim Fit","Shirt","XS","yellow",63,113.0,119.0,1,119.0,"2021-04-26","2021-05-05",9
2877,577,840,"Ellene Dedam",25,"Agender","Islamouth","Western Australia",778,"Pullover","Jacket","L","orange",56,114.0,91.0,3,273.0,"2021-02-20","2021-03-12",20
2878,577,840,"Ellene Dedam",25,"Agender","Islamouth","Western Australia",1249,"Tracksuit Bottoms","Trousers","XL","blue",68,91.0,112.0,2,224.0,"2021-02-20","2021-03-12",20
2879,577,840,"Ellene Dedam",25,"Agender","Islamouth","Western Australia",372,"Henley","Shirt","M","blue",42,92.0,94.0,2,188.0,"2021-02-20","2021-03-12",20
2880,577,840,"Ellene Dedam",25,"Agender","Islamouth","Western Australia",1056,"Joggers","Trousers","S","orange",43,94.0,93.0,3,279.0,"2021-02-20","2021-03-12",20
2881,577,840,"Ellene Dedam",25,"Agender","Islamouth","Western Australia",1077,"Joggers","Trousers","M","indigo",66,94.0,93.0,3,279.0,"2021-02-20","2021-03-12",20
2882,577,840,"Ellene Dedam",25,"Agender","Islamouth","Western Australia",203,"Camp Collared","Shirt","L","indigo",72,112.0,98.0,3,294.0,"2021-02-20","2021-03-12",20
2883,577,840,"Ellene Dedam",25,"Agender","Islamouth","Western Australia",761,"Peacoat","Jacket","S","indigo",49,102.0,109.0,2,218.0,"2021-02-20","2021-03-12",20
2884,578,926,"Vittorio Rosenstengel",68,"Genderqueer","East Jasper","Northern Territory",478,"Puffer","Jacket","L","blue",48,110.0,118.0,2,236.0,"2021-05-09","2021-05-12",3
2885,578,926,"Vittorio Rosenstengel",68,"Genderqueer","East Jasper","Northern Territory",442,"Denim","Jacket","M","blue",61,92.0,107.0,2,214.0,"2021-05-09","2021-05-12",3
2886,578,926,"Vittorio Rosenstengel",68,"Genderqueer","East Jasper","Northern Territory",987,"Wool","Trousers","M","orange",75,111.0,106.0,1,106.0,"2021-05-09","2021-05-12",3
2887,578,926,"Vittorio Rosenstengel",68,"Genderqueer","East Jasper","Northern Territory",115,"Denim","Shirt","XS","yellow",54,115.0,92.0,2,184.0,"2021-05-09","2021-05-12",3
2888,578,926,"Vittorio Rosenstengel",68,"Genderqueer","East Jasper","Northern Territory",904,"Cords","Trousers","XL","indigo",70,113.0,94.0,1,94.0,"2021-05-09","2021-05-12",3
2889,578,926,"Vittorio Rosenstengel",68,"Genderqueer","East Jasper","Northern Territory",1072,"Joggers","Trousers","M","blue",78,94.0,93.0,2,186.0,"2021-05-09","2021-05-12",3
2890,578,926,"Vittorio Rosenstengel",68,"Genderqueer","East Jasper","Northern Territory",784,"Pullover","Jacket","XL","yellow",67,114.0,91.0,3,273.0,"2021-05-09","2021-05-12",3
2891,578,926,"Vittorio Rosenstengel",68,"Genderqueer","East Jasper","Northern Territory",797,"Pullover","Jacket","M","indigo",72,114.0,91.0,1,91.0,"2021-05-09","2021-05-12",3
2892,578,926,"Vittorio Rosenstengel",68,"Genderqueer","East Jasper","Northern Territory",1127,"Cargo Pants","Trousers","M","orange",51,106.0,102.0,1,102.0,"2021-05-09","2021-05-12",3
2893,578,926,"Vittorio Rosenstengel",68,"Genderqueer","East Jasper","Northern Territory",892,"Cords","Trousers","M","green",76,113.0,94.0,3,282.0,"2021-05-09","2021-05-12",3
2894,579,501,"Archibaldo Taffurelli",73,"Genderqueer","Kiehnchester","Tasmania",222,"Chambray","Shirt","M","yellow",62,105.0,106.0,2,212.0,"2021-03-28","2021-04-20",23
2895,579,501,"Archibaldo Taffurelli",73,"Genderqueer","Kiehnchester","Tasmania",989,"Wool","Trousers","XL","orange",56,111.0,106.0,2,212.0,"2021-03-28","2021-04-20",23
2896,579,501,"Archibaldo Taffurelli",73,"Genderqueer","Kiehnchester","Tasmania",477,"Puffer","Jacket","M","blue",60,110.0,118.0,1,118.0,"2021-03-28","2021-04-20",23
2897,579,501,"Archibaldo Taffurelli",73,"Genderqueer","Kiehnchester","Tasmania",1064,"Joggers","Trousers","XL","yellow",69,94.0,93.0,1,93.0,"2021-03-28","2021-04-20",23
2898,579,501,"Archibaldo Taffurelli",73,"Genderqueer","Kiehnchester","Tasmania",37,"Dress","Shirt","M","red",57,119.0,104.0,1,104.0,"2021-03-28","2021-04-20",23
2899,579,501,"Archibaldo Taffurelli",73,"Genderqueer","Kiehnchester","Tasmania",434,"Denim","Jacket","XL","yellow",56,92.0,107.0,1,107.0,"2021-03-28","2021-04-20",23
2900,580,171,"Mariellen Medendorp",80,"Agender","South Gabriel","Western Australia",433,"Denim","Jacket","L","yellow",44,92.0,107.0,2,214.0,"2021-04-30","2021-05-09",9
2901,580,171,"Mariellen Medendorp",80,"Agender","South Gabriel","Western Australia",37,"Dress","Shirt","M","red",57,119.0,104.0,2,208.0,"2021-04-30","2021-05-09",9
2902,580,171,"Mariellen Medendorp",80,"Agender","South Gabriel","Western Australia",159,"Linen","Shirt","XL","green",51,116.0,91.0,2,182.0,"2021-04-30","2021-05-09",9
2903,580,171,"Mariellen Medendorp",80,"Agender","South Gabriel","Western Australia",657,"Coach","Jacket","M","indigo",64,115.0,93.0,1,93.0,"2021-04-30","2021-05-09",9
2904,581,708,"Debee Lording",51,"Genderfluid","West Olivertown","Western Australia",721,"Trench Coat","Jacket","S","blue",64,112.0,119.0,2,238.0,"2021-05-09","2021-05-29",20
2905,581,708,"Debee Lording",51,"Genderfluid","West Olivertown","Western Australia",134,"Denim","Shirt","XL","indigo",58,115.0,92.0,1,92.0,"2021-05-09","2021-05-29",20
2906,581,708,"Debee Lording",51,"Genderfluid","West Olivertown","Western Australia",1063,"Joggers","Trousers","L","yellow",58,94.0,93.0,2,186.0,"2021-05-09","2021-05-29",20
2907,581,708,"Debee Lording",51,"Genderfluid","West Olivertown","Western Australia",290,"Cuban Collar","Shirt","XS","yellow",78,93.0,105.0,2,210.0,"2021-05-09","2021-05-29",20
2908,582,783,"Gusty Smallacombe",49,"Female","North Avabury","South Australia",216,"Chambray","Shirt","S","orange",69,105.0,106.0,3,318.0,"2021-09-03","2021-09-18",15
2909,582,783,"Gusty Smallacombe",49,"Female","North Avabury","South Australia",21,"Oxford Cloth","Shirt","S","blue",51,114.0,96.0,2,192.0,"2021-09-03","2021-09-18",15
2910,582,783,"Gusty Smallacombe",49,"Female","North Avabury","South Australia",321,"Mandarin Collar","Shirt","S","orange",52,108.0,109.0,2,218.0,"2021-09-03","2021-09-18",15
2911,582,783,"Gusty Smallacombe",49,"Female","North Avabury","South Australia",322,"Mandarin Collar","Shirt","M","orange",78,108.0,109.0,1,109.0,"2021-09-03","2021-09-18",15
2912,582,783,"Gusty Smallacombe",49,"Female","North Avabury","South Australia",618,"Cardigan","Jacket","L","blue",68,118.0,112.0,1,112.0,"2021-09-03","2021-09-18",15
2913,582,783,"Gusty Smallacombe",49,"Female","North Avabury","South Australia",687,"Parka","Jacket","M","blue",54,119.0,113.0,2,226.0,"2021-09-03","2021-09-18",15
2914,583,290,"Alia Rapinett",67,"Male","West Siennaland","Tasmania",801,"Pullover","Jacket","S","violet",74,114.0,91.0,3,273.0,"2021-04-07","2021-04-10",3
2915,583,290,"Alia Rapinett",67,"Male","West Siennaland","Tasmania",124,"Denim","Shirt","XL","green",52,115.0,92.0,2,184.0,"2021-04-07","2021-04-10",3
2916,583,290,"Alia Rapinett",67,"Male","West Siennaland","Tasmania",327,"Mandarin Collar","Shirt","M","yellow",58,108.0,109.0,2,218.0,"2021-04-07","2021-04-10",3
2917,583,290,"Alia Rapinett",67,"Male","West Siennaland","Tasmania",224,"Chambray","Shirt","XL","yellow",53,105.0,106.0,3,318.0,"2021-04-07","2021-04-10",3
2918,583,290,"Alia Rapinett",67,"Male","West Siennaland","Tasmania",314,"Cuban Collar","Shirt","XL","violet",44,93.0,105.0,2,210.0,"2021-04-07","2021-04-10",3
2919,583,290,"Alia Rapinett",67,"Male","West Siennaland","Tasmania",1047,"Relaxed Leg","Trousers","M","violet",46,95.0,90.0,1,90.0,"2021-04-07","2021-04-10",3
2920,583,290,"Alia Rapinett",67,"Male","West Siennaland","Tasmania",1010,"Wool","Trousers","XS","violet",80,111.0,106.0,2,212.0,"2021-04-07","2021-04-10",3
2921,583,290,"Alia Rapinett",67,"Male","West Siennaland","Tasmania",1131,"Cargo Pants","Trousers","S","yellow",48,106.0,102.0,1,102.0,"2021-04-07","2021-04-10",3
2922,583,290,"Alia Rapinett",67,"Male","West Siennaland","Tasmania",784,"Pullover","Jacket","XL","yellow",67,114.0,91.0,1,91.0,"2021-04-07","2021-04-10",3
2923,583,290,"Alia Rapinett",67,"Male","West Siennaland","Tasmania",766,"Peacoat","Jacket","S","violet",73,102.0,109.0,3,327.0,"2021-04-07","2021-04-10",3
2924,583,290,"Alia Rapinett",67,"Male","West Siennaland","Tasmania",716,"Trench Coat","Jacket","S","green",53,112.0,119.0,1,119.0,"2021-04-07","2021-04-10",3
2925,584,142,"Valerie D'Errico",75,"Bigender","Chelseaview","South Australia",357,"Henley","Shirt","M","orange",70,92.0,94.0,1,94.0,"2021-06-29","2021-07-01",2
2926,584,142,"Valerie D'Errico",75,"Bigender","Chelseaview","South Australia",832,"Shearling","Jacket","M","indigo",74,95.0,117.0,2,234.0,"2021-06-29","2021-07-01",2
2927,584,142,"Valerie D'Errico",75,"Bigender","Chelseaview","South Australia",660,"Coach","Jacket","XS","violet",58,115.0,93.0,2,186.0,"2021-06-29","2021-07-01",2
2928,584,142,"Valerie D'Errico",75,"Bigender","Chelseaview","South Australia",588,"Bomber","Jacket","L","indigo",51,90.0,100.0,2,200.0,"2021-06-29","2021-07-01",2
2929,585,844,"Lorelle Lancastle",63,"Genderqueer","Alexandraville","South Australia",447,"Denim","Jacket","M","indigo",52,92.0,107.0,2,214.0,"2021-03-20","2021-03-23",3
2930,585,844,"Lorelle Lancastle",63,"Genderqueer","Alexandraville","South Australia",886,"Cords","Trousers","S","yellow",68,113.0,94.0,2,188.0,"2021-03-20","2021-03-23",3
2931,585,844,"Lorelle Lancastle",63,"Genderqueer","Alexandraville","South Australia",456,"Puffer","Jacket","S","red",62,110.0,118.0,3,354.0,"2021-03-20","2021-03-23",3
2932,585,844,"Lorelle Lancastle",63,"Genderqueer","Alexandraville","South Australia",401,"Casual Slim Fit","Shirt","S","green",72,113.0,119.0,2,238.0,"2021-03-20","2021-03-23",3
2933,585,844,"Lorelle Lancastle",63,"Genderqueer","Alexandraville","South Australia",328,"Mandarin Collar","Shirt","L","yellow",78,108.0,109.0,1,109.0,"2021-03-20","2021-03-23",3
2934,586,998,"Rebecka Fabler",32,"Polygender","Kohlerberg","Queensland",57,"Dress","Shirt","M","blue",48,119.0,104.0,3,312.0,"2021-02-27","2021-03-22",23
2935,586,998,"Rebecka Fabler",32,"Polygender","Kohlerberg","Queensland",411,"Casual Slim Fit","Shirt","S","indigo",65,113.0,119.0,2,238.0,"2021-02-27","2021-03-22",23
2936,586,998,"Rebecka Fabler",32,"Polygender","Kohlerberg","Queensland",815,"Shearling","Jacket","XS","yellow",66,95.0,117.0,2,234.0,"2021-02-27","2021-03-22",23
2937,586,998,"Rebecka Fabler",32,"Polygender","Kohlerberg","Queensland",523,"Windbreaker","Jacket","L","violet",72,109.0,102.0,3,306.0,"2021-02-27","2021-03-22",23
2938,586,998,"Rebecka Fabler",32,"Polygender","Kohlerberg","Queensland",918,"Drawstring","Trousers","L","orange",54,104.0,96.0,2,192.0,"2021-02-27","2021-03-22",23
2939,586,998,"Rebecka Fabler",32,"Polygender","Kohlerberg","Queensland",1195,"Pleated","Trousers","XS","orange",74,90.0,105.0,2,210.0,"2021-02-27","2021-03-22",23
2940,586,998,"Rebecka Fabler",32,"Polygender","Kohlerberg","Queensland",594,"Bomber","Jacket","XL","violet",53,90.0,100.0,1,100.0,"2021-02-27","2021-03-22",23
2941,586,998,"Rebecka Fabler",32,"Polygender","Kohlerberg","Queensland",1101,"Cropped","Trousers","S","green",71,99.0,115.0,2,230.0,"2021-02-27","2021-03-22",23
2942,587,402,"Zak Titterton",22,"Non-binary","West Cooper","Tasmania",502,"Windbreaker","Jacket","M","yellow",52,109.0,102.0,2,204.0,"2021-09-08","2021-09-11",3
2943,587,402,"Zak Titterton",22,"Non-binary","West Cooper","Tasmania",272,"Polo","Shirt","M","indigo",62,117.0,95.0,1,95.0,"2021-09-08","2021-09-11",3
2944,587,402,"Zak Titterton",22,"Non-binary","West Cooper","Tasmania",1029,"Relaxed Leg","Trousers","XL","yellow",54,95.0,90.0,2,180.0,"2021-09-08","2021-09-11",3
2945,587,402,"Zak Titterton",22,"Non-binary","West Cooper","Tasmania",351,"Henley","Shirt","S","red",60,92.0,94.0,3,282.0,"2021-09-08","2021-09-11",3
2946,587,402,"Zak Titterton",22,"Non-binary","West Cooper","Tasmania",1233,"Tracksuit Bottoms","Trousers","L","orange",73,91.0,112.0,3,336.0,"2021-09-08","2021-09-11",3
2947,587,402,"Zak Titterton",22,"Non-binary","West Cooper","Tasmania",450,"Denim","Jacket","XS","violet",65,92.0,107.0,1,107.0,"2021-09-08","2021-09-11",3
2948,588,612,"Leann Kittow",35,"Female","Angelinastad","South Australia",334,"Mandarin Collar","Shirt","XL","green",79,108.0,109.0,1,109.0,"2021-05-26","2021-06-20",25
2949,588,612,"Leann Kittow",35,"Female","Angelinastad","South Australia",806,"Shearling","Jacket","S","red",75,95.0,117.0,2,234.0,"2021-05-26","2021-06-20",25
2950,588,612,"Leann Kittow",35,"Female","Angelinastad","South Australia",281,"Cuban Collar","Shirt","S","red",59,93.0,105.0,1,105.0,"2021-05-26","2021-06-20",25
2951,588,612,"Leann Kittow",35,"Female","Angelinastad","South Australia",9,"Oxford Cloth","Shirt","XL","orange",43,114.0,96.0,2,192.0,"2021-05-26","2021-06-20",25
2952,588,612,"Leann Kittow",35,"Female","Angelinastad","South Australia",1031,"Relaxed Leg","Trousers","S","green",51,95.0,90.0,2,180.0,"2021-05-26","2021-06-20",25
2953,589,692,"Perceval Umbers",20,"Bigender","Laraview","Tasmania",754,"Peacoat","Jacket","XL","green",68,102.0,109.0,2,218.0,"2021-06-25","2021-07-20",25
2954,589,692,"Perceval Umbers",20,"Bigender","Laraview","Tasmania",566,"Bomber","Jacket","S","orange",49,90.0,100.0,1,100.0,"2021-06-25","2021-07-20",25
2955,589,692,"Perceval Umbers",20,"Bigender","Laraview","Tasmania",1009,"Wool","Trousers","XL","indigo",51,111.0,106.0,1,106.0,"2021-06-25","2021-07-20",25
2956,589,692,"Perceval Umbers",20,"Bigender","Laraview","Tasmania",955,"Slim-Fit","Trousers","XS","yellow",59,119.0,97.0,2,194.0,"2021-06-25","2021-07-20",25
2957,589,692,"Perceval Umbers",20,"Bigender","Laraview","Tasmania",283,"Cuban Collar","Shirt","L","red",45,93.0,105.0,2,210.0,"2021-06-25","2021-07-20",25
2958,589,692,"Perceval Umbers",20,"Bigender","Laraview","Tasmania",133,"Denim","Shirt","L","indigo",58,115.0,92.0,1,92.0,"2021-06-25","2021-07-20",25
2959,589,692,"Perceval Umbers",20,"Bigender","Laraview","Tasmania",1224,"Pleated","Trousers","XL","violet",65,90.0,105.0,2,210.0,"2021-06-25","2021-07-20",25
2960,589,692,"Perceval Umbers",20,"Bigender","Laraview","Tasmania",265,"Polo","Shirt","XS","blue",56,117.0,95.0,3,285.0,"2021-06-25","2021-07-20",25
2961,589,692,"Perceval Umbers",20,"Bigender","Laraview","Tasmania",404,"Casual Slim Fit","Shirt","XL","green",41,113.0,119.0,1,119.0,"2021-06-25","2021-07-20",25
2962,589,692,"Perceval Umbers",20,"Bigender","Laraview","Tasmania",488,"Puffer","Jacket","L","violet",49,110.0,118.0,3,354.0,"2021-06-25","2021-07-20",25
2963,590,898,"Jillian Sauven",41,"Bigender","Angelinaport","New South Wales",1056,"Joggers","Trousers","S","orange",43,94.0,93.0,2,186.0,"2021-07-06","2021-07-15",9
2964,590,898,"Jillian Sauven",41,"Bigender","Angelinaport","New South Wales",379,"Henley","Shirt","XL","indigo",52,92.0,94.0,2,188.0,"2021-07-06","2021-07-15",9
2965,590,898,"Jillian Sauven",41,"Bigender","Angelinaport","New South Wales",944,"Drawstring","Trousers","XL","violet",80,104.0,96.0,2,192.0,"2021-07-06","2021-07-15",9
2966,590,898,"Jillian Sauven",41,"Bigender","Angelinaport","New South Wales",388,"Casual Slim Fit","Shirt","L","red",78,113.0,119.0,1,119.0,"2021-07-06","2021-07-15",9
2967,591,588,"Nicole Cheel",48,"Genderfluid","West Danieltown","Victoria",1234,"Tracksuit Bottoms","Trousers","XL","orange",42,91.0,112.0,3,336.0,"2021-06-18","2021-07-06",18
2968,592,973,"Lars Stading",60,"Female","West Callumside","Tasmania",417,"Casual Slim Fit","Shirt","M","violet",46,113.0,119.0,1,119.0,"2021-06-29","2021-07-07",8
2969,592,973,"Lars Stading",60,"Female","West Callumside","Tasmania",696,"Parka","Jacket","S","violet",67,119.0,113.0,1,113.0,"2021-06-29","2021-07-07",8
2970,592,973,"Lars Stading",60,"Female","West Callumside","Tasmania",1139,"Cargo Pants","Trousers","XL","green",65,106.0,102.0,3,306.0,"2021-06-29","2021-07-07",8
2971,592,973,"Lars Stading",60,"Female","West Callumside","Tasmania",511,"Windbreaker","Jacket","S","blue",41,109.0,102.0,2,204.0,"2021-06-29","2021-07-07",8
2972,592,973,"Lars Stading",60,"Female","West Callumside","Tasmania",309,"Cuban Collar","Shirt","XL","indigo",53,93.0,105.0,1,105.0,"2021-06-29","2021-07-07",8
2973,592,973,"Lars Stading",60,"Female","West Callumside","Tasmania",960,"Slim-Fit","Trousers","XS","green",74,119.0,97.0,2,194.0,"2021-06-29","2021-07-07",8
2974,592,973,"Lars Stading",60,"Female","West Callumside","Tasmania",513,"Windbreaker","Jacket","L","blue",41,109.0,102.0,3,306.0,"2021-06-29","2021-07-07",8
2975,592,973,"Lars Stading",60,"Female","West Callumside","Tasmania",1094,"Cropped","Trousers","XL","orange",61,99.0,115.0,2,230.0,"2021-06-29","2021-07-07",8
2976,592,973,"Lars Stading",60,"Female","West Callumside","Tasmania",579,"Bomber","Jacket","XL","green",79,90.0,100.0,2,200.0,"2021-06-29","2021-07-07",8
2977,592,973,"Lars Stading",60,"Female","West Callumside","Tasmania",870,"Chinos","Trousers","XS","violet",72,100.0,113.0,3,339.0,"2021-06-29","2021-07-07",8
2978,593,515,"Joannes Pandie",52,"Female","Huelhaven","Australian Capital Territory",955,"Slim-Fit","Trousers","XS","yellow",59,119.0,97.0,1,97.0,"2021-02-21","2021-03-11",18
2979,593,515,"Joannes Pandie",52,"Female","Huelhaven","Australian Capital Territory",996,"Wool","Trousers","S","green",43,111.0,106.0,1,106.0,"2021-02-21","2021-03-11",18
2980,593,515,"Joannes Pandie",52,"Female","Huelhaven","Australian Capital Territory",380,"Henley","Shirt","XS","violet",50,92.0,94.0,1,94.0,"2021-02-21","2021-03-11",18
2981,593,515,"Joannes Pandie",52,"Female","Huelhaven","Australian Capital Territory",665,"Parka","Jacket","XS","red",65,119.0,113.0,1,113.0,"2021-02-21","2021-03-11",18
2982,593,515,"Joannes Pandie",52,"Female","Huelhaven","Australian Capital Territory",1120,"Cargo Pants","Trousers","XS","red",72,106.0,102.0,1,102.0,"2021-02-21","2021-03-11",18
2983,593,515,"Joannes Pandie",52,"Female","Huelhaven","Australian Capital Territory",911,"Drawstring","Trousers","S","red",64,104.0,96.0,3,288.0,"2021-02-21","2021-03-11",18
2984,593,515,"Joannes Pandie",52,"Female","Huelhaven","Australian Capital Territory",467,"Puffer","Jacket","M","yellow",44,110.0,118.0,3,354.0,"2021-02-21","2021-03-11",18
2985,594,711,"Lin Norville",42,"Male","Russelstad","Victoria",561,"Bomber","Jacket","S","red",74,90.0,100.0,1,100.0,"2021-06-14","2021-06-23",9
2986,594,711,"Lin Norville",42,"Male","Russelstad","Victoria",597,"Cardigan","Jacket","M","red",70,118.0,112.0,1,112.0,"2021-06-14","2021-06-23",9
2987,594,711,"Lin Norville",42,"Male","Russelstad","Victoria",487,"Puffer","Jacket","M","violet",43,110.0,118.0,2,236.0,"2021-06-14","2021-06-23",9
2988,594,711,"Lin Norville",42,"Male","Russelstad","Victoria",89,"Flannel","Shirt","XL","green",77,96.0,118.0,2,236.0,"2021-06-14","2021-06-23",9
2989,594,711,"Lin Norville",42,"Male","Russelstad","Victoria",1166,"High-Waisted","Trousers","S","yellow",56,98.0,99.0,3,297.0,"2021-06-14","2021-06-23",9
2990,595,10,"Susanetta Wilshin",70,"Bigender","Joelburgh","Western Australia",1023,"Relaxed Leg","Trousers","L","orange",78,95.0,90.0,3,270.0,"2021-03-09","2021-03-29",20
2991,596,693,"Hetti Fibbens",45,"Genderqueer","Beattychester","Queensland",544,"Leather","Jacket","XL","green",58,113.0,98.0,2,196.0,"2021-06-13","2021-06-27",14
2992,596,693,"Hetti Fibbens",45,"Genderqueer","Beattychester","Queensland",294,"Cuban Collar","Shirt","XL","yellow",76,93.0,105.0,1,105.0,"2021-06-13","2021-06-27",14
2993,597,107,"Sandy Yushachkov",35,"Genderfluid","Claudiaview","Western Australia",1038,"Relaxed Leg","Trousers","L","blue",61,95.0,90.0,2,180.0,"2021-08-04","2021-08-16",12
0,598,638,"Olympia Stobbs",23,"Female","Reillyborough","Victoria",0,"","","","",0,0.0,0.0,0,0.0,"2021-06-20","2021-07-05",15
2994,599,308,"Zeb Shipton",70,"Genderfluid","West Madison","Northern Territory",630,"Coach","Jacket","XS","red",71,115.0,93.0,2,186.0,"2021-09-23","2021-10-17",24
2995,599,308,"Zeb Shipton",70,"Genderfluid","West Madison","Northern Territory",28,"Oxford Cloth","Shirt","L","indigo",70,114.0,96.0,3,288.0,"2021-09-23","2021-10-17",24
2996,599,308,"Zeb Shipton",70,"Genderfluid","West Madison","Northern Territory",1038,"Relaxed Leg","Trousers","L","blue",61,95.0,90.0,3,270.0,"2021-09-23","2021-10-17",24
2997,599,308,"Zeb Shipton",70,"Genderfluid","West Madison","Northern Territory",1106,"Cropped","Trousers","S","blue",62,99.0,115.0,1,115.0,"2021-09-23","2021-10-17",24
2998,599,308,"Zeb Shipton",70,"Genderfluid","West Madison","Northern Territory",986,"Wool","Trousers","S","orange",59,111.0,106.0,1,106.0,"2021-09-23","2021-10-17",24
2999,600,921,"Cindi McCague",73,"Polygender","Port Zoeborough","Australian Capital Territory",1093,"Cropped","Trousers","L","orange",79,99.0,115.0,1,115.0,"2021-09-15","2021-09-16",1
3000,600,921,"Cindi McCague",73,"Polygender","Port Zoeborough","Australian Capital Territory",151,"Linen","Shirt","S","yellow",60,116.0,91.0,2,182.0,"2021-09-15","2021-09-16",1
3001,600,921,"Cindi McCague",73,"Polygender","Port Zoeborough","Australian Capital Territory",749,"Peacoat","Jacket","XL","yellow",53,102.0,109.0,3,327.0,"2021-09-15","2021-09-16",1
3002,601,916,"Gabriella Nutman",24,"Polygender","West Benjaminberg","Australian Capital Territory",971,"Slim-Fit","Trousers","S","indigo",41,119.0,97.0,2,194.0,"2021-06-13","2021-06-28",15
3003,601,916,"Gabriella Nutman",24,"Polygender","West Benjaminberg","Australian Capital Territory",278,"Polo","Shirt","L","violet",76,117.0,95.0,1,95.0,"2021-06-13","2021-06-28",15
3004,601,916,"Gabriella Nutman",24,"Polygender","West Benjaminberg","Australian Capital Territory",681,"Parka","Jacket","S","green",62,119.0,113.0,3,339.0,"2021-06-13","2021-06-28",15
3005,601,916,"Gabriella Nutman",24,"Polygender","West Benjaminberg","Australian Capital Territory",347,"Mandarin Collar","Shirt","M","violet",76,108.0,109.0,2,218.0,"2021-06-13","2021-06-28",15
3006,601,916,"Gabriella Nutman",24,"Polygender","West Benjaminberg","Australian Capital Territory",518,"Windbreaker","Jacket","L","indigo",67,109.0,102.0,3,306.0,"2021-06-13","2021-06-28",15
3007,602,987,"Grady Wipper",70,"Genderfluid","Thompsonbury","New South Wales",1161,"High-Waisted","Trousers","S","orange",42,98.0,99.0,3,297.0,"2021-02-14","2021-03-07",21
3008,602,987,"Grady Wipper",70,"Genderfluid","Thompsonbury","New South Wales",86,"Flannel","Shirt","S","green",57,96.0,118.0,1,118.0,"2021-02-14","2021-03-07",21
3009,603,549,"Barclay Beswick",50,"Male","Gleasonburgh","Northern Territory",1170,"High-Waisted","Trousers","XS","green",42,98.0,99.0,2,198.0,"2021-08-30","2021-09-04",5
3010,604,492,"Jolee Stailey",62,"Bigender","Josephmouth","Queensland",904,"Cords","Trousers","XL","indigo",70,113.0,94.0,3,282.0,"2021-07-20","2021-08-13",24
3011,604,492,"Jolee Stailey",62,"Bigender","Josephmouth","Queensland",169,"Linen","Shirt","XL","indigo",66,116.0,91.0,1,91.0,"2021-07-20","2021-08-13",24
3012,604,492,"Jolee Stailey",62,"Bigender","Josephmouth","Queensland",163,"Linen","Shirt","L","blue",70,116.0,91.0,2,182.0,"2021-07-20","2021-08-13",24
3013,604,492,"Jolee Stailey",62,"Bigender","Josephmouth","Queensland",955,"Slim-Fit","Trousers","XS","yellow",59,119.0,97.0,1,97.0,"2021-07-20","2021-08-13",24
3014,604,492,"Jolee Stailey",62,"Bigender","Josephmouth","Queensland",127,"Denim","Shirt","M","blue",58,115.0,92.0,2,184.0,"2021-07-20","2021-08-13",24
3015,604,492,"Jolee Stailey",62,"Bigender","Josephmouth","Queensland",195,"Camp Collared","Shirt","XS","blue",47,112.0,98.0,2,196.0,"2021-07-20","2021-08-13",24
3016,605,402,"Zak Titterton",22,"Non-binary","West Cooper","Tasmania",574,"Bomber","Jacket","XL","yellow",50,90.0,100.0,3,300.0,"2021-08-20","2021-09-06",17
3017,605,402,"Zak Titterton",22,"Non-binary","West Cooper","Tasmania",222,"Chambray","Shirt","M","yellow",62,105.0,106.0,3,318.0,"2021-08-20","2021-09-06",17
3018,605,402,"Zak Titterton",22,"Non-binary","West Cooper","Tasmania",156,"Linen","Shirt","S","green",58,116.0,91.0,2,182.0,"2021-08-20","2021-09-06",17
3019,606,692,"Perceval Umbers",20,"Bigender","Laraview","Tasmania",251,"Polo","Shirt","S","orange",78,117.0,95.0,1,95.0,"2021-01-31","2021-02-08",8
3020,606,692,"Perceval Umbers",20,"Bigender","Laraview","Tasmania",372,"Henley","Shirt","M","blue",42,92.0,94.0,3,282.0,"2021-01-31","2021-02-08",8
3021,606,692,"Perceval Umbers",20,"Bigender","Laraview","Tasmania",163,"Linen","Shirt","L","blue",70,116.0,91.0,1,91.0,"2021-01-31","2021-02-08",8
3022,606,692,"Perceval Umbers",20,"Bigender","Laraview","Tasmania",486,"Puffer","Jacket","S","violet",46,110.0,118.0,2,236.0,"2021-01-31","2021-02-08",8
3023,606,692,"Perceval Umbers",20,"Bigender","Laraview","Tasmania",472,"Puffer","Jacket","M","green",72,110.0,118.0,3,354.0,"2021-01-31","2021-02-08",8
3024,606,692,"Perceval Umbers",20,"Bigender","Laraview","Tasmania",782,"Pullover","Jacket","M","yellow",49,114.0,91.0,1,91.0,"2021-01-31","2021-02-08",8
3025,607,648,"Jaquelyn Dow",38,"Genderfluid","New Emmastad","South Australia",1053,"Joggers","Trousers","L","red",63,94.0,93.0,3,279.0,"2021-10-19","2021-11-12",24
3026,607,648,"Jaquelyn Dow",38,"Genderfluid","New Emmastad","South Australia",473,"Puffer","Jacket","L","green",43,110.0,118.0,2,236.0,"2021-10-19","2021-11-12",24
3027,607,648,"Jaquelyn Dow",38,"Genderfluid","New Emmastad","South Australia",1155,"High-Waisted","Trousers","XS","red",74,98.0,99.0,3,297.0,"2021-10-19","2021-11-12",24
3028,607,648,"Jaquelyn Dow",38,"Genderfluid","New Emmastad","South Australia",886,"Cords","Trousers","S","yellow",68,113.0,94.0,2,188.0,"2021-10-19","2021-11-12",24
3029,607,648,"Jaquelyn Dow",38,"Genderfluid","New Emmastad","South Australia",994,"Wool","Trousers","XL","yellow",72,111.0,106.0,1,106.0,"2021-10-19","2021-11-12",24
3030,608,530,"Leroi Weal",63,"Polygender","Lake Rose","Western Australia",572,"Bomber","Jacket","M","yellow",71,90.0,100.0,3,300.0,"2021-08-13","2021-08-15",2
3031,608,530,"Leroi Weal",63,"Polygender","Lake Rose","Western Australia",265,"Polo","Shirt","XS","blue",56,117.0,95.0,3,285.0,"2021-08-13","2021-08-15",2
3032,609,25,"Ernaline Luce",75,"Genderqueer","Olivershire","Victoria",536,"Leather","Jacket","S","yellow",41,113.0,98.0,2,196.0,"2021-04-22","2021-05-08",16
3033,609,25,"Ernaline Luce",75,"Genderqueer","Olivershire","Victoria",196,"Camp Collared","Shirt","S","blue",75,112.0,98.0,3,294.0,"2021-04-22","2021-05-08",16
3034,609,25,"Ernaline Luce",75,"Genderqueer","Olivershire","Victoria",900,"Cords","Trousers","XS","indigo",47,113.0,94.0,3,282.0,"2021-04-22","2021-05-08",16
3035,609,25,"Ernaline Luce",75,"Genderqueer","Olivershire","Victoria",177,"Camp Collared","Shirt","M","red",64,112.0,98.0,1,98.0,"2021-04-22","2021-05-08",16
3036,609,25,"Ernaline Luce",75,"Genderqueer","Olivershire","Victoria",1033,"Relaxed Leg","Trousers","L","green",62,95.0,90.0,3,270.0,"2021-04-22","2021-05-08",16
3037,609,25,"Ernaline Luce",75,"Genderqueer","Olivershire","Victoria",872,"Chinos","Trousers","M","violet",54,100.0,113.0,1,113.0,"2021-04-22","2021-05-08",16
3038,610,735,"Valentino Branney",46,"Bigender","Port Alanamouth","Queensland",497,"Windbreaker","Jacket","M","orange",45,109.0,102.0,1,102.0,"2021-08-04","2021-08-31",27
3039,610,735,"Valentino Branney",46,"Bigender","Port Alanamouth","Queensland",410,"Casual Slim Fit","Shirt","XS","indigo",57,113.0,119.0,3,357.0,"2021-08-04","2021-08-31",27
3040,610,735,"Valentino Branney",46,"Bigender","Port Alanamouth","Queensland",919,"Drawstring","Trousers","XL","orange",68,104.0,96.0,2,192.0,"2021-08-04","2021-08-31",27
3041,610,735,"Valentino Branney",46,"Bigender","Port Alanamouth","Queensland",571,"Bomber","Jacket","S","yellow",64,90.0,100.0,2,200.0,"2021-08-04","2021-08-31",27
3042,611,155,"Myrle Kelby",80,"Male","Port Sophia","New South Wales",580,"Bomber","Jacket","XS","blue",44,90.0,100.0,2,200.0,"2021-05-01","2021-05-25",24
3043,611,155,"Myrle Kelby",80,"Male","Port Sophia","New South Wales",133,"Denim","Shirt","L","indigo",58,115.0,92.0,2,184.0,"2021-05-01","2021-05-25",24
3044,611,155,"Myrle Kelby",80,"Male","Port Sophia","New South Wales",891,"Cords","Trousers","S","green",78,113.0,94.0,3,282.0,"2021-05-01","2021-05-25",24
3045,611,155,"Myrle Kelby",80,"Male","Port Sophia","New South Wales",146,"Linen","Shirt","S","orange",42,116.0,91.0,3,273.0,"2021-05-01","2021-05-25",24
3046,612,486,"Alexis Cheake",66,"Agender","Port Lillian","Northern Territory",895,"Cords","Trousers","XS","blue",60,113.0,94.0,1,94.0,"2021-05-10","2021-05-12",2
3047,612,486,"Alexis Cheake",66,"Agender","Port Lillian","Northern Territory",833,"Shearling","Jacket","L","indigo",66,95.0,117.0,3,351.0,"2021-05-10","2021-05-12",2
3048,612,486,"Alexis Cheake",66,"Agender","Port Lillian","Northern Territory",660,"Coach","Jacket","XS","violet",58,115.0,93.0,3,279.0,"2021-05-10","2021-05-12",2
3049,613,682,"Alon Abramsky",27,"Polygender","Sofiahaven","Western Australia",405,"Casual Slim Fit","Shirt","XS","blue",55,113.0,119.0,1,119.0,"2021-05-23","2021-06-07",15
3050,613,682,"Alon Abramsky",27,"Polygender","Sofiahaven","Western Australia",777,"Pullover","Jacket","M","orange",60,114.0,91.0,1,91.0,"2021-05-23","2021-06-07",15
3051,613,682,"Alon Abramsky",27,"Polygender","Sofiahaven","Western Australia",624,"Cardigan","Jacket","XL","indigo",78,118.0,112.0,1,112.0,"2021-05-23","2021-06-07",15
3052,613,682,"Alon Abramsky",27,"Polygender","Sofiahaven","Western Australia",405,"Casual Slim Fit","Shirt","XS","blue",55,113.0,119.0,2,238.0,"2021-05-23","2021-06-07",15
3053,613,682,"Alon Abramsky",27,"Polygender","Sofiahaven","Western Australia",1106,"Cropped","Trousers","S","blue",62,99.0,115.0,3,345.0,"2021-05-23","2021-06-07",15
3054,613,682,"Alon Abramsky",27,"Polygender","Sofiahaven","Western Australia",448,"Denim","Jacket","L","indigo",67,92.0,107.0,3,321.0,"2021-05-23","2021-06-07",15
3055,614,732,"Gorden Seago",80,"Genderfluid","Port Aaronton","Queensland",10,"Oxford Cloth","Shirt","XS","yellow",72,114.0,96.0,2,192.0,"2021-04-18","2021-05-03",15
3056,614,732,"Gorden Seago",80,"Genderfluid","Port Aaronton","Queensland",615,"Cardigan","Jacket","XS","blue",54,118.0,112.0,3,336.0,"2021-04-18","2021-05-03",15
3057,614,732,"Gorden Seago",80,"Genderfluid","Port Aaronton","Queensland",28,"Oxford Cloth","Shirt","L","indigo",70,114.0,96.0,3,288.0,"2021-04-18","2021-05-03",15
3058,614,732,"Gorden Seago",80,"Genderfluid","Port Aaronton","Queensland",457,"Puffer","Jacket","M","red",62,110.0,118.0,1,118.0,"2021-04-18","2021-05-03",15
3059,614,732,"Gorden Seago",80,"Genderfluid","Port Aaronton","Queensland",744,"Peacoat","Jacket","XL","orange",69,102.0,109.0,2,218.0,"2021-04-18","2021-05-03",15
3060,615,690,"Arlie Bowman",34,"Genderqueer","Port Annabelle","Northern Territory",948,"Slim-Fit","Trousers","L","red",80,119.0,97.0,3,291.0,"2021-01-31","2021-02-10",10
3061,615,690,"Arlie Bowman",34,"Genderqueer","Port Annabelle","Northern Territory",491,"Windbreaker","Jacket","S","red",54,109.0,102.0,3,306.0,"2021-01-31","2021-02-10",10
3062,615,690,"Arlie Bowman",34,"Genderqueer","Port Annabelle","Northern Territory",1213,"Pleated","Trousers","L","blue",79,90.0,105.0,3,315.0,"2021-01-31","2021-02-10",10
3063,615,690,"Arlie Bowman",34,"Genderqueer","Port Annabelle","Northern Territory",385,"Casual Slim Fit","Shirt","XS","red",49,113.0,119.0,1,119.0,"2021-01-31","2021-02-10",10
3064,615,690,"Arlie Bowman",34,"Genderqueer","Port Annabelle","Northern Territory",782,"Pullover","Jacket","M","yellow",49,114.0,91.0,2,182.0,"2021-01-31","2021-02-10",10
3065,616,21,"Seana Hearons",31,"Non-binary","South Callum","Tasmania",615,"Cardigan","Jacket","XS","blue",54,118.0,112.0,2,224.0,"2021-05-13","2021-05-14",1
3066,616,21,"Seana Hearons",31,"Non-binary","South Callum","Tasmania",215,"Chambray","Shirt","XS","orange",76,105.0,106.0,2,212.0,"2021-05-13","2021-05-14",1
3067,616,21,"Seana Hearons",31,"Non-binary","South Callum","Tasmania",1252,"Tracksuit Bottoms","Trousers","M","indigo",59,91.0,112.0,1,112.0,"2021-05-13","2021-05-14",1
3068,616,21,"Seana Hearons",31,"Non-binary","South Callum","Tasmania",422,"Denim","Jacket","M","red",43,92.0,107.0,3,321.0,"2021-05-13","2021-05-14",1
3069,617,371,"Etan Peirazzi",63,"Genderqueer","West Jessica","Queensland",970,"Slim-Fit","Trousers","XS","indigo",74,119.0,97.0,2,194.0,"2021-08-30","2021-09-07",8
3070,617,371,"Etan Peirazzi",63,"Genderqueer","West Jessica","Queensland",676,"Parka","Jacket","S","yellow",80,119.0,113.0,1,113.0,"2021-08-30","2021-09-07",8
3071,617,371,"Etan Peirazzi",63,"Genderqueer","West Jessica","Queensland",876,"Cords","Trousers","S","red",67,113.0,94.0,1,94.0,"2021-08-30","2021-09-07",8
3072,617,371,"Etan Peirazzi",63,"Genderqueer","West Jessica","Queensland",732,"Trench Coat","Jacket","M","violet",61,112.0,119.0,3,357.0,"2021-08-30","2021-09-07",8
3073,617,371,"Etan Peirazzi",63,"Genderqueer","West Jessica","Queensland",30,"Oxford Cloth","Shirt","XS","violet",74,114.0,96.0,2,192.0,"2021-08-30","2021-09-07",8
3074,617,371,"Etan Peirazzi",63,"Genderqueer","West Jessica","Queensland",847,"Chinos","Trousers","M","orange",73,100.0,113.0,1,113.0,"2021-08-30","2021-09-07",8
0,618,882,"Bartel Clemendet",43,"Genderqueer","Kiehnfurt","South Australia",0,"","","","",0,0.0,0.0,0,0.0,"2021-08-01","2021-08-26",25
3075,619,225,"Monty Gowen",75,"Genderfluid","Muellerfurt","Queensland",130,"Denim","Shirt","XS","indigo",79,115.0,92.0,1,92.0,"2021-02-25","2021-03-04",7
3076,619,225,"Monty Gowen",75,"Genderfluid","Muellerfurt","Queensland",251,"Polo","Shirt","S","orange",78,117.0,95.0,3,285.0,"2021-02-25","2021-03-04",7
3077,619,225,"Monty Gowen",75,"Genderfluid","Muellerfurt","Queensland",922,"Drawstring","Trousers","M","yellow",55,104.0,96.0,1,96.0,"2021-02-25","2021-03-04",7
3078,620,614,"Sherwynd Batsford",45,"Polygender","Samuelside","New South Wales",413,"Casual Slim Fit","Shirt","L","indigo",60,113.0,119.0,3,357.0,"2021-07-19","2021-08-01",13
3079,620,614,"Sherwynd Batsford",45,"Polygender","Samuelside","New South Wales",372,"Henley","Shirt","M","blue",42,92.0,94.0,1,94.0,"2021-07-19","2021-08-01",13
3080,620,614,"Sherwynd Batsford",45,"Polygender","Samuelside","New South Wales",343,"Mandarin Collar","Shirt","L","indigo",53,108.0,109.0,2,218.0,"2021-07-19","2021-08-01",13
3081,620,614,"Sherwynd Batsford",45,"Polygender","Samuelside","New South Wales",647,"Coach","Jacket","M","green",63,115.0,93.0,3,279.0,"2021-07-19","2021-08-01",13
3082,620,614,"Sherwynd Batsford",45,"Polygender","Samuelside","New South Wales",616,"Cardigan","Jacket","S","blue",53,118.0,112.0,1,112.0,"2021-07-19","2021-08-01",13
3083,621,102,"Hurleigh Sieb",32,"Genderfluid","Port Sarah","Queensland",416,"Casual Slim Fit","Shirt","S","violet",50,113.0,119.0,1,119.0,"2021-07-16","2021-08-07",22
3084,621,102,"Hurleigh Sieb",32,"Genderfluid","Port Sarah","Queensland",486,"Puffer","Jacket","S","violet",46,110.0,118.0,1,118.0,"2021-07-16","2021-08-07",22
3085,621,102,"Hurleigh Sieb",32,"Genderfluid","Port Sarah","Queensland",270,"Polo","Shirt","XS","indigo",47,117.0,95.0,3,285.0,"2021-07-16","2021-08-07",22
3086,621,102,"Hurleigh Sieb",32,"Genderfluid","Port Sarah","Queensland",472,"Puffer","Jacket","M","green",72,110.0,118.0,1,118.0,"2021-07-16","2021-08-07",22
3087,622,587,"Carmita Grundey",35,"Agender","East Declanside","Queensland",709,"Trench Coat","Jacket","XL","orange",71,112.0,119.0,1,119.0,"2021-05-16","2021-06-07",22
3088,622,587,"Carmita Grundey",35,"Agender","East Declanside","Queensland",236,"Chambray","Shirt","S","indigo",59,105.0,106.0,3,318.0,"2021-05-16","2021-06-07",22
3089,622,587,"Carmita Grundey",35,"Agender","East Declanside","Queensland",677,"Parka","Jacket","M","yellow",46,119.0,113.0,3,339.0,"2021-05-16","2021-06-07",22
3090,622,587,"Carmita Grundey",35,"Agender","East Declanside","Queensland",498,"Windbreaker","Jacket","L","orange",68,109.0,102.0,2,204.0,"2021-05-16","2021-06-07",22
3091,623,808,"Marvin Van Hault",35,"Bigender","Robertstown","Western Australia",913,"Drawstring","Trousers","L","red",73,104.0,96.0,1,96.0,"2021-10-20","2021-10-30",10
3092,623,808,"Marvin Van Hault",35,"Bigender","Robertstown","Western Australia",997,"Wool","Trousers","M","green",41,111.0,106.0,1,106.0,"2021-10-20","2021-10-30",10
3093,623,808,"Marvin Van Hault",35,"Bigender","Robertstown","Western Australia",353,"Henley","Shirt","L","red",62,92.0,94.0,2,188.0,"2021-10-20","2021-10-30",10
3094,624,398,"Damiano Leyborne",50,"Non-binary","Gabrielville","Western Australia",316,"Mandarin Collar","Shirt","S","red",48,108.0,109.0,1,109.0,"2021-03-19","2021-04-08",20
3095,624,398,"Damiano Leyborne",50,"Non-binary","Gabrielville","Western Australia",240,"Chambray","Shirt","XS","violet",47,105.0,106.0,3,318.0,"2021-03-19","2021-04-08",20
3096,624,398,"Damiano Leyborne",50,"Non-binary","Gabrielville","Western Australia",672,"Parka","Jacket","M","orange",51,119.0,113.0,3,339.0,"2021-03-19","2021-04-08",20
3097,624,398,"Damiano Leyborne",50,"Non-binary","Gabrielville","Western Australia",361,"Henley","Shirt","S","yellow",70,92.0,94.0,3,282.0,"2021-03-19","2021-04-08",20
3098,624,398,"Damiano Leyborne",50,"Non-binary","Gabrielville","Western Australia",1228,"Tracksuit Bottoms","Trousers","L","red",43,91.0,112.0,3,336.0,"2021-03-19","2021-04-08",20
3099,624,398,"Damiano Leyborne",50,"Non-binary","Gabrielville","Western Australia",1030,"Relaxed Leg","Trousers","XS","green",80,95.0,90.0,2,180.0,"2021-03-19","2021-04-08",20
3100,624,398,"Damiano Leyborne",50,"Non-binary","Gabrielville","Western Australia",590,"Bomber","Jacket","XS","violet",75,90.0,100.0,2,200.0,"2021-03-19","2021-04-08",20
3101,625,233,"Beverlie Blance",33,"Agender","Casperfurt","South Australia",415,"Casual Slim Fit","Shirt","XS","violet",55,113.0,119.0,2,238.0,"2021-07-17","2021-07-28",11
3102,625,233,"Beverlie Blance",33,"Agender","Casperfurt","South Australia",138,"Denim","Shirt","L","violet",78,115.0,92.0,2,184.0,"2021-07-17","2021-07-28",11
3103,625,233,"Beverlie Blance",33,"Agender","Casperfurt","South Australia",311,"Cuban Collar","Shirt","S","violet",43,93.0,105.0,2,210.0,"2021-07-17","2021-07-28",11
3104,626,348,"Thorny Nornable",76,"Genderqueer","Rubyfort","Tasmania",493,"Windbreaker","Jacket","L","red",40,109.0,102.0,3,306.0,"2021-09-30","2021-10-17",17
3105,626,348,"Thorny Nornable",76,"Genderqueer","Rubyfort","Tasmania",934,"Drawstring","Trousers","XL","blue",60,104.0,96.0,3,288.0,"2021-09-30","2021-10-17",17
3106,626,348,"Thorny Nornable",76,"Genderqueer","Rubyfort","Tasmania",1040,"Relaxed Leg","Trousers","XS","indigo",60,95.0,90.0,1,90.0,"2021-09-30","2021-10-17",17
3107,627,680,"Camellia Heatherington",78,"Bigender","Taylorfurt","New South Wales",94,"Flannel","Shirt","XL","blue",61,96.0,118.0,1,118.0,"2021-04-03","2021-04-08",5
3108,627,680,"Camellia Heatherington",78,"Bigender","Taylorfurt","New South Wales",1074,"Joggers","Trousers","XL","blue",52,94.0,93.0,2,186.0,"2021-04-03","2021-04-08",5
3109,628,534,"Fanchette Polak",54,"Female","Andersonburgh","Tasmania",311,"Cuban Collar","Shirt","S","violet",43,93.0,105.0,2,210.0,"2021-09-08","2021-09-28",20
3110,628,534,"Fanchette Polak",54,"Female","Andersonburgh","Tasmania",579,"Bomber","Jacket","XL","green",79,90.0,100.0,3,300.0,"2021-09-08","2021-09-28",20
3111,628,534,"Fanchette Polak",54,"Female","Andersonburgh","Tasmania",494,"Windbreaker","Jacket","XL","red",48,109.0,102.0,2,204.0,"2021-09-08","2021-09-28",20
3112,628,534,"Fanchette Polak",54,"Female","Andersonburgh","Tasmania",675,"Parka","Jacket","XS","yellow",63,119.0,113.0,1,113.0,"2021-09-08","2021-09-28",20
3113,628,534,"Fanchette Polak",54,"Female","Andersonburgh","Tasmania",626,"Cardigan","Jacket","S","violet",49,118.0,112.0,1,112.0,"2021-09-08","2021-09-28",20
3114,628,534,"Fanchette Polak",54,"Female","Andersonburgh","Tasmania",79,"Flannel","Shirt","XL","orange",50,96.0,118.0,3,354.0,"2021-09-08","2021-09-28",20
3115,628,534,"Fanchette Polak",54,"Female","Andersonburgh","Tasmania",1209,"Pleated","Trousers","XL","green",55,90.0,105.0,1,105.0,"2021-09-08","2021-09-28",20
3116,628,534,"Fanchette Polak",54,"Female","Andersonburgh","Tasmania",384,"Henley","Shirt","XL","violet",77,92.0,94.0,3,282.0,"2021-09-08","2021-09-28",20
3117,629,904,"Sutherlan Stepto",48,"Genderfluid","West Dylanport","Tasmania",710,"Trench Coat","Jacket","XS","yellow",78,112.0,119.0,1,119.0,"2021-08-07","2021-08-20",13
3118,629,904,"Sutherlan Stepto",48,"Genderfluid","West Dylanport","Tasmania",819,"Shearling","Jacket","XL","yellow",63,95.0,117.0,3,351.0,"2021-08-07","2021-08-20",13
3119,629,904,"Sutherlan Stepto",48,"Genderfluid","West Dylanport","Tasmania",250,"Polo","Shirt","XS","orange",75,117.0,95.0,2,190.0,"2021-08-07","2021-08-20",13
3120,629,904,"Sutherlan Stepto",48,"Genderfluid","West Dylanport","Tasmania",484,"Puffer","Jacket","XL","indigo",60,110.0,118.0,3,354.0,"2021-08-07","2021-08-20",13
3121,630,644,"Ashlie Godwyn",46,"Polygender","Baileyberg","Western Australia",325,"Mandarin Collar","Shirt","XS","yellow",45,108.0,109.0,3,327.0,"2021-01-12","2021-01-31",19
3122,630,644,"Ashlie Godwyn",46,"Polygender","Baileyberg","Western Australia",943,"Drawstring","Trousers","L","violet",62,104.0,96.0,2,192.0,"2021-01-12","2021-01-31",19
3123,630,644,"Ashlie Godwyn",46,"Polygender","Baileyberg","Western Australia",1062,"Joggers","Trousers","M","yellow",72,94.0,93.0,2,186.0,"2021-01-12","2021-01-31",19
3124,630,644,"Ashlie Godwyn",46,"Polygender","Baileyberg","Western Australia",1084,"Joggers","Trousers","XL","violet",40,94.0,93.0,3,279.0,"2021-01-12","2021-01-31",19
3125,630,644,"Ashlie Godwyn",46,"Polygender","Baileyberg","Western Australia",882,"Cords","Trousers","M","orange",53,113.0,94.0,3,282.0,"2021-01-12","2021-01-31",19
3126,631,460,"Frederich Duigenan",31,"Genderfluid","Ellashire","Victoria",874,"Chinos","Trousers","XL","violet",77,100.0,113.0,1,113.0,"2021-04-14","2021-05-08",24
3127,631,460,"Frederich Duigenan",31,"Genderfluid","Ellashire","Victoria",788,"Pullover","Jacket","L","green",72,114.0,91.0,3,273.0,"2021-04-14","2021-05-08",24
3128,631,460,"Frederich Duigenan",31,"Genderfluid","Ellashire","Victoria",1131,"Cargo Pants","Trousers","S","yellow",48,106.0,102.0,3,306.0,"2021-04-14","2021-05-08",24
3129,631,460,"Frederich Duigenan",31,"Genderfluid","Ellashire","Victoria",1221,"Pleated","Trousers","S","violet",50,90.0,105.0,1,105.0,"2021-04-14","2021-05-08",24
3130,632,952,"Geri Renton",45,"Female","Michaelfurt","Northern Territory",1041,"Relaxed Leg","Trousers","S","indigo",40,95.0,90.0,2,180.0,"2021-04-11","2021-04-17",6
3131,632,952,"Geri Renton",45,"Female","Michaelfurt","Northern Territory",191,"Camp Collared","Shirt","S","green",60,112.0,98.0,3,294.0,"2021-04-11","2021-04-17",6
3132,632,952,"Geri Renton",45,"Female","Michaelfurt","Northern Territory",413,"Casual Slim Fit","Shirt","L","indigo",60,113.0,119.0,2,238.0,"2021-04-11","2021-04-17",6
3133,632,952,"Geri Renton",45,"Female","Michaelfurt","Northern Territory",1133,"Cargo Pants","Trousers","L","yellow",71,106.0,102.0,3,306.0,"2021-04-11","2021-04-17",6
3134,633,183,"Martin O'Mailey",44,"Female","New Angelina","Queensland",993,"Wool","Trousers","L","yellow",46,111.0,106.0,1,106.0,"2021-07-02","2021-07-13",11
3135,633,183,"Martin O'Mailey",44,"Female","New Angelina","Queensland",988,"Wool","Trousers","L","orange",56,111.0,106.0,1,106.0,"2021-07-02","2021-07-13",11
3136,633,183,"Martin O'Mailey",44,"Female","New Angelina","Queensland",383,"Henley","Shirt","L","violet",51,92.0,94.0,3,282.0,"2021-07-02","2021-07-13",11
3137,633,183,"Martin O'Mailey",44,"Female","New Angelina","Queensland",720,"Trench Coat","Jacket","XS","blue",59,112.0,119.0,2,238.0,"2021-07-02","2021-07-13",11
3138,633,183,"Martin O'Mailey",44,"Female","New Angelina","Queensland",267,"Polo","Shirt","M","blue",49,117.0,95.0,2,190.0,"2021-07-02","2021-07-13",11
3139,633,183,"Martin O'Mailey",44,"Female","New Angelina","Queensland",1179,"High-Waisted","Trousers","XL","blue",65,98.0,99.0,3,297.0,"2021-07-02","2021-07-13",11
3140,633,183,"Martin O'Mailey",44,"Female","New Angelina","Queensland",215,"Chambray","Shirt","XS","orange",76,105.0,106.0,2,212.0,"2021-07-02","2021-07-13",11
3141,634,327,"Lynda Seydlitz",71,"Non-binary","Port Marcusshire","Western Australia",1159,"High-Waisted","Trousers","XL","red",80,98.0,99.0,3,297.0,"2021-10-13","2021-10-23",10
3142,634,327,"Lynda Seydlitz",71,"Non-binary","Port Marcusshire","Western Australia",760,"Peacoat","Jacket","XS","indigo",45,102.0,109.0,3,327.0,"2021-10-13","2021-10-23",10
3143,634,327,"Lynda Seydlitz",71,"Non-binary","Port Marcusshire","Western Australia",1123,"Cargo Pants","Trousers","L","red",61,106.0,102.0,1,102.0,"2021-10-13","2021-10-23",10
3144,634,327,"Lynda Seydlitz",71,"Non-binary","Port Marcusshire","Western Australia",1066,"Joggers","Trousers","S","green",76,94.0,93.0,3,279.0,"2021-10-13","2021-10-23",10
3145,634,327,"Lynda Seydlitz",71,"Non-binary","Port Marcusshire","Western Australia",847,"Chinos","Trousers","M","orange",73,100.0,113.0,1,113.0,"2021-10-13","2021-10-23",10
3146,634,327,"Lynda Seydlitz",71,"Non-binary","Port Marcusshire","Western Australia",846,"Chinos","Trousers","S","orange",58,100.0,113.0,1,113.0,"2021-10-13","2021-10-23",10
3147,634,327,"Lynda Seydlitz",71,"Non-binary","Port Marcusshire","Western Australia",402,"Casual Slim Fit","Shirt","M","green",67,113.0,119.0,2,238.0,"2021-10-13","2021-10-23",10
3148,634,327,"Lynda Seydlitz",71,"Non-binary","Port Marcusshire","Western Australia",1149,"Cargo Pants","Trousers","XL","indigo",64,106.0,102.0,2,204.0,"2021-10-13","2021-10-23",10
3149,634,327,"Lynda Seydlitz",71,"Non-binary","Port Marcusshire","Western Australia",231,"Chambray","Shirt","S","blue",61,105.0,106.0,3,318.0,"2021-10-13","2021-10-23",10
3150,634,327,"Lynda Seydlitz",71,"Non-binary","Port Marcusshire","Western Australia",968,"Slim-Fit","Trousers","L","blue",49,119.0,97.0,1,97.0,"2021-10-13","2021-10-23",10
3151,635,50,"Moore Oolahan",63,"Genderqueer","East Aidan","Western Australia",183,"Camp Collared","Shirt","L","orange",63,112.0,98.0,1,98.0,"2021-07-15","2021-08-05",21
3152,635,50,"Moore Oolahan",63,"Genderqueer","East Aidan","Western Australia",843,"Chinos","Trousers","L","red",44,100.0,113.0,2,226.0,"2021-07-15","2021-08-05",21
3153,635,50,"Moore Oolahan",63,"Genderqueer","East Aidan","Western Australia",455,"Puffer","Jacket","XS","red",67,110.0,118.0,1,118.0,"2021-07-15","2021-08-05",21
3154,635,50,"Moore Oolahan",63,"Genderqueer","East Aidan","Western Australia",429,"Denim","Jacket","XL","orange",79,92.0,107.0,2,214.0,"2021-07-15","2021-08-05",21
3155,635,50,"Moore Oolahan",63,"Genderqueer","East Aidan","Western Australia",615,"Cardigan","Jacket","XS","blue",54,118.0,112.0,1,112.0,"2021-07-15","2021-08-05",21
3156,635,50,"Moore Oolahan",63,"Genderqueer","East Aidan","Western Australia",453,"Denim","Jacket","L","violet",50,92.0,107.0,3,321.0,"2021-07-15","2021-08-05",21
3157,636,793,"Tressa Cunnane",70,"Agender","Lake Rose","Western Australia",99,"Flannel","Shirt","XL","indigo",57,96.0,118.0,1,118.0,"2021-04-02","2021-04-07",5
3158,636,793,"Tressa Cunnane",70,"Agender","Lake Rose","Western Australia",105,"Denim","Shirt","XS","red",52,115.0,92.0,2,184.0,"2021-04-02","2021-04-07",5
3159,636,793,"Tressa Cunnane",70,"Agender","Lake Rose","Western Australia",796,"Pullover","Jacket","S","indigo",44,114.0,91.0,2,182.0,"2021-04-02","2021-04-07",5
3160,636,793,"Tressa Cunnane",70,"Agender","Lake Rose","Western Australia",107,"Denim","Shirt","M","red",49,115.0,92.0,2,184.0,"2021-04-02","2021-04-07",5
3161,637,886,"Emylee Buscher",69,"Non-binary","Thompsonport","Northern Territory",1158,"High-Waisted","Trousers","L","red",52,98.0,99.0,1,99.0,"2021-08-06","2021-08-18",12
3162,637,886,"Emylee Buscher",69,"Non-binary","Thompsonport","Northern Territory",1175,"High-Waisted","Trousers","XS","blue",51,98.0,99.0,2,198.0,"2021-08-06","2021-08-18",12
3163,637,886,"Emylee Buscher",69,"Non-binary","Thompsonport","Northern Territory",157,"Linen","Shirt","M","green",42,116.0,91.0,2,182.0,"2021-08-06","2021-08-18",12
3164,637,886,"Emylee Buscher",69,"Non-binary","Thompsonport","Northern Territory",765,"Peacoat","Jacket","XS","violet",54,102.0,109.0,3,327.0,"2021-08-06","2021-08-18",12
3165,638,548,"Nicky Giuron",57,"Agender","West Elliestad","Northern Territory",460,"Puffer","Jacket","XS","orange",47,110.0,118.0,1,118.0,"2021-10-03","2021-10-17",14
3166,638,548,"Nicky Giuron",57,"Agender","West Elliestad","Northern Territory",847,"Chinos","Trousers","M","orange",73,100.0,113.0,3,339.0,"2021-10-03","2021-10-17",14
3167,638,548,"Nicky Giuron",57,"Agender","West Elliestad","Northern Territory",924,"Drawstring","Trousers","XL","yellow",48,104.0,96.0,3,288.0,"2021-10-03","2021-10-17",14
3168,638,548,"Nicky Giuron",57,"Agender","West Elliestad","Northern Territory",458,"Puffer","Jacket","L","red",44,110.0,118.0,3,354.0,"2021-10-03","2021-10-17",14
3169,638,548,"Nicky Giuron",57,"Agender","West Elliestad","Northern Territory",175,"Camp Collared","Shirt","XS","red",77,112.0,98.0,3,294.0,"2021-10-03","2021-10-17",14
3170,638,548,"Nicky Giuron",57,"Agender","West Elliestad","Northern Territory",1005,"Wool","Trousers","XS","indigo",43,111.0,106.0,2,212.0,"2021-10-03","2021-10-17",14
3171,639,906,"Vincent Kiledal",74,"Genderfluid","Ebertfurt","Australian Capital Territory",666,"Parka","Jacket","S","red",66,119.0,113.0,1,113.0,"2021-03-30","2021-04-22",23
3172,639,906,"Vincent Kiledal",74,"Genderfluid","Ebertfurt","Australian Capital Territory",1143,"Cargo Pants","Trousers","L","blue",77,106.0,102.0,2,204.0,"2021-03-30","2021-04-22",23
3173,639,906,"Vincent Kiledal",74,"Genderfluid","Ebertfurt","Australian Capital Territory",73,"Flannel","Shirt","L","red",77,96.0,118.0,2,236.0,"2021-03-30","2021-04-22",23
3174,639,906,"Vincent Kiledal",74,"Genderfluid","Ebertfurt","Australian Capital Territory",855,"Chinos","Trousers","XS","green",75,100.0,113.0,2,226.0,"2021-03-30","2021-04-22",23
3175,639,906,"Vincent Kiledal",74,"Genderfluid","Ebertfurt","Australian Capital Territory",949,"Slim-Fit","Trousers","XL","red",67,119.0,97.0,1,97.0,"2021-03-30","2021-04-22",23
3176,640,873,"Cecilla Pigford",38,"Non-binary","Samanthatown","Western Australia",1011,"Wool","Trousers","S","violet",59,111.0,106.0,1,106.0,"2021-01-23","2021-01-26",3
3177,641,20,"Gigi Kalaher",55,"Genderqueer","East Audrey","South Australia",1249,"Tracksuit Bottoms","Trousers","XL","blue",68,91.0,112.0,1,112.0,"2021-03-10","2021-03-22",12
3178,641,20,"Gigi Kalaher",55,"Genderqueer","East Audrey","South Australia",25,"Oxford Cloth","Shirt","XS","indigo",61,114.0,96.0,1,96.0,"2021-03-10","2021-03-22",12
3179,641,20,"Gigi Kalaher",55,"Genderqueer","East Audrey","South Australia",161,"Linen","Shirt","S","blue",77,116.0,91.0,2,182.0,"2021-03-10","2021-03-22",12
3180,641,20,"Gigi Kalaher",55,"Genderqueer","East Audrey","South Australia",1039,"Relaxed Leg","Trousers","XL","blue",40,95.0,90.0,1,90.0,"2021-03-10","2021-03-22",12
3181,641,20,"Gigi Kalaher",55,"Genderqueer","East Audrey","South Australia",840,"Chinos","Trousers","XS","red",69,100.0,113.0,3,339.0,"2021-03-10","2021-03-22",12
3182,642,835,"Randell Shorte",25,"Polygender","North Lachlanfurt","South Australia",1222,"Pleated","Trousers","M","violet",45,90.0,105.0,3,315.0,"2021-01-11","2021-01-26",15
3183,642,835,"Randell Shorte",25,"Polygender","North Lachlanfurt","South Australia",96,"Flannel","Shirt","S","indigo",74,96.0,118.0,2,236.0,"2021-01-11","2021-01-26",15
3184,642,835,"Randell Shorte",25,"Polygender","North Lachlanfurt","South Australia",942,"Drawstring","Trousers","M","violet",73,104.0,96.0,3,288.0,"2021-01-11","2021-01-26",15
3185,642,835,"Randell Shorte",25,"Polygender","North Lachlanfurt","South Australia",1201,"Pleated","Trousers","S","yellow",71,90.0,105.0,2,210.0,"2021-01-11","2021-01-26",15
3186,642,835,"Randell Shorte",25,"Polygender","North Lachlanfurt","South Australia",935,"Drawstring","Trousers","XS","indigo",61,104.0,96.0,2,192.0,"2021-01-11","2021-01-26",15
3187,642,835,"Randell Shorte",25,"Polygender","North Lachlanfurt","South Australia",443,"Denim","Jacket","L","blue",42,92.0,107.0,1,107.0,"2021-01-11","2021-01-26",15
3188,642,835,"Randell Shorte",25,"Polygender","North Lachlanfurt","South Australia",755,"Peacoat","Jacket","XS","blue",48,102.0,109.0,2,218.0,"2021-01-11","2021-01-26",15
3189,642,835,"Randell Shorte",25,"Polygender","North Lachlanfurt","South Australia",496,"Windbreaker","Jacket","S","orange",55,109.0,102.0,1,102.0,"2021-01-11","2021-01-26",15
3190,642,835,"Randell Shorte",25,"Polygender","North Lachlanfurt","South Australia",671,"Parka","Jacket","S","orange",72,119.0,113.0,1,113.0,"2021-01-11","2021-01-26",15
3191,643,778,"Chastity Daniaud",20,"Genderfluid","Blakemouth","Northern Territory",1196,"Pleated","Trousers","S","orange",72,90.0,105.0,2,210.0,"2021-05-18","2021-05-24",6
3192,643,778,"Chastity Daniaud",20,"Genderfluid","Blakemouth","Northern Territory",641,"Coach","Jacket","S","yellow",67,115.0,93.0,2,186.0,"2021-05-18","2021-05-24",6
3193,643,778,"Chastity Daniaud",20,"Genderfluid","Blakemouth","Northern Territory",682,"Parka","Jacket","M","green",71,119.0,113.0,3,339.0,"2021-05-18","2021-05-24",6
3194,643,778,"Chastity Daniaud",20,"Genderfluid","Blakemouth","Northern Territory",458,"Puffer","Jacket","L","red",44,110.0,118.0,3,354.0,"2021-05-18","2021-05-24",6
3195,643,778,"Chastity Daniaud",20,"Genderfluid","Blakemouth","Northern Territory",954,"Slim-Fit","Trousers","XL","orange",78,119.0,97.0,1,97.0,"2021-05-18","2021-05-24",6
3196,643,778,"Chastity Daniaud",20,"Genderfluid","Blakemouth","Northern Territory",271,"Polo","Shirt","S","indigo",50,117.0,95.0,2,190.0,"2021-05-18","2021-05-24",6
3197,643,778,"Chastity Daniaud",20,"Genderfluid","Blakemouth","Northern Territory",320,"Mandarin Collar","Shirt","XS","orange",68,108.0,109.0,1,109.0,"2021-05-18","2021-05-24",6
3198,643,778,"Chastity Daniaud",20,"Genderfluid","Blakemouth","Northern Territory",1189,"High-Waisted","Trousers","XL","violet",74,98.0,99.0,3,297.0,"2021-05-18","2021-05-24",6
3199,644,207,"Brade Caught",56,"Genderqueer","Elijahburgh","Queensland",454,"Denim","Jacket","XL","violet",63,92.0,107.0,2,214.0,"2021-03-13","2021-03-22",9
3200,644,207,"Brade Caught",56,"Genderqueer","Elijahburgh","Queensland",167,"Linen","Shirt","M","indigo",72,116.0,91.0,3,273.0,"2021-03-13","2021-03-22",9
3201,644,207,"Brade Caught",56,"Genderqueer","Elijahburgh","Queensland",1,"Oxford Cloth","Shirt","S","red",53,114.0,96.0,2,192.0,"2021-03-13","2021-03-22",9
3202,644,207,"Brade Caught",56,"Genderqueer","Elijahburgh","Queensland",957,"Slim-Fit","Trousers","M","yellow",55,119.0,97.0,3,291.0,"2021-03-13","2021-03-22",9
3203,645,794,"Elizabet Pippin",72,"Non-binary","Port Anna","South Australia",444,"Denim","Jacket","XL","blue",80,92.0,107.0,2,214.0,"2021-08-19","2021-09-13",25
3204,645,794,"Elizabet Pippin",72,"Non-binary","Port Anna","South Australia",586,"Bomber","Jacket","S","indigo",41,90.0,100.0,2,200.0,"2021-08-19","2021-09-13",25
3205,645,794,"Elizabet Pippin",72,"Non-binary","Port Anna","South Australia",580,"Bomber","Jacket","XS","blue",44,90.0,100.0,3,300.0,"2021-08-19","2021-09-13",25
3206,645,794,"Elizabet Pippin",72,"Non-binary","Port Anna","South Australia",455,"Puffer","Jacket","XS","red",67,110.0,118.0,2,236.0,"2021-08-19","2021-09-13",25
3207,645,794,"Elizabet Pippin",72,"Non-binary","Port Anna","South Australia",939,"Drawstring","Trousers","XL","indigo",41,104.0,96.0,3,288.0,"2021-08-19","2021-09-13",25
3208,645,794,"Elizabet Pippin",72,"Non-binary","Port Anna","South Australia",525,"Leather","Jacket","XS","red",67,113.0,98.0,2,196.0,"2021-08-19","2021-09-13",25
3209,645,794,"Elizabet Pippin",72,"Non-binary","Port Anna","South Australia",470,"Puffer","Jacket","XS","green",41,110.0,118.0,2,236.0,"2021-08-19","2021-09-13",25
3210,646,369,"Ephrem Hambers",46,"Female","New Stellastad","Australian Capital Territory",367,"Henley","Shirt","M","green",65,92.0,94.0,3,282.0,"2021-05-08","2021-05-28",20
3211,646,369,"Ephrem Hambers",46,"Female","New Stellastad","Australian Capital Territory",186,"Camp Collared","Shirt","S","yellow",66,112.0,98.0,1,98.0,"2021-05-08","2021-05-28",20
3212,646,369,"Ephrem Hambers",46,"Female","New Stellastad","Australian Capital Territory",411,"Casual Slim Fit","Shirt","S","indigo",65,113.0,119.0,3,357.0,"2021-05-08","2021-05-28",20
3213,647,439,"Daren Airs",75,"Female","West Thomas","Victoria",991,"Wool","Trousers","S","yellow",69,111.0,106.0,3,318.0,"2021-02-06","2021-02-11",5
3214,647,439,"Daren Airs",75,"Female","West Thomas","Victoria",1218,"Pleated","Trousers","L","indigo",73,90.0,105.0,3,315.0,"2021-02-06","2021-02-11",5
3215,647,439,"Daren Airs",75,"Female","West Thomas","Victoria",253,"Polo","Shirt","L","orange",63,117.0,95.0,2,190.0,"2021-02-06","2021-02-11",5
3216,648,522,"Ailina Kynan",71,"Genderqueer","Handborough","South Australia",85,"Flannel","Shirt","XS","green",55,96.0,118.0,3,354.0,"2021-07-16","2021-07-19",3
3217,648,522,"Ailina Kynan",71,"Genderqueer","Handborough","South Australia",835,"Shearling","Jacket","XS","violet",75,95.0,117.0,3,351.0,"2021-07-16","2021-07-19",3
3218,648,522,"Ailina Kynan",71,"Genderqueer","Handborough","South Australia",257,"Polo","Shirt","M","yellow",52,117.0,95.0,3,285.0,"2021-07-16","2021-07-19",3
3219,649,840,"Ellene Dedam",25,"Agender","Islamouth","Western Australia",922,"Drawstring","Trousers","M","yellow",55,104.0,96.0,2,192.0,"2021-07-28","2021-08-16",19
3220,649,840,"Ellene Dedam",25,"Agender","Islamouth","Western Australia",413,"Casual Slim Fit","Shirt","L","indigo",60,113.0,119.0,3,357.0,"2021-07-28","2021-08-16",19
3221,649,840,"Ellene Dedam",25,"Agender","Islamouth","Western Australia",1215,"Pleated","Trousers","XS","indigo",52,90.0,105.0,1,105.0,"2021-07-28","2021-08-16",19
3222,649,840,"Ellene Dedam",25,"Agender","Islamouth","Western Australia",294,"Cuban Collar","Shirt","XL","yellow",76,93.0,105.0,3,315.0,"2021-07-28","2021-08-16",19
3223,649,840,"Ellene Dedam",25,"Agender","Islamouth","Western Australia",274,"Polo","Shirt","XL","indigo",56,117.0,95.0,2,190.0,"2021-07-28","2021-08-16",19
3224,650,739,"Kristel Klaaassen",57,"Female","East Matthewville","New South Wales",975,"Slim-Fit","Trousers","XS","violet",70,119.0,97.0,2,194.0,"2021-01-02","2021-01-15",13
3225,650,739,"Kristel Klaaassen",57,"Female","East Matthewville","New South Wales",579,"Bomber","Jacket","XL","green",79,90.0,100.0,1,100.0,"2021-01-02","2021-01-15",13
3226,650,739,"Kristel Klaaassen",57,"Female","East Matthewville","New South Wales",156,"Linen","Shirt","S","green",58,116.0,91.0,1,91.0,"2021-01-02","2021-01-15",13
3227,650,739,"Kristel Klaaassen",57,"Female","East Matthewville","New South Wales",953,"Slim-Fit","Trousers","L","orange",66,119.0,97.0,1,97.0,"2021-01-02","2021-01-15",13
3228,650,739,"Kristel Klaaassen",57,"Female","East Matthewville","New South Wales",951,"Slim-Fit","Trousers","S","orange",55,119.0,97.0,1,97.0,"2021-01-02","2021-01-15",13
3229,650,739,"Kristel Klaaassen",57,"Female","East Matthewville","New South Wales",407,"Casual Slim Fit","Shirt","M","blue",61,113.0,119.0,2,238.0,"2021-01-02","2021-01-15",13
3230,650,739,"Kristel Klaaassen",57,"Female","East Matthewville","New South Wales",1205,"Pleated","Trousers","XS","green",58,90.0,105.0,3,315.0,"2021-01-02","2021-01-15",13
3231,651,581,"Fabian Gostage",40,"Polygender","Hackettland","South Australia",997,"Wool","Trousers","M","green",41,111.0,106.0,3,318.0,"2021-05-22","2021-05-25",3
3232,651,581,"Fabian Gostage",40,"Polygender","Hackettland","South Australia",538,"Leather","Jacket","L","yellow",45,113.0,98.0,3,294.0,"2021-05-22","2021-05-25",3
3233,651,581,"Fabian Gostage",40,"Polygender","Hackettland","South Australia",640,"Coach","Jacket","XS","yellow",52,115.0,93.0,1,93.0,"2021-05-22","2021-05-25",3
3234,651,581,"Fabian Gostage",40,"Polygender","Hackettland","South Australia",1072,"Joggers","Trousers","M","blue",78,94.0,93.0,2,186.0,"2021-05-22","2021-05-25",3
3235,651,581,"Fabian Gostage",40,"Polygender","Hackettland","South Australia",156,"Linen","Shirt","S","green",58,116.0,91.0,2,182.0,"2021-05-22","2021-05-25",3
3236,651,581,"Fabian Gostage",40,"Polygender","Hackettland","South Australia",361,"Henley","Shirt","S","yellow",70,92.0,94.0,2,188.0,"2021-05-22","2021-05-25",3
3237,651,581,"Fabian Gostage",40,"Polygender","Hackettland","South Australia",801,"Pullover","Jacket","S","violet",74,114.0,91.0,1,91.0,"2021-05-22","2021-05-25",3
3238,651,581,"Fabian Gostage",40,"Polygender","Hackettland","South Australia",456,"Puffer","Jacket","S","red",62,110.0,118.0,1,118.0,"2021-05-22","2021-05-25",3
3239,651,581,"Fabian Gostage",40,"Polygender","Hackettland","South Australia",336,"Mandarin Collar","Shirt","S","blue",44,108.0,109.0,2,218.0,"2021-05-22","2021-05-25",3
3240,652,691,"Silvie Bortol",73,"Genderfluid","Abigailshire","New South Wales",516,"Windbreaker","Jacket","S","indigo",62,109.0,102.0,2,204.0,"2021-03-09","2021-03-27",18
3241,652,691,"Silvie Bortol",73,"Genderfluid","Abigailshire","New South Wales",908,"Cords","Trousers","L","violet",74,113.0,94.0,3,282.0,"2021-03-09","2021-03-27",18
3242,652,691,"Silvie Bortol",73,"Genderfluid","Abigailshire","New South Wales",386,"Casual Slim Fit","Shirt","S","red",50,113.0,119.0,2,238.0,"2021-03-09","2021-03-27",18
3243,653,629,"Sigismundo Basek",53,"Male","Amberland","Western Australia",702,"Trench Coat","Jacket","M","red",57,112.0,119.0,3,357.0,"2021-02-19","2021-03-18",27
3244,653,629,"Sigismundo Basek",53,"Male","Amberland","Western Australia",232,"Chambray","Shirt","M","blue",66,105.0,106.0,1,106.0,"2021-02-19","2021-03-18",27
3245,653,629,"Sigismundo Basek",53,"Male","Amberland","Western Australia",216,"Chambray","Shirt","S","orange",69,105.0,106.0,1,106.0,"2021-02-19","2021-03-18",27
3246,653,629,"Sigismundo Basek",53,"Male","Amberland","Western Australia",599,"Cardigan","Jacket","XL","red",54,118.0,112.0,2,224.0,"2021-02-19","2021-03-18",27
3247,653,629,"Sigismundo Basek",53,"Male","Amberland","Western Australia",561,"Bomber","Jacket","S","red",74,90.0,100.0,2,200.0,"2021-02-19","2021-03-18",27
3248,653,629,"Sigismundo Basek",53,"Male","Amberland","Western Australia",492,"Windbreaker","Jacket","M","red",47,109.0,102.0,1,102.0,"2021-02-19","2021-03-18",27
3249,653,629,"Sigismundo Basek",53,"Male","Amberland","Western Australia",970,"Slim-Fit","Trousers","XS","indigo",74,119.0,97.0,2,194.0,"2021-02-19","2021-03-18",27
3250,653,629,"Sigismundo Basek",53,"Male","Amberland","Western Australia",781,"Pullover","Jacket","S","yellow",42,114.0,91.0,1,91.0,"2021-02-19","2021-03-18",27
3251,654,417,"Bay Kraut",57,"Non-binary","Fadelland","Tasmania",830,"Shearling","Jacket","XS","indigo",68,95.0,117.0,3,351.0,"2021-08-18","2021-08-30",12
3252,654,417,"Bay Kraut",57,"Non-binary","Fadelland","Tasmania",826,"Shearling","Jacket","S","blue",72,95.0,117.0,2,234.0,"2021-08-18","2021-08-30",12
3253,655,333,"Con Pressdee",57,"Non-binary","West Marcus","South Australia",766,"Peacoat","Jacket","S","violet",73,102.0,109.0,2,218.0,"2021-05-25","2021-06-06",12
3254,655,333,"Con Pressdee",57,"Non-binary","West Marcus","South Australia",73,"Flannel","Shirt","L","red",77,96.0,118.0,3,354.0,"2021-05-25","2021-06-06",12
3255,655,333,"Con Pressdee",57,"Non-binary","West Marcus","South Australia",371,"Henley","Shirt","S","blue",75,92.0,94.0,1,94.0,"2021-05-25","2021-06-06",12
3256,655,333,"Con Pressdee",57,"Non-binary","West Marcus","South Australia",175,"Camp Collared","Shirt","XS","red",77,112.0,98.0,3,294.0,"2021-05-25","2021-06-06",12
3257,656,907,"Aindrea Franzetti",43,"Female","North Caitlin","South Australia",282,"Cuban Collar","Shirt","M","red",53,93.0,105.0,3,315.0,"2021-03-22","2021-03-23",1
3258,656,907,"Aindrea Franzetti",43,"Female","North Caitlin","South Australia",55,"Dress","Shirt","XS","blue",41,119.0,104.0,3,312.0,"2021-03-22","2021-03-23",1
3259,657,479,"Dunc Swynley",20,"Genderqueer","Mullerberg","Western Australia",700,"Trench Coat","Jacket","XS","red",78,112.0,119.0,1,119.0,"2021-07-22","2021-07-28",6
3260,657,479,"Dunc Swynley",20,"Genderqueer","Mullerberg","Western Australia",686,"Parka","Jacket","S","blue",72,119.0,113.0,1,113.0,"2021-07-22","2021-07-28",6
3261,657,479,"Dunc Swynley",20,"Genderqueer","Mullerberg","Western Australia",1185,"High-Waisted","Trousers","XS","violet",72,98.0,99.0,3,297.0,"2021-07-22","2021-07-28",6
3262,658,201,"Loni Tort",58,"Polygender","Joelmouth","Australian Capital Territory",908,"Cords","Trousers","L","violet",74,113.0,94.0,3,282.0,"2021-05-23","2021-06-05",13
3263,658,201,"Loni Tort",58,"Polygender","Joelmouth","Australian Capital Territory",195,"Camp Collared","Shirt","XS","blue",47,112.0,98.0,2,196.0,"2021-05-23","2021-06-05",13
3264,658,201,"Loni Tort",58,"Polygender","Joelmouth","Australian Capital Territory",1123,"Cargo Pants","Trousers","L","red",61,106.0,102.0,3,306.0,"2021-05-23","2021-06-05",13
3265,658,201,"Loni Tort",58,"Polygender","Joelmouth","Australian Capital Territory",439,"Denim","Jacket","XL","green",59,92.0,107.0,2,214.0,"2021-05-23","2021-06-05",13
3266,658,201,"Loni Tort",58,"Polygender","Joelmouth","Australian Capital Territory",692,"Parka","Jacket","M","indigo",66,119.0,113.0,1,113.0,"2021-05-23","2021-06-05",13
3267,658,201,"Loni Tort",58,"Polygender","Joelmouth","Australian Capital Territory",1204,"Pleated","Trousers","XL","yellow",52,90.0,105.0,2,210.0,"2021-05-23","2021-06-05",13
3268,658,201,"Loni Tort",58,"Polygender","Joelmouth","Australian Capital Territory",271,"Polo","Shirt","S","indigo",50,117.0,95.0,1,95.0,"2021-05-23","2021-06-05",13
3269,658,201,"Loni Tort",58,"Polygender","Joelmouth","Australian Capital Territory",42,"Dress","Shirt","M","orange",53,119.0,104.0,1,104.0,"2021-05-23","2021-06-05",13
3270,659,328,"Wadsworth Olivier",59,"Non-binary","North Elijahshire","Western Australia",1042,"Relaxed Leg","Trousers","M","indigo",45,95.0,90.0,1,90.0,"2021-09-30","2021-10-15",15
3271,659,328,"Wadsworth Olivier",59,"Non-binary","North Elijahshire","Western Australia",565,"Bomber","Jacket","XS","orange",80,90.0,100.0,3,300.0,"2021-09-30","2021-10-15",15
3272,659,328,"Wadsworth Olivier",59,"Non-binary","North Elijahshire","Western Australia",1060,"Joggers","Trousers","XS","yellow",62,94.0,93.0,2,186.0,"2021-09-30","2021-10-15",15
3273,660,787,"Sharl Izzett",31,"Female","Davidshire","South Australia",301,"Cuban Collar","Shirt","S","blue",62,93.0,105.0,2,210.0,"2021-08-16","2021-08-25",9
3274,660,787,"Sharl Izzett",31,"Female","Davidshire","South Australia",463,"Puffer","Jacket","L","orange",66,110.0,118.0,2,236.0,"2021-08-16","2021-08-25",9
3275,660,787,"Sharl Izzett",31,"Female","Davidshire","South Australia",807,"Shearling","Jacket","M","red",49,95.0,117.0,3,351.0,"2021-08-16","2021-08-25",9
3276,661,427,"Tomaso Mullin",25,"Genderqueer","New Ava","Queensland",21,"Oxford Cloth","Shirt","S","blue",51,114.0,96.0,1,96.0,"2021-09-14","2021-09-17",3
3277,661,427,"Tomaso Mullin",25,"Genderqueer","New Ava","Queensland",990,"Wool","Trousers","XS","yellow",67,111.0,106.0,1,106.0,"2021-09-14","2021-09-17",3
3278,661,427,"Tomaso Mullin",25,"Genderqueer","New Ava","Queensland",1184,"High-Waisted","Trousers","XL","indigo",57,98.0,99.0,2,198.0,"2021-09-14","2021-09-17",3
3279,661,427,"Tomaso Mullin",25,"Genderqueer","New Ava","Queensland",849,"Chinos","Trousers","XL","orange",48,100.0,113.0,3,339.0,"2021-09-14","2021-09-17",3
3280,661,427,"Tomaso Mullin",25,"Genderqueer","New Ava","Queensland",826,"Shearling","Jacket","S","blue",72,95.0,117.0,3,351.0,"2021-09-14","2021-09-17",3
3281,661,427,"Tomaso Mullin",25,"Genderqueer","New Ava","Queensland",220,"Chambray","Shirt","XS","yellow",57,105.0,106.0,1,106.0,"2021-09-14","2021-09-17",3
3282,662,924,"Cherie Fairhead",58,"Female","South Ellieburgh","Queensland",222,"Chambray","Shirt","M","yellow",62,105.0,106.0,3,318.0,"2021-09-19","2021-09-29",10
3283,662,924,"Cherie Fairhead",58,"Female","South Ellieburgh","Queensland",424,"Denim","Jacket","XL","red",58,92.0,107.0,1,107.0,"2021-09-19","2021-09-29",10
3284,662,924,"Cherie Fairhead",58,"Female","South Ellieburgh","Queensland",859,"Chinos","Trousers","XL","green",50,100.0,113.0,1,113.0,"2021-09-19","2021-09-29",10
3285,662,924,"Cherie Fairhead",58,"Female","South Ellieburgh","Queensland",892,"Cords","Trousers","M","green",76,113.0,94.0,2,188.0,"2021-09-19","2021-09-29",10
3286,662,924,"Cherie Fairhead",58,"Female","South Ellieburgh","Queensland",946,"Slim-Fit","Trousers","S","red",71,119.0,97.0,3,291.0,"2021-09-19","2021-09-29",10
3287,662,924,"Cherie Fairhead",58,"Female","South Ellieburgh","Queensland",1035,"Relaxed Leg","Trousers","XS","blue",54,95.0,90.0,3,270.0,"2021-09-19","2021-09-29",10
3288,663,836,"Nixie Fraczak",29,"Genderqueer","Ryanberg","Queensland",1079,"Joggers","Trousers","XL","indigo",66,94.0,93.0,1,93.0,"2021-04-09","2021-04-10",1
3289,663,836,"Nixie Fraczak",29,"Genderqueer","Ryanberg","Queensland",1171,"High-Waisted","Trousers","S","green",73,98.0,99.0,1,99.0,"2021-04-09","2021-04-10",1
3290,663,836,"Nixie Fraczak",29,"Genderqueer","Ryanberg","Queensland",995,"Wool","Trousers","XS","green",73,111.0,106.0,1,106.0,"2021-04-09","2021-04-10",1
3291,663,836,"Nixie Fraczak",29,"Genderqueer","Ryanberg","Queensland",579,"Bomber","Jacket","XL","green",79,90.0,100.0,2,200.0,"2021-04-09","2021-04-10",1
3292,663,836,"Nixie Fraczak",29,"Genderqueer","Ryanberg","Queensland",305,"Cuban Collar","Shirt","XS","indigo",50,93.0,105.0,1,105.0,"2021-04-09","2021-04-10",1
3293,664,21,"Seana Hearons",31,"Non-binary","South Callum","Tasmania",811,"Shearling","Jacket","S","orange",53,95.0,117.0,1,117.0,"2021-01-07","2021-01-20",13
3294,664,21,"Seana Hearons",31,"Non-binary","South Callum","Tasmania",312,"Cuban Collar","Shirt","M","violet",67,93.0,105.0,1,105.0,"2021-01-07","2021-01-20",13
3295,665,176,"Curtis McCarroll",45,"Male","Lake Johnchester","New South Wales",533,"Leather","Jacket","L","orange",78,113.0,98.0,3,294.0,"2021-03-10","2021-03-26",16
3296,665,176,"Curtis McCarroll",45,"Male","Lake Johnchester","New South Wales",484,"Puffer","Jacket","XL","indigo",60,110.0,118.0,1,118.0,"2021-03-10","2021-03-26",16
3297,666,456,"Joelynn Remington",33,"Agender","West Lachlan","Queensland",1216,"Pleated","Trousers","S","indigo",41,90.0,105.0,3,315.0,"2021-08-25","2021-09-11",17
3298,666,456,"Joelynn Remington",33,"Agender","West Lachlan","Queensland",1029,"Relaxed Leg","Trousers","XL","yellow",54,95.0,90.0,1,90.0,"2021-08-25","2021-09-11",17
3299,666,456,"Joelynn Remington",33,"Agender","West Lachlan","Queensland",1234,"Tracksuit Bottoms","Trousers","XL","orange",42,91.0,112.0,2,224.0,"2021-08-25","2021-09-11",17
3300,666,456,"Joelynn Remington",33,"Agender","West Lachlan","Queensland",782,"Pullover","Jacket","M","yellow",49,114.0,91.0,1,91.0,"2021-08-25","2021-09-11",17
3301,666,456,"Joelynn Remington",33,"Agender","West Lachlan","Queensland",1147,"Cargo Pants","Trousers","M","indigo",51,106.0,102.0,2,204.0,"2021-08-25","2021-09-11",17
3302,666,456,"Joelynn Remington",33,"Agender","West Lachlan","Queensland",215,"Chambray","Shirt","XS","orange",76,105.0,106.0,1,106.0,"2021-08-25","2021-09-11",17
3303,667,737,"Zebulen Zannotti",60,"Genderqueer","Harveyside","Tasmania",978,"Slim-Fit","Trousers","L","violet",58,119.0,97.0,1,97.0,"2021-03-23","2021-03-28",5
3304,667,737,"Zebulen Zannotti",60,"Genderqueer","Harveyside","Tasmania",547,"Leather","Jacket","M","blue",60,113.0,98.0,1,98.0,"2021-03-23","2021-03-28",5
3305,667,737,"Zebulen Zannotti",60,"Genderqueer","Harveyside","Tasmania",926,"Drawstring","Trousers","S","green",73,104.0,96.0,3,288.0,"2021-03-23","2021-03-28",5
3306,667,737,"Zebulen Zannotti",60,"Genderqueer","Harveyside","Tasmania",3,"Oxford Cloth","Shirt","L","red",69,114.0,96.0,1,96.0,"2021-03-23","2021-03-28",5
3307,667,737,"Zebulen Zannotti",60,"Genderqueer","Harveyside","Tasmania",698,"Parka","Jacket","L","violet",53,119.0,113.0,3,339.0,"2021-03-23","2021-03-28",5
3308,667,737,"Zebulen Zannotti",60,"Genderqueer","Harveyside","Tasmania",1077,"Joggers","Trousers","M","indigo",66,94.0,93.0,2,186.0,"2021-03-23","2021-03-28",5
3309,667,737,"Zebulen Zannotti",60,"Genderqueer","Harveyside","Tasmania",226,"Chambray","Shirt","S","green",63,105.0,106.0,2,212.0,"2021-03-23","2021-03-28",5
3310,668,22,"Blayne Sabatier",20,"Non-binary","Maxberg","Victoria",788,"Pullover","Jacket","L","green",72,114.0,91.0,3,273.0,"2021-03-15","2021-03-30",15
3311,668,22,"Blayne Sabatier",20,"Non-binary","Maxberg","Victoria",388,"Casual Slim Fit","Shirt","L","red",78,113.0,119.0,2,238.0,"2021-03-15","2021-03-30",15
3312,668,22,"Blayne Sabatier",20,"Non-binary","Maxberg","Victoria",1149,"Cargo Pants","Trousers","XL","indigo",64,106.0,102.0,3,306.0,"2021-03-15","2021-03-30",15
3313,668,22,"Blayne Sabatier",20,"Non-binary","Maxberg","Victoria",955,"Slim-Fit","Trousers","XS","yellow",59,119.0,97.0,3,291.0,"2021-03-15","2021-03-30",15
3314,668,22,"Blayne Sabatier",20,"Non-binary","Maxberg","Victoria",48,"Dress","Shirt","L","yellow",56,119.0,104.0,3,312.0,"2021-03-15","2021-03-30",15
3315,668,22,"Blayne Sabatier",20,"Non-binary","Maxberg","Victoria",481,"Puffer","Jacket","S","indigo",62,110.0,118.0,1,118.0,"2021-03-15","2021-03-30",15
3316,668,22,"Blayne Sabatier",20,"Non-binary","Maxberg","Victoria",1079,"Joggers","Trousers","XL","indigo",66,94.0,93.0,1,93.0,"2021-03-15","2021-03-30",15
3317,668,22,"Blayne Sabatier",20,"Non-binary","Maxberg","Victoria",478,"Puffer","Jacket","L","blue",48,110.0,118.0,3,354.0,"2021-03-15","2021-03-30",15
3318,668,22,"Blayne Sabatier",20,"Non-binary","Maxberg","Victoria",903,"Cords","Trousers","L","indigo",62,113.0,94.0,1,94.0,"2021-03-15","2021-03-30",15
3319,668,22,"Blayne Sabatier",20,"Non-binary","Maxberg","Victoria",214,"Chambray","Shirt","XL","red",42,105.0,106.0,1,106.0,"2021-03-15","2021-03-30",15
3320,668,22,"Blayne Sabatier",20,"Non-binary","Maxberg","Victoria",77,"Flannel","Shirt","M","orange",68,96.0,118.0,3,354.0,"2021-03-15","2021-03-30",15
3321,669,247,"Atlante McGrotty",57,"Female","Mayerland","Victoria",672,"Parka","Jacket","M","orange",51,119.0,113.0,2,226.0,"2021-06-18","2021-07-02",14
3322,669,247,"Atlante McGrotty",57,"Female","Mayerland","Victoria",960,"Slim-Fit","Trousers","XS","green",74,119.0,97.0,1,97.0,"2021-06-18","2021-07-02",14
3323,669,247,"Atlante McGrotty",57,"Female","Mayerland","Victoria",555,"Leather","Jacket","XS","violet",70,113.0,98.0,1,98.0,"2021-06-18","2021-07-02",14
3324,670,1,"Leanna Busson",30,"Female","Johnstonhaven","Northern Territory",525,"Leather","Jacket","XS","red",67,113.0,98.0,2,196.0,"2021-03-06","2021-04-01",26
3325,670,1,"Leanna Busson",30,"Female","Johnstonhaven","Northern Territory",792,"Pullover","Jacket","M","blue",44,114.0,91.0,2,182.0,"2021-03-06","2021-04-01",26
3326,670,1,"Leanna Busson",30,"Female","Johnstonhaven","Northern Territory",179,"Camp Collared","Shirt","XL","red",79,112.0,98.0,1,98.0,"2021-03-06","2021-04-01",26
3327,670,1,"Leanna Busson",30,"Female","Johnstonhaven","Northern Territory",789,"Pullover","Jacket","XL","green",65,114.0,91.0,3,273.0,"2021-03-06","2021-04-01",26
3328,671,156,"Cosmo Leys",24,"Female","Kaiberg","Western Australia",1154,"Cargo Pants","Trousers","XL","violet",77,106.0,102.0,3,306.0,"2021-06-22","2021-07-08",16
3329,671,156,"Cosmo Leys",24,"Female","Kaiberg","Western Australia",732,"Trench Coat","Jacket","M","violet",61,112.0,119.0,1,119.0,"2021-06-22","2021-07-08",16
3330,671,156,"Cosmo Leys",24,"Female","Kaiberg","Western Australia",1054,"Joggers","Trousers","XL","red",58,94.0,93.0,1,93.0,"2021-06-22","2021-07-08",16
3331,671,156,"Cosmo Leys",24,"Female","Kaiberg","Western Australia",608,"Cardigan","Jacket","L","yellow",50,118.0,112.0,3,336.0,"2021-06-22","2021-07-08",16
3332,671,156,"Cosmo Leys",24,"Female","Kaiberg","Western Australia",343,"Mandarin Collar","Shirt","L","indigo",53,108.0,109.0,3,327.0,"2021-06-22","2021-07-08",16
3333,671,156,"Cosmo Leys",24,"Female","Kaiberg","Western Australia",335,"Mandarin Collar","Shirt","XS","blue",59,108.0,109.0,1,109.0,"2021-06-22","2021-07-08",16
3334,672,677,"Nady Buston",33,"Female","North Mikayla","Tasmania",523,"Windbreaker","Jacket","L","violet",72,109.0,102.0,3,306.0,"2021-02-12","2021-02-25",13
3335,672,677,"Nady Buston",33,"Female","North Mikayla","Tasmania",663,"Coach","Jacket","L","violet",80,115.0,93.0,2,186.0,"2021-02-12","2021-02-25",13
3336,672,677,"Nady Buston",33,"Female","North Mikayla","Tasmania",1004,"Wool","Trousers","XL","blue",41,111.0,106.0,3,318.0,"2021-02-12","2021-02-25",13
3337,672,677,"Nady Buston",33,"Female","North Mikayla","Tasmania",708,"Trench Coat","Jacket","L","orange",70,112.0,119.0,3,357.0,"2021-02-12","2021-02-25",13
3338,672,677,"Nady Buston",33,"Female","North Mikayla","Tasmania",275,"Polo","Shirt","XS","violet",67,117.0,95.0,3,285.0,"2021-02-12","2021-02-25",13
3339,673,326,"Meade Yglesia",54,"Genderfluid","New Masonport","Northern Territory",524,"Windbreaker","Jacket","XL","violet",54,109.0,102.0,2,204.0,"2021-02-05","2021-02-19",14
3340,673,326,"Meade Yglesia",54,"Genderfluid","New Masonport","Northern Territory",1013,"Wool","Trousers","L","violet",61,111.0,106.0,3,318.0,"2021-02-05","2021-02-19",14
3341,673,326,"Meade Yglesia",54,"Genderfluid","New Masonport","Northern Territory",881,"Cords","Trousers","S","orange",59,113.0,94.0,2,188.0,"2021-02-05","2021-02-19",14
3342,673,326,"Meade Yglesia",54,"Genderfluid","New Masonport","Northern Territory",1149,"Cargo Pants","Trousers","XL","indigo",64,106.0,102.0,2,204.0,"2021-02-05","2021-02-19",14
3343,673,326,"Meade Yglesia",54,"Genderfluid","New Masonport","Northern Territory",628,"Cardigan","Jacket","L","violet",66,118.0,112.0,1,112.0,"2021-02-05","2021-02-19",14
3344,673,326,"Meade Yglesia",54,"Genderfluid","New Masonport","Northern Territory",938,"Drawstring","Trousers","L","indigo",77,104.0,96.0,2,192.0,"2021-02-05","2021-02-19",14
3345,673,326,"Meade Yglesia",54,"Genderfluid","New Masonport","Northern Territory",1119,"Cropped","Trousers","XL","violet",64,99.0,115.0,2,230.0,"2021-02-05","2021-02-19",14
3346,674,300,"Darren Karpenko",24,"Female","Hermistonside","Western Australia",375,"Henley","Shirt","XS","indigo",58,92.0,94.0,1,94.0,"2021-01-29","2021-02-05",7
3347,674,300,"Darren Karpenko",24,"Female","Hermistonside","Western Australia",1002,"Wool","Trousers","M","blue",52,111.0,106.0,3,318.0,"2021-01-29","2021-02-05",7
3348,674,300,"Darren Karpenko",24,"Female","Hermistonside","Western Australia",799,"Pullover","Jacket","XL","indigo",43,114.0,91.0,3,273.0,"2021-01-29","2021-02-05",7
3349,674,300,"Darren Karpenko",24,"Female","Hermistonside","Western Australia",451,"Denim","Jacket","S","violet",73,92.0,107.0,1,107.0,"2021-01-29","2021-02-05",7
3350,674,300,"Darren Karpenko",24,"Female","Hermistonside","Western Australia",650,"Coach","Jacket","XS","blue",51,115.0,93.0,1,93.0,"2021-01-29","2021-02-05",7
3351,674,300,"Darren Karpenko",24,"Female","Hermistonside","Western Australia",335,"Mandarin Collar","Shirt","XS","blue",59,108.0,109.0,2,218.0,"2021-01-29","2021-02-05",7
3352,674,300,"Darren Karpenko",24,"Female","Hermistonside","Western Australia",483,"Puffer","Jacket","L","indigo",61,110.0,118.0,1,118.0,"2021-01-29","2021-02-05",7
3353,674,300,"Darren Karpenko",24,"Female","Hermistonside","Western Australia",1192,"Pleated","Trousers","M","red",40,90.0,105.0,2,210.0,"2021-01-29","2021-02-05",7
3354,675,896,"Thoma Seaking",67,"Genderqueer","Ryanberg","South Australia",1012,"Wool","Trousers","M","violet",51,111.0,106.0,2,212.0,"2021-06-05","2021-06-13",8
3355,675,896,"Thoma Seaking",67,"Genderqueer","Ryanberg","South Australia",81,"Flannel","Shirt","S","yellow",42,96.0,118.0,3,354.0,"2021-06-05","2021-06-13",8
3356,675,896,"Thoma Seaking",67,"Genderqueer","Ryanberg","South Australia",673,"Parka","Jacket","L","orange",77,119.0,113.0,2,226.0,"2021-06-05","2021-06-13",8
3357,675,896,"Thoma Seaking",67,"Genderqueer","Ryanberg","South Australia",1188,"High-Waisted","Trousers","L","violet",68,98.0,99.0,2,198.0,"2021-06-05","2021-06-13",8
3358,675,896,"Thoma Seaking",67,"Genderqueer","Ryanberg","South Australia",43,"Dress","Shirt","L","orange",73,119.0,104.0,2,208.0,"2021-06-05","2021-06-13",8
3359,675,896,"Thoma Seaking",67,"Genderqueer","Ryanberg","South Australia",23,"Oxford Cloth","Shirt","L","blue",59,114.0,96.0,2,192.0,"2021-06-05","2021-06-13",8
3360,675,896,"Thoma Seaking",67,"Genderqueer","Ryanberg","South Australia",1007,"Wool","Trousers","M","indigo",56,111.0,106.0,3,318.0,"2021-06-05","2021-06-13",8
3361,676,889,"Kaitlin Jeanes",69,"Genderqueer","Beahanport","Northern Territory",814,"Shearling","Jacket","XL","orange",60,95.0,117.0,3,351.0,"2021-09-24","2021-10-11",17
3362,676,889,"Kaitlin Jeanes",69,"Genderqueer","Beahanport","Northern Territory",311,"Cuban Collar","Shirt","S","violet",43,93.0,105.0,2,210.0,"2021-09-24","2021-10-11",17
3363,676,889,"Kaitlin Jeanes",69,"Genderqueer","Beahanport","Northern Territory",839,"Shearling","Jacket","XL","violet",70,95.0,117.0,3,351.0,"2021-09-24","2021-10-11",17
3364,677,267,"Lionel Mansel",45,"Bigender","Lukefurt","Western Australia",838,"Shearling","Jacket","L","violet",61,95.0,117.0,2,234.0,"2021-07-05","2021-07-08",3
3365,677,267,"Lionel Mansel",45,"Bigender","Lukefurt","Western Australia",56,"Dress","Shirt","S","blue",46,119.0,104.0,1,104.0,"2021-07-05","2021-07-08",3
3366,677,267,"Lionel Mansel",45,"Bigender","Lukefurt","Western Australia",311,"Cuban Collar","Shirt","S","violet",43,93.0,105.0,2,210.0,"2021-07-05","2021-07-08",3
3367,677,267,"Lionel Mansel",45,"Bigender","Lukefurt","Western Australia",66,"Dress","Shirt","S","violet",69,119.0,104.0,3,312.0,"2021-07-05","2021-07-08",3
3368,677,267,"Lionel Mansel",45,"Bigender","Lukefurt","Western Australia",827,"Shearling","Jacket","M","blue",73,95.0,117.0,3,351.0,"2021-07-05","2021-07-08",3
3369,677,267,"Lionel Mansel",45,"Bigender","Lukefurt","Western Australia",958,"Slim-Fit","Trousers","L","yellow",64,119.0,97.0,3,291.0,"2021-07-05","2021-07-08",3
3370,678,711,"Lin Norville",42,"Male","Russelstad","Victoria",579,"Bomber","Jacket","XL","green",79,90.0,100.0,3,300.0,"2021-04-28","2021-05-14",16
3371,678,711,"Lin Norville",42,"Male","Russelstad","Victoria",328,"Mandarin Collar","Shirt","L","yellow",78,108.0,109.0,1,109.0,"2021-04-28","2021-05-14",16
3372,678,711,"Lin Norville",42,"Male","Russelstad","Victoria",190,"Camp Collared","Shirt","XS","green",66,112.0,98.0,2,196.0,"2021-04-28","2021-05-14",16
3373,679,308,"Zeb Shipton",70,"Genderfluid","West Madison","Northern Territory",375,"Henley","Shirt","XS","indigo",58,92.0,94.0,2,188.0,"2021-03-05","2021-03-22",17
3374,679,308,"Zeb Shipton",70,"Genderfluid","West Madison","Northern Territory",333,"Mandarin Collar","Shirt","L","green",67,108.0,109.0,2,218.0,"2021-03-05","2021-03-22",17
3375,679,308,"Zeb Shipton",70,"Genderfluid","West Madison","Northern Territory",760,"Peacoat","Jacket","XS","indigo",45,102.0,109.0,2,218.0,"2021-03-05","2021-03-22",17
3376,679,308,"Zeb Shipton",70,"Genderfluid","West Madison","Northern Territory",836,"Shearling","Jacket","S","violet",49,95.0,117.0,2,234.0,"2021-03-05","2021-03-22",17
3377,680,800,"Katusha Ceney",49,"Bigender","Daughertyport","Queensland",422,"Denim","Jacket","M","red",43,92.0,107.0,3,321.0,"2021-05-04","2021-05-22",18
3378,680,800,"Katusha Ceney",49,"Bigender","Daughertyport","Queensland",268,"Polo","Shirt","L","blue",77,117.0,95.0,2,190.0,"2021-05-04","2021-05-22",18
3379,681,463,"Iago Jedrzaszkiewicz",58,"Agender","Lake Mikaylashire","Australian Capital Territory",775,"Pullover","Jacket","XS","orange",79,114.0,91.0,3,273.0,"2021-10-10","2021-10-19",9
3380,681,463,"Iago Jedrzaszkiewicz",58,"Agender","Lake Mikaylashire","Australian Capital Territory",36,"Dress","Shirt","S","red",72,119.0,104.0,2,208.0,"2021-10-10","2021-10-19",9
3381,681,463,"Iago Jedrzaszkiewicz",58,"Agender","Lake Mikaylashire","Australian Capital Territory",120,"Denim","Shirt","XS","green",66,115.0,92.0,2,184.0,"2021-10-10","2021-10-19",9
3382,681,463,"Iago Jedrzaszkiewicz",58,"Agender","Lake Mikaylashire","Australian Capital Territory",16,"Oxford Cloth","Shirt","S","green",56,114.0,96.0,1,96.0,"2021-10-10","2021-10-19",9
3383,681,463,"Iago Jedrzaszkiewicz",58,"Agender","Lake Mikaylashire","Australian Capital Territory",532,"Leather","Jacket","M","orange",80,113.0,98.0,1,98.0,"2021-10-10","2021-10-19",9
3384,682,454,"Abey Bampforth",28,"Genderfluid","Port Isabellafurt","New South Wales",1067,"Joggers","Trousers","M","green",54,94.0,93.0,2,186.0,"2021-02-28","2021-03-18",18
3385,682,454,"Abey Bampforth",28,"Genderfluid","Port Isabellafurt","New South Wales",796,"Pullover","Jacket","S","indigo",44,114.0,91.0,1,91.0,"2021-02-28","2021-03-18",18
3386,682,454,"Abey Bampforth",28,"Genderfluid","Port Isabellafurt","New South Wales",1080,"Joggers","Trousers","XS","violet",50,94.0,93.0,3,279.0,"2021-02-28","2021-03-18",18
3387,682,454,"Abey Bampforth",28,"Genderfluid","Port Isabellafurt","New South Wales",782,"Pullover","Jacket","M","yellow",49,114.0,91.0,1,91.0,"2021-02-28","2021-03-18",18
3388,682,454,"Abey Bampforth",28,"Genderfluid","Port Isabellafurt","New South Wales",131,"Denim","Shirt","S","indigo",69,115.0,92.0,1,92.0,"2021-02-28","2021-03-18",18
3389,682,454,"Abey Bampforth",28,"Genderfluid","Port Isabellafurt","New South Wales",278,"Polo","Shirt","L","violet",76,117.0,95.0,3,285.0,"2021-02-28","2021-03-18",18
3390,683,276,"Silas Chaman",56,"Genderfluid","Gardenport","Victoria",4,"Oxford Cloth","Shirt","XL","red",47,114.0,96.0,3,288.0,"2021-01-01","2021-01-05",4
3391,683,276,"Silas Chaman",56,"Genderfluid","Gardenport","Victoria",753,"Peacoat","Jacket","L","green",73,102.0,109.0,2,218.0,"2021-01-01","2021-01-05",4
3392,683,276,"Silas Chaman",56,"Genderfluid","Gardenport","Victoria",1054,"Joggers","Trousers","XL","red",58,94.0,93.0,1,93.0,"2021-01-01","2021-01-05",4
3393,683,276,"Silas Chaman",56,"Genderfluid","Gardenport","Victoria",973,"Slim-Fit","Trousers","L","indigo",48,119.0,97.0,2,194.0,"2021-01-01","2021-01-05",4
3394,683,276,"Silas Chaman",56,"Genderfluid","Gardenport","Victoria",1016,"Relaxed Leg","Trousers","S","red",70,95.0,90.0,3,270.0,"2021-01-01","2021-01-05",4
3395,683,276,"Silas Chaman",56,"Genderfluid","Gardenport","Victoria",576,"Bomber","Jacket","S","green",54,90.0,100.0,1,100.0,"2021-01-01","2021-01-05",4
3396,684,956,"Camile Haveline",20,"Genderfluid","New Alexchester","New South Wales",837,"Shearling","Jacket","M","violet",74,95.0,117.0,1,117.0,"2021-10-12","2021-10-17",5
3397,684,956,"Camile Haveline",20,"Genderfluid","New Alexchester","New South Wales",99,"Flannel","Shirt","XL","indigo",57,96.0,118.0,2,236.0,"2021-10-12","2021-10-17",5
3398,685,851,"Worthy Pardoe",71,"Non-binary","North Emmashire","Australian Capital Territory",275,"Polo","Shirt","XS","violet",67,117.0,95.0,1,95.0,"2021-08-06","2021-08-21",15
3399,685,851,"Worthy Pardoe",71,"Non-binary","North Emmashire","Australian Capital Territory",33,"Oxford Cloth","Shirt","L","violet",73,114.0,96.0,3,288.0,"2021-08-06","2021-08-21",15
3400,686,799,"Gibbie Beardall",67,"Polygender","South Levi","New South Wales",216,"Chambray","Shirt","S","orange",69,105.0,106.0,2,212.0,"2021-06-14","2021-06-15",1
3401,686,799,"Gibbie Beardall",67,"Polygender","South Levi","New South Wales",37,"Dress","Shirt","M","red",57,119.0,104.0,2,208.0,"2021-06-14","2021-06-15",1
3402,686,799,"Gibbie Beardall",67,"Polygender","South Levi","New South Wales",912,"Drawstring","Trousers","M","red",70,104.0,96.0,3,288.0,"2021-06-14","2021-06-15",1
3403,687,341,"Cherlyn Asmus",34,"Female","Jasmineville","Victoria",1086,"Cropped","Trousers","S","red",47,99.0,115.0,3,345.0,"2021-03-30","2021-04-12",13
3404,687,341,"Cherlyn Asmus",34,"Female","Jasmineville","Victoria",564,"Bomber","Jacket","XL","red",62,90.0,100.0,1,100.0,"2021-03-30","2021-04-12",13
3405,687,341,"Cherlyn Asmus",34,"Female","Jasmineville","Victoria",154,"Linen","Shirt","XL","yellow",54,116.0,91.0,2,182.0,"2021-03-30","2021-04-12",13
3406,687,341,"Cherlyn Asmus",34,"Female","Jasmineville","Victoria",799,"Pullover","Jacket","XL","indigo",43,114.0,91.0,1,91.0,"2021-03-30","2021-04-12",13
3407,687,341,"Cherlyn Asmus",34,"Female","Jasmineville","Victoria",768,"Peacoat","Jacket","L","violet",65,102.0,109.0,2,218.0,"2021-03-30","2021-04-12",13
3408,687,341,"Cherlyn Asmus",34,"Female","Jasmineville","Victoria",864,"Chinos","Trousers","XL","blue",48,100.0,113.0,2,226.0,"2021-03-30","2021-04-12",13
3409,688,574,"Ranna Paolillo",53,"Polygender","Zacharybury","Northern Territory",363,"Henley","Shirt","L","yellow",62,92.0,94.0,1,94.0,"2021-03-08","2021-03-29",21
3410,688,574,"Ranna Paolillo",53,"Polygender","Zacharybury","Northern Territory",682,"Parka","Jacket","M","green",71,119.0,113.0,3,339.0,"2021-03-08","2021-03-29",21
3411,688,574,"Ranna Paolillo",53,"Polygender","Zacharybury","Northern Territory",1137,"Cargo Pants","Trousers","M","green",78,106.0,102.0,3,306.0,"2021-03-08","2021-03-29",21
3412,688,574,"Ranna Paolillo",53,"Polygender","Zacharybury","Northern Territory",1236,"Tracksuit Bottoms","Trousers","S","yellow",49,91.0,112.0,2,224.0,"2021-03-08","2021-03-29",21
3413,689,884,"Frederique Hopkins",43,"Bigender","Macdonaldtown","Northern Territory",1169,"High-Waisted","Trousers","XL","yellow",78,98.0,99.0,1,99.0,"2021-10-03","2021-10-28",25
3414,689,884,"Frederique Hopkins",43,"Bigender","Macdonaldtown","Northern Territory",674,"Parka","Jacket","XL","orange",68,119.0,113.0,1,113.0,"2021-10-03","2021-10-28",25
3415,689,884,"Frederique Hopkins",43,"Bigender","Macdonaldtown","Northern Territory",339,"Mandarin Collar","Shirt","XL","blue",71,108.0,109.0,2,218.0,"2021-10-03","2021-10-28",25
3416,689,884,"Frederique Hopkins",43,"Bigender","Macdonaldtown","Northern Territory",277,"Polo","Shirt","M","violet",77,117.0,95.0,2,190.0,"2021-10-03","2021-10-28",25
3417,689,884,"Frederique Hopkins",43,"Bigender","Macdonaldtown","Northern Territory",245,"Polo","Shirt","XS","red",40,117.0,95.0,2,190.0,"2021-10-03","2021-10-28",25
3418,689,884,"Frederique Hopkins",43,"Bigender","Macdonaldtown","Northern Territory",1217,"Pleated","Trousers","M","indigo",48,90.0,105.0,2,210.0,"2021-10-03","2021-10-28",25
3419,689,884,"Frederique Hopkins",43,"Bigender","Macdonaldtown","Northern Territory",643,"Coach","Jacket","L","yellow",53,115.0,93.0,3,279.0,"2021-10-03","2021-10-28",25
3420,690,941,"Egon Figliovanni",59,"Female","Farrellchester","New South Wales",454,"Denim","Jacket","XL","violet",63,92.0,107.0,1,107.0,"2021-10-05","2021-10-26",21
3421,690,941,"Egon Figliovanni",59,"Female","Farrellchester","New South Wales",296,"Cuban Collar","Shirt","S","green",58,93.0,105.0,3,315.0,"2021-10-05","2021-10-26",21
3422,690,941,"Egon Figliovanni",59,"Female","Farrellchester","New South Wales",919,"Drawstring","Trousers","XL","orange",68,104.0,96.0,3,288.0,"2021-10-05","2021-10-26",21
3423,690,941,"Egon Figliovanni",59,"Female","Farrellchester","New South Wales",304,"Cuban Collar","Shirt","XL","blue",73,93.0,105.0,1,105.0,"2021-10-05","2021-10-26",21
3424,691,78,"Jethro Pollak",38,"Genderqueer","Lake Alihaven","Northern Territory",1175,"High-Waisted","Trousers","XS","blue",51,98.0,99.0,2,198.0,"2021-04-03","2021-04-19",16
3425,691,78,"Jethro Pollak",38,"Genderqueer","Lake Alihaven","Northern Territory",2,"Oxford Cloth","Shirt","M","red",54,114.0,96.0,2,192.0,"2021-04-03","2021-04-19",16
3426,691,78,"Jethro Pollak",38,"Genderqueer","Lake Alihaven","Northern Territory",1100,"Cropped","Trousers","XS","green",48,99.0,115.0,1,115.0,"2021-04-03","2021-04-19",16
3427,691,78,"Jethro Pollak",38,"Genderqueer","Lake Alihaven","Northern Territory",577,"Bomber","Jacket","M","green",61,90.0,100.0,3,300.0,"2021-04-03","2021-04-19",16
3428,691,78,"Jethro Pollak",38,"Genderqueer","Lake Alihaven","Northern Territory",928,"Drawstring","Trousers","L","green",43,104.0,96.0,2,192.0,"2021-04-03","2021-04-19",16
3429,692,697,"Antonia Yeardsley",51,"Agender","Port Cody","Australian Capital Territory",54,"Dress","Shirt","XL","green",52,119.0,104.0,1,104.0,"2021-06-18","2021-07-05",17
3430,692,697,"Antonia Yeardsley",51,"Agender","Port Cody","Australian Capital Territory",752,"Peacoat","Jacket","M","green",49,102.0,109.0,3,327.0,"2021-06-18","2021-07-05",17
3431,692,697,"Antonia Yeardsley",51,"Agender","Port Cody","Australian Capital Territory",953,"Slim-Fit","Trousers","L","orange",66,119.0,97.0,2,194.0,"2021-06-18","2021-07-05",17
3432,692,697,"Antonia Yeardsley",51,"Agender","Port Cody","Australian Capital Territory",1094,"Cropped","Trousers","XL","orange",61,99.0,115.0,1,115.0,"2021-06-18","2021-07-05",17
3433,693,714,"Marnie Dennington",50,"Female","West Addison","Northern Territory",681,"Parka","Jacket","S","green",62,119.0,113.0,3,339.0,"2021-04-29","2021-05-16",17
3434,693,714,"Marnie Dennington",50,"Female","West Addison","Northern Territory",675,"Parka","Jacket","XS","yellow",63,119.0,113.0,3,339.0,"2021-04-29","2021-05-16",17
3435,693,714,"Marnie Dennington",50,"Female","West Addison","Northern Territory",272,"Polo","Shirt","M","indigo",62,117.0,95.0,3,285.0,"2021-04-29","2021-05-16",17
3436,693,714,"Marnie Dennington",50,"Female","West Addison","Northern Territory",252,"Polo","Shirt","M","orange",67,117.0,95.0,3,285.0,"2021-04-29","2021-05-16",17
3437,693,714,"Marnie Dennington",50,"Female","West Addison","Northern Territory",846,"Chinos","Trousers","S","orange",58,100.0,113.0,3,339.0,"2021-04-29","2021-05-16",17
3438,694,634,"Channa Powley",70,"Genderqueer","East Mackenzietown","South Australia",565,"Bomber","Jacket","XS","orange",80,90.0,100.0,1,100.0,"2021-04-17","2021-05-11",24
3439,694,634,"Channa Powley",70,"Genderqueer","East Mackenzietown","South Australia",780,"Pullover","Jacket","XS","yellow",65,114.0,91.0,3,273.0,"2021-04-17","2021-05-11",24
3440,694,634,"Channa Powley",70,"Genderqueer","East Mackenzietown","South Australia",1171,"High-Waisted","Trousers","S","green",73,98.0,99.0,3,297.0,"2021-04-17","2021-05-11",24
3441,694,634,"Channa Powley",70,"Genderqueer","East Mackenzietown","South Australia",627,"Cardigan","Jacket","M","violet",75,118.0,112.0,3,336.0,"2021-04-17","2021-05-11",24
3442,694,634,"Channa Powley",70,"Genderqueer","East Mackenzietown","South Australia",191,"Camp Collared","Shirt","S","green",60,112.0,98.0,3,294.0,"2021-04-17","2021-05-11",24
3443,694,634,"Channa Powley",70,"Genderqueer","East Mackenzietown","South Australia",197,"Camp Collared","Shirt","M","blue",65,112.0,98.0,1,98.0,"2021-04-17","2021-05-11",24
3444,694,634,"Channa Powley",70,"Genderqueer","East Mackenzietown","South Australia",415,"Casual Slim Fit","Shirt","XS","violet",55,113.0,119.0,3,357.0,"2021-04-17","2021-05-11",24
3445,695,92,"Hillary Guiness",27,"Agender","Harrismouth","Queensland",530,"Leather","Jacket","XS","orange",63,113.0,98.0,2,196.0,"2021-07-01","2021-07-20",19
3446,695,92,"Hillary Guiness",27,"Agender","Harrismouth","Queensland",401,"Casual Slim Fit","Shirt","S","green",72,113.0,119.0,2,238.0,"2021-07-01","2021-07-20",19
3447,695,92,"Hillary Guiness",27,"Agender","Harrismouth","Queensland",18,"Oxford Cloth","Shirt","L","green",52,114.0,96.0,1,96.0,"2021-07-01","2021-07-20",19
3448,695,92,"Hillary Guiness",27,"Agender","Harrismouth","Queensland",165,"Linen","Shirt","XS","indigo",70,116.0,91.0,1,91.0,"2021-07-01","2021-07-20",19
3449,695,92,"Hillary Guiness",27,"Agender","Harrismouth","Queensland",455,"Puffer","Jacket","XS","red",67,110.0,118.0,2,236.0,"2021-07-01","2021-07-20",19
3450,696,230,"Bourke Pembery",21,"Bigender","Wildermanside","Tasmania",83,"Flannel","Shirt","L","yellow",80,96.0,118.0,3,354.0,"2021-09-01","2021-09-27",26
3451,696,230,"Bourke Pembery",21,"Bigender","Wildermanside","Tasmania",1167,"High-Waisted","Trousers","M","yellow",45,98.0,99.0,2,198.0,"2021-09-01","2021-09-27",26
3452,696,230,"Bourke Pembery",21,"Bigender","Wildermanside","Tasmania",453,"Denim","Jacket","L","violet",50,92.0,107.0,3,321.0,"2021-09-01","2021-09-27",26
3453,697,830,"Gertrudis Pergens",46,"Male","New Ruby","South Australia",897,"Cords","Trousers","M","blue",47,113.0,94.0,2,188.0,"2021-07-20","2021-07-28",8
3454,697,830,"Gertrudis Pergens",46,"Male","New Ruby","South Australia",330,"Mandarin Collar","Shirt","XS","green",63,108.0,109.0,1,109.0,"2021-07-20","2021-07-28",8
3455,697,830,"Gertrudis Pergens",46,"Male","New Ruby","South Australia",457,"Puffer","Jacket","M","red",62,110.0,118.0,3,354.0,"2021-07-20","2021-07-28",8
3456,697,830,"Gertrudis Pergens",46,"Male","New Ruby","South Australia",56,"Dress","Shirt","S","blue",46,119.0,104.0,2,208.0,"2021-07-20","2021-07-28",8
3457,697,830,"Gertrudis Pergens",46,"Male","New Ruby","South Australia",590,"Bomber","Jacket","XS","violet",75,90.0,100.0,1,100.0,"2021-07-20","2021-07-28",8
3458,697,830,"Gertrudis Pergens",46,"Male","New Ruby","South Australia",1036,"Relaxed Leg","Trousers","S","blue",57,95.0,90.0,3,270.0,"2021-07-20","2021-07-28",8
3459,698,821,"Errol Berkley",74,"Agender","Haleybury","Australian Capital Territory",820,"Shearling","Jacket","XS","green",74,95.0,117.0,3,351.0,"2021-05-19","2021-06-13",25
3460,698,821,"Errol Berkley",74,"Agender","Haleybury","Australian Capital Territory",376,"Henley","Shirt","S","indigo",45,92.0,94.0,2,188.0,"2021-05-19","2021-06-13",25
3461,698,821,"Errol Berkley",74,"Agender","Haleybury","Australian Capital Territory",439,"Denim","Jacket","XL","green",59,92.0,107.0,1,107.0,"2021-05-19","2021-06-13",25
3462,698,821,"Errol Berkley",74,"Agender","Haleybury","Australian Capital Territory",1098,"Cropped","Trousers","L","yellow",60,99.0,115.0,2,230.0,"2021-05-19","2021-06-13",25
3463,698,821,"Errol Berkley",74,"Agender","Haleybury","Australian Capital Territory",522,"Windbreaker","Jacket","M","violet",64,109.0,102.0,2,204.0,"2021-05-19","2021-06-13",25
3464,698,821,"Errol Berkley",74,"Agender","Haleybury","Australian Capital Territory",4,"Oxford Cloth","Shirt","XL","red",47,114.0,96.0,3,288.0,"2021-05-19","2021-06-13",25
3465,698,821,"Errol Berkley",74,"Agender","Haleybury","Australian Capital Territory",1222,"Pleated","Trousers","M","violet",45,90.0,105.0,3,315.0,"2021-05-19","2021-06-13",25
3466,699,311,"Constantino Langworthy",25,"Agender","Fayburgh","Northern Territory",1198,"Pleated","Trousers","L","orange",53,90.0,105.0,2,210.0,"2021-01-29","2021-02-12",14
3467,699,311,"Constantino Langworthy",25,"Agender","Fayburgh","Northern Territory",587,"Bomber","Jacket","M","indigo",52,90.0,100.0,2,200.0,"2021-01-29","2021-02-12",14
3468,699,311,"Constantino Langworthy",25,"Agender","Fayburgh","Northern Territory",30,"Oxford Cloth","Shirt","XS","violet",74,114.0,96.0,2,192.0,"2021-01-29","2021-02-12",14
3469,699,311,"Constantino Langworthy",25,"Agender","Fayburgh","Northern Territory",98,"Flannel","Shirt","L","indigo",62,96.0,118.0,1,118.0,"2021-01-29","2021-02-12",14
3470,699,311,"Constantino Langworthy",25,"Agender","Fayburgh","Northern Territory",957,"Slim-Fit","Trousers","M","yellow",55,119.0,97.0,2,194.0,"2021-01-29","2021-02-12",14
3471,699,311,"Constantino Langworthy",25,"Agender","Fayburgh","Northern Territory",189,"Camp Collared","Shirt","XL","yellow",44,112.0,98.0,3,294.0,"2021-01-29","2021-02-12",14
3472,699,311,"Constantino Langworthy",25,"Agender","Fayburgh","Northern Territory",417,"Casual Slim Fit","Shirt","M","violet",46,113.0,119.0,2,238.0,"2021-01-29","2021-02-12",14
3473,699,311,"Constantino Langworthy",25,"Agender","Fayburgh","Northern Territory",142,"Linen","Shirt","M","red",78,116.0,91.0,3,273.0,"2021-01-29","2021-02-12",14
3474,699,311,"Constantino Langworthy",25,"Agender","Fayburgh","Northern Territory",26,"Oxford Cloth","Shirt","S","indigo",59,114.0,96.0,1,96.0,"2021-01-29","2021-02-12",14
3475,700,788,"Gwenette Kahen",71,"Male","Phoebeberg","Queensland",172,"Linen","Shirt","M","violet",44,116.0,91.0,1,91.0,"2021-07-01","2021-07-26",25
3476,700,788,"Gwenette Kahen",71,"Male","Phoebeberg","Queensland",979,"Slim-Fit","Trousers","XL","violet",48,119.0,97.0,2,194.0,"2021-07-01","2021-07-26",25
3477,700,788,"Gwenette Kahen",71,"Male","Phoebeberg","Queensland",534,"Leather","Jacket","XL","orange",64,113.0,98.0,3,294.0,"2021-07-01","2021-07-26",25
3478,700,788,"Gwenette Kahen",71,"Male","Phoebeberg","Queensland",1145,"Cargo Pants","Trousers","XS","indigo",51,106.0,102.0,3,306.0,"2021-07-01","2021-07-26",25
3479,700,788,"Gwenette Kahen",71,"Male","Phoebeberg","Queensland",1106,"Cropped","Trousers","S","blue",62,99.0,115.0,2,230.0,"2021-07-01","2021-07-26",25
3480,700,788,"Gwenette Kahen",71,"Male","Phoebeberg","Queensland",177,"Camp Collared","Shirt","M","red",64,112.0,98.0,2,196.0,"2021-07-01","2021-07-26",25
3481,701,659,"Ira Dafforne",57,"Non-binary","Sophiemouth","Tasmania",314,"Cuban Collar","Shirt","XL","violet",44,93.0,105.0,2,210.0,"2021-08-28","2021-09-10",13
3482,701,659,"Ira Dafforne",57,"Non-binary","Sophiemouth","Tasmania",914,"Drawstring","Trousers","XL","red",77,104.0,96.0,2,192.0,"2021-08-28","2021-09-10",13
3483,701,659,"Ira Dafforne",57,"Non-binary","Sophiemouth","Tasmania",488,"Puffer","Jacket","L","violet",49,110.0,118.0,1,118.0,"2021-08-28","2021-09-10",13
3484,701,659,"Ira Dafforne",57,"Non-binary","Sophiemouth","Tasmania",319,"Mandarin Collar","Shirt","XL","red",64,108.0,109.0,3,327.0,"2021-08-28","2021-09-10",13
3485,702,310,"Sharyl Royl",61,"Polygender","Fadelburgh","New South Wales",1038,"Relaxed Leg","Trousers","L","blue",61,95.0,90.0,3,270.0,"2021-06-23","2021-07-14",21
3486,702,310,"Sharyl Royl",61,"Polygender","Fadelburgh","New South Wales",950,"Slim-Fit","Trousers","XS","orange",69,119.0,97.0,3,291.0,"2021-06-23","2021-07-14",21
3487,702,310,"Sharyl Royl",61,"Polygender","Fadelburgh","New South Wales",341,"Mandarin Collar","Shirt","S","indigo",60,108.0,109.0,1,109.0,"2021-06-23","2021-07-14",21
3488,702,310,"Sharyl Royl",61,"Polygender","Fadelburgh","New South Wales",1070,"Joggers","Trousers","XS","blue",67,94.0,93.0,2,186.0,"2021-06-23","2021-07-14",21
3489,702,310,"Sharyl Royl",61,"Polygender","Fadelburgh","New South Wales",693,"Parka","Jacket","L","indigo",44,119.0,113.0,3,339.0,"2021-06-23","2021-07-14",21
3490,702,310,"Sharyl Royl",61,"Polygender","Fadelburgh","New South Wales",862,"Chinos","Trousers","M","blue",41,100.0,113.0,3,339.0,"2021-06-23","2021-07-14",21
3491,703,327,"Lynda Seydlitz",71,"Non-binary","Port Marcusshire","Western Australia",116,"Denim","Shirt","S","yellow",75,115.0,92.0,2,184.0,"2021-02-07","2021-02-28",21
3492,703,327,"Lynda Seydlitz",71,"Non-binary","Port Marcusshire","Western Australia",205,"Camp Collared","Shirt","XS","violet",72,112.0,98.0,3,294.0,"2021-02-07","2021-02-28",21
3493,703,327,"Lynda Seydlitz",71,"Non-binary","Port Marcusshire","Western Australia",249,"Polo","Shirt","XL","red",76,117.0,95.0,3,285.0,"2021-02-07","2021-02-28",21
3494,704,260,"Whitney Scarman",27,"Female","Trompview","Tasmania",673,"Parka","Jacket","L","orange",77,119.0,113.0,3,339.0,"2021-07-21","2021-07-27",6
3495,704,260,"Whitney Scarman",27,"Female","Trompview","Tasmania",44,"Dress","Shirt","XL","orange",78,119.0,104.0,2,208.0,"2021-07-21","2021-07-27",6
3496,704,260,"Whitney Scarman",27,"Female","Trompview","Tasmania",1080,"Joggers","Trousers","XS","violet",50,94.0,93.0,2,186.0,"2021-07-21","2021-07-27",6
3497,704,260,"Whitney Scarman",27,"Female","Trompview","Tasmania",63,"Dress","Shirt","L","indigo",71,119.0,104.0,2,208.0,"2021-07-21","2021-07-27",6
3498,705,107,"Sandy Yushachkov",35,"Genderfluid","Claudiaview","Western Australia",231,"Chambray","Shirt","S","blue",61,105.0,106.0,3,318.0,"2021-01-14","2021-01-25",11
3499,705,107,"Sandy Yushachkov",35,"Genderfluid","Claudiaview","Western Australia",59,"Dress","Shirt","XL","blue",66,119.0,104.0,2,208.0,"2021-01-14","2021-01-25",11
3500,705,107,"Sandy Yushachkov",35,"Genderfluid","Claudiaview","Western Australia",927,"Drawstring","Trousers","M","green",52,104.0,96.0,2,192.0,"2021-01-14","2021-01-25",11
3501,705,107,"Sandy Yushachkov",35,"Genderfluid","Claudiaview","Western Australia",1090,"Cropped","Trousers","XS","orange",78,99.0,115.0,2,230.0,"2021-01-14","2021-01-25",11
3502,705,107,"Sandy Yushachkov",35,"Genderfluid","Claudiaview","Western Australia",980,"Wool","Trousers","XS","red",44,111.0,106.0,2,212.0,"2021-01-14","2021-01-25",11
3503,705,107,"Sandy Yushachkov",35,"Genderfluid","Claudiaview","Western Australia",1008,"Wool","Trousers","L","indigo",41,111.0,106.0,3,318.0,"2021-01-14","2021-01-25",11
3504,705,107,"Sandy Yushachkov",35,"Genderfluid","Claudiaview","Western Australia",666,"Parka","Jacket","S","red",66,119.0,113.0,3,339.0,"2021-01-14","2021-01-25",11
3505,705,107,"Sandy Yushachkov",35,"Genderfluid","Claudiaview","Western Australia",1007,"Wool","Trousers","M","indigo",56,111.0,106.0,2,212.0,"2021-01-14","2021-01-25",11
3506,705,107,"Sandy Yushachkov",35,"Genderfluid","Claudiaview","Western Australia",833,"Shearling","Jacket","L","indigo",66,95.0,117.0,3,351.0,"2021-01-14","2021-01-25",11
3507,705,107,"Sandy Yushachkov",35,"Genderfluid","Claudiaview","Western Australia",1111,"Cropped","Trousers","S","indigo",65,99.0,115.0,1,115.0,"2021-01-14","2021-01-25",11
3508,706,844,"Lorelle Lancastle",63,"Genderqueer","Alexandraville","South Australia",494,"Windbreaker","Jacket","XL","red",48,109.0,102.0,1,102.0,"2021-07-20","2021-07-21",1
3509,706,844,"Lorelle Lancastle",63,"Genderqueer","Alexandraville","South Australia",1030,"Relaxed Leg","Trousers","XS","green",80,95.0,90.0,2,180.0,"2021-07-20","2021-07-21",1
3510,706,844,"Lorelle Lancastle",63,"Genderqueer","Alexandraville","South Australia",356,"Henley","Shirt","S","orange",46,92.0,94.0,1,94.0,"2021-07-20","2021-07-21",1
3511,706,844,"Lorelle Lancastle",63,"Genderqueer","Alexandraville","South Australia",214,"Chambray","Shirt","XL","red",42,105.0,106.0,2,212.0,"2021-07-20","2021-07-21",1
3512,706,844,"Lorelle Lancastle",63,"Genderqueer","Alexandraville","South Australia",954,"Slim-Fit","Trousers","XL","orange",78,119.0,97.0,1,97.0,"2021-07-20","2021-07-21",1
3513,707,589,"Calhoun Raphael",57,"Polygender","Hoppetown","Queensland",667,"Parka","Jacket","M","red",56,119.0,113.0,3,339.0,"2021-05-12","2021-05-18",6
3514,707,589,"Calhoun Raphael",57,"Polygender","Hoppetown","Queensland",709,"Trench Coat","Jacket","XL","orange",71,112.0,119.0,2,238.0,"2021-05-12","2021-05-18",6
3515,707,589,"Calhoun Raphael",57,"Polygender","Hoppetown","Queensland",939,"Drawstring","Trousers","XL","indigo",41,104.0,96.0,2,192.0,"2021-05-12","2021-05-18",6
3516,707,589,"Calhoun Raphael",57,"Polygender","Hoppetown","Queensland",803,"Pullover","Jacket","L","violet",78,114.0,91.0,3,273.0,"2021-05-12","2021-05-18",6
3517,707,589,"Calhoun Raphael",57,"Polygender","Hoppetown","Queensland",742,"Peacoat","Jacket","M","orange",47,102.0,109.0,3,327.0,"2021-05-12","2021-05-18",6
3518,707,589,"Calhoun Raphael",57,"Polygender","Hoppetown","Queensland",234,"Chambray","Shirt","XL","blue",43,105.0,106.0,2,212.0,"2021-05-12","2021-05-18",6
3519,707,589,"Calhoun Raphael",57,"Polygender","Hoppetown","Queensland",274,"Polo","Shirt","XL","indigo",56,117.0,95.0,3,285.0,"2021-05-12","2021-05-18",6
3520,708,687,"Amalia Eallis",22,"Bigender","East Ruby","New South Wales",1099,"Cropped","Trousers","XL","yellow",68,99.0,115.0,1,115.0,"2021-10-24","2021-11-10",17
3521,708,687,"Amalia Eallis",22,"Bigender","East Ruby","New South Wales",159,"Linen","Shirt","XL","green",51,116.0,91.0,2,182.0,"2021-10-24","2021-11-10",17
3522,708,687,"Amalia Eallis",22,"Bigender","East Ruby","New South Wales",937,"Drawstring","Trousers","M","indigo",58,104.0,96.0,2,192.0,"2021-10-24","2021-11-10",17
3523,708,687,"Amalia Eallis",22,"Bigender","East Ruby","New South Wales",867,"Chinos","Trousers","M","indigo",64,100.0,113.0,3,339.0,"2021-10-24","2021-11-10",17
3524,708,687,"Amalia Eallis",22,"Bigender","East Ruby","New South Wales",180,"Camp Collared","Shirt","XS","orange",52,112.0,98.0,3,294.0,"2021-10-24","2021-11-10",17
3525,709,772,"Marlee Edser",71,"Genderqueer","Oscarberg","South Australia",110,"Denim","Shirt","XS","orange",45,115.0,92.0,2,184.0,"2021-06-17","2021-07-13",26
3526,709,772,"Marlee Edser",71,"Genderqueer","Oscarberg","South Australia",95,"Flannel","Shirt","XS","indigo",46,96.0,118.0,2,236.0,"2021-06-17","2021-07-13",26
3527,709,772,"Marlee Edser",71,"Genderqueer","Oscarberg","South Australia",641,"Coach","Jacket","S","yellow",67,115.0,93.0,1,93.0,"2021-06-17","2021-07-13",26
3528,709,772,"Marlee Edser",71,"Genderqueer","Oscarberg","South Australia",397,"Casual Slim Fit","Shirt","M","yellow",76,113.0,119.0,1,119.0,"2021-06-17","2021-07-13",26
3529,709,772,"Marlee Edser",71,"Genderqueer","Oscarberg","South Australia",184,"Camp Collared","Shirt","XL","orange",48,112.0,98.0,1,98.0,"2021-06-17","2021-07-13",26
3530,709,772,"Marlee Edser",71,"Genderqueer","Oscarberg","South Australia",951,"Slim-Fit","Trousers","S","orange",55,119.0,97.0,2,194.0,"2021-06-17","2021-07-13",26
3531,710,134,"Raul Pockey",64,"Male","South Hannah","Victoria",1083,"Joggers","Trousers","L","violet",60,94.0,93.0,1,93.0,"2021-02-07","2021-02-08",1
3532,710,134,"Raul Pockey",64,"Male","South Hannah","Victoria",649,"Coach","Jacket","XL","green",48,115.0,93.0,1,93.0,"2021-02-07","2021-02-08",1
3533,710,134,"Raul Pockey",64,"Male","South Hannah","Victoria",586,"Bomber","Jacket","S","indigo",41,90.0,100.0,1,100.0,"2021-02-07","2021-02-08",1
3534,710,134,"Raul Pockey",64,"Male","South Hannah","Victoria",588,"Bomber","Jacket","L","indigo",51,90.0,100.0,2,200.0,"2021-02-07","2021-02-08",1
3535,710,134,"Raul Pockey",64,"Male","South Hannah","Victoria",708,"Trench Coat","Jacket","L","orange",70,112.0,119.0,1,119.0,"2021-02-07","2021-02-08",1
3536,711,228,"Zaria Garken",40,"Female","Towneport","Northern Territory",644,"Coach","Jacket","XL","yellow",68,115.0,93.0,1,93.0,"2021-06-22","2021-07-08",16
3537,711,228,"Zaria Garken",40,"Female","Towneport","Northern Territory",876,"Cords","Trousers","S","red",67,113.0,94.0,3,282.0,"2021-06-22","2021-07-08",16
3538,711,228,"Zaria Garken",40,"Female","Towneport","Northern Territory",58,"Dress","Shirt","L","blue",61,119.0,104.0,1,104.0,"2021-06-22","2021-07-08",16
3539,711,228,"Zaria Garken",40,"Female","Towneport","Northern Territory",296,"Cuban Collar","Shirt","S","green",58,93.0,105.0,1,105.0,"2021-06-22","2021-07-08",16
3540,711,228,"Zaria Garken",40,"Female","Towneport","Northern Territory",706,"Trench Coat","Jacket","S","orange",41,112.0,119.0,2,238.0,"2021-06-22","2021-07-08",16
3541,711,228,"Zaria Garken",40,"Female","Towneport","Northern Territory",198,"Camp Collared","Shirt","L","blue",56,112.0,98.0,2,196.0,"2021-06-22","2021-07-08",16
3542,712,474,"Clem Margetts",21,"Non-binary","New Matildaville","South Australia",928,"Drawstring","Trousers","L","green",43,104.0,96.0,1,96.0,"2021-08-18","2021-08-29",11
3543,712,474,"Clem Margetts",21,"Non-binary","New Matildaville","South Australia",913,"Drawstring","Trousers","L","red",73,104.0,96.0,3,288.0,"2021-08-18","2021-08-29",11
3544,712,474,"Clem Margetts",21,"Non-binary","New Matildaville","South Australia",944,"Drawstring","Trousers","XL","violet",80,104.0,96.0,2,192.0,"2021-08-18","2021-08-29",11
3545,712,474,"Clem Margetts",21,"Non-binary","New Matildaville","South Australia",1237,"Tracksuit Bottoms","Trousers","M","yellow",80,91.0,112.0,2,224.0,"2021-08-18","2021-08-29",11
3546,712,474,"Clem Margetts",21,"Non-binary","New Matildaville","South Australia",650,"Coach","Jacket","XS","blue",51,115.0,93.0,1,93.0,"2021-08-18","2021-08-29",11
3547,712,474,"Clem Margetts",21,"Non-binary","New Matildaville","South Australia",1219,"Pleated","Trousers","XL","indigo",45,90.0,105.0,3,315.0,"2021-08-18","2021-08-29",11
3548,712,474,"Clem Margetts",21,"Non-binary","New Matildaville","South Australia",450,"Denim","Jacket","XS","violet",65,92.0,107.0,3,321.0,"2021-08-18","2021-08-29",11
3549,713,241,"Valentine Marley",61,"Bigender","New Ava","Queensland",173,"Linen","Shirt","L","violet",70,116.0,91.0,2,182.0,"2021-07-14","2021-08-09",26
3550,713,241,"Valentine Marley",61,"Bigender","New Ava","Queensland",524,"Windbreaker","Jacket","XL","violet",54,109.0,102.0,1,102.0,"2021-07-14","2021-08-09",26
3551,713,241,"Valentine Marley",61,"Bigender","New Ava","Queensland",162,"Linen","Shirt","M","blue",58,116.0,91.0,1,91.0,"2021-07-14","2021-08-09",26
3552,713,241,"Valentine Marley",61,"Bigender","New Ava","Queensland",1250,"Tracksuit Bottoms","Trousers","XS","indigo",63,91.0,112.0,2,224.0,"2021-07-14","2021-08-09",26
3553,713,241,"Valentine Marley",61,"Bigender","New Ava","Queensland",873,"Chinos","Trousers","L","violet",62,100.0,113.0,2,226.0,"2021-07-14","2021-08-09",26
3554,713,241,"Valentine Marley",61,"Bigender","New Ava","Queensland",326,"Mandarin Collar","Shirt","S","yellow",76,108.0,109.0,2,218.0,"2021-07-14","2021-08-09",26
3555,714,50,"Moore Oolahan",63,"Genderqueer","East Aidan","Western Australia",111,"Denim","Shirt","S","orange",69,115.0,92.0,3,276.0,"2021-02-07","2021-02-19",12
3556,714,50,"Moore Oolahan",63,"Genderqueer","East Aidan","Western Australia",331,"Mandarin Collar","Shirt","S","green",74,108.0,109.0,3,327.0,"2021-02-07","2021-02-19",12
3557,714,50,"Moore Oolahan",63,"Genderqueer","East Aidan","Western Australia",1022,"Relaxed Leg","Trousers","M","orange",74,95.0,90.0,2,180.0,"2021-02-07","2021-02-19",12
3558,714,50,"Moore Oolahan",63,"Genderqueer","East Aidan","Western Australia",419,"Casual Slim Fit","Shirt","XL","violet",57,113.0,119.0,2,238.0,"2021-02-07","2021-02-19",12
3559,714,50,"Moore Oolahan",63,"Genderqueer","East Aidan","Western Australia",951,"Slim-Fit","Trousers","S","orange",55,119.0,97.0,1,97.0,"2021-02-07","2021-02-19",12
3560,714,50,"Moore Oolahan",63,"Genderqueer","East Aidan","Western Australia",731,"Trench Coat","Jacket","S","violet",69,112.0,119.0,3,357.0,"2021-02-07","2021-02-19",12
3561,715,225,"Monty Gowen",75,"Genderfluid","Muellerfurt","Queensland",598,"Cardigan","Jacket","L","red",41,118.0,112.0,1,112.0,"2021-10-19","2021-11-12",24
3562,715,225,"Monty Gowen",75,"Genderfluid","Muellerfurt","Queensland",831,"Shearling","Jacket","S","indigo",45,95.0,117.0,3,351.0,"2021-10-19","2021-11-12",24
3563,715,225,"Monty Gowen",75,"Genderfluid","Muellerfurt","Queensland",1214,"Pleated","Trousers","XL","blue",55,90.0,105.0,3,315.0,"2021-10-19","2021-11-12",24
3564,715,225,"Monty Gowen",75,"Genderfluid","Muellerfurt","Queensland",583,"Bomber","Jacket","L","blue",64,90.0,100.0,3,300.0,"2021-10-19","2021-11-12",24
3565,715,225,"Monty Gowen",75,"Genderfluid","Muellerfurt","Queensland",607,"Cardigan","Jacket","M","yellow",64,118.0,112.0,3,336.0,"2021-10-19","2021-11-12",24
3566,716,502,"Neilla Halladey",34,"Male","East Aidan","Australian Capital Territory",501,"Windbreaker","Jacket","S","yellow",66,109.0,102.0,2,204.0,"2021-07-31","2021-08-26",26
3567,716,502,"Neilla Halladey",34,"Male","East Aidan","Australian Capital Territory",1085,"Cropped","Trousers","XS","red",75,99.0,115.0,3,345.0,"2021-07-31","2021-08-26",26
3568,716,502,"Neilla Halladey",34,"Male","East Aidan","Australian Capital Territory",669,"Parka","Jacket","XL","red",64,119.0,113.0,2,226.0,"2021-07-31","2021-08-26",26
3569,716,502,"Neilla Halladey",34,"Male","East Aidan","Australian Capital Territory",1124,"Cargo Pants","Trousers","XL","red",45,106.0,102.0,3,306.0,"2021-07-31","2021-08-26",26
3570,716,502,"Neilla Halladey",34,"Male","East Aidan","Australian Capital Territory",891,"Cords","Trousers","S","green",78,113.0,94.0,1,94.0,"2021-07-31","2021-08-26",26
3571,716,502,"Neilla Halladey",34,"Male","East Aidan","Australian Capital Territory",695,"Parka","Jacket","XS","violet",59,119.0,113.0,2,226.0,"2021-07-31","2021-08-26",26
3572,717,696,"Miner Craddock",38,"Non-binary","Callummouth","Australian Capital Territory",1148,"Cargo Pants","Trousers","L","indigo",46,106.0,102.0,1,102.0,"2021-03-11","2021-04-05",25
3573,717,696,"Miner Craddock",38,"Non-binary","Callummouth","Australian Capital Territory",219,"Chambray","Shirt","XL","orange",57,105.0,106.0,1,106.0,"2021-03-11","2021-04-05",25
3574,717,696,"Miner Craddock",38,"Non-binary","Callummouth","Australian Capital Territory",174,"Linen","Shirt","XL","violet",73,116.0,91.0,2,182.0,"2021-03-11","2021-04-05",25
3575,717,696,"Miner Craddock",38,"Non-binary","Callummouth","Australian Capital Territory",237,"Chambray","Shirt","M","indigo",62,105.0,106.0,1,106.0,"2021-03-11","2021-04-05",25
3576,717,696,"Miner Craddock",38,"Non-binary","Callummouth","Australian Capital Territory",518,"Windbreaker","Jacket","L","indigo",67,109.0,102.0,3,306.0,"2021-03-11","2021-04-05",25
3577,717,696,"Miner Craddock",38,"Non-binary","Callummouth","Australian Capital Territory",179,"Camp Collared","Shirt","XL","red",79,112.0,98.0,3,294.0,"2021-03-11","2021-04-05",25
3578,718,665,"Jedidiah Sydall",61,"Genderfluid","Kiehnstad","Australian Capital Territory",231,"Chambray","Shirt","S","blue",61,105.0,106.0,1,106.0,"2021-05-13","2021-05-20",7
3579,718,665,"Jedidiah Sydall",61,"Genderfluid","Kiehnstad","Australian Capital Territory",1070,"Joggers","Trousers","XS","blue",67,94.0,93.0,1,93.0,"2021-05-13","2021-05-20",7
3580,718,665,"Jedidiah Sydall",61,"Genderfluid","Kiehnstad","Australian Capital Territory",935,"Drawstring","Trousers","XS","indigo",61,104.0,96.0,1,96.0,"2021-05-13","2021-05-20",7
3581,718,665,"Jedidiah Sydall",61,"Genderfluid","Kiehnstad","Australian Capital Territory",848,"Chinos","Trousers","L","orange",60,100.0,113.0,2,226.0,"2021-05-13","2021-05-20",7
3582,718,665,"Jedidiah Sydall",61,"Genderfluid","Kiehnstad","Australian Capital Territory",1248,"Tracksuit Bottoms","Trousers","L","blue",72,91.0,112.0,2,224.0,"2021-05-13","2021-05-20",7
3583,718,665,"Jedidiah Sydall",61,"Genderfluid","Kiehnstad","Australian Capital Territory",1018,"Relaxed Leg","Trousers","L","red",63,95.0,90.0,1,90.0,"2021-05-13","2021-05-20",7
3584,718,665,"Jedidiah Sydall",61,"Genderfluid","Kiehnstad","Australian Capital Territory",24,"Oxford Cloth","Shirt","XL","blue",60,114.0,96.0,2,192.0,"2021-05-13","2021-05-20",7
3585,718,665,"Jedidiah Sydall",61,"Genderfluid","Kiehnstad","Australian Capital Territory",442,"Denim","Jacket","M","blue",61,92.0,107.0,3,321.0,"2021-05-13","2021-05-20",7
3586,718,665,"Jedidiah Sydall",61,"Genderfluid","Kiehnstad","Australian Capital Territory",117,"Denim","Shirt","M","yellow",67,115.0,92.0,1,92.0,"2021-05-13","2021-05-20",7
3587,718,665,"Jedidiah Sydall",61,"Genderfluid","Kiehnstad","Australian Capital Territory",1255,"Tracksuit Bottoms","Trousers","XS","violet",67,91.0,112.0,2,224.0,"2021-05-13","2021-05-20",7
3588,718,665,"Jedidiah Sydall",61,"Genderfluid","Kiehnstad","Australian Capital Territory",921,"Drawstring","Trousers","S","yellow",74,104.0,96.0,2,192.0,"2021-05-13","2021-05-20",7
3589,718,665,"Jedidiah Sydall",61,"Genderfluid","Kiehnstad","Australian Capital Territory",862,"Chinos","Trousers","M","blue",41,100.0,113.0,2,226.0,"2021-05-13","2021-05-20",7
3590,719,387,"Alameda Fincke",43,"Male","Matthewstad","Victoria",667,"Parka","Jacket","M","red",56,119.0,113.0,3,339.0,"2021-09-19","2021-09-24",5
3591,719,387,"Alameda Fincke",43,"Male","Matthewstad","Victoria",434,"Denim","Jacket","XL","yellow",56,92.0,107.0,2,214.0,"2021-09-19","2021-09-24",5
3592,719,387,"Alameda Fincke",43,"Male","Matthewstad","Victoria",212,"Chambray","Shirt","M","red",48,105.0,106.0,3,318.0,"2021-09-19","2021-09-24",5
3593,719,387,"Alameda Fincke",43,"Male","Matthewstad","Victoria",99,"Flannel","Shirt","XL","indigo",57,96.0,118.0,1,118.0,"2021-09-19","2021-09-24",5
3594,719,387,"Alameda Fincke",43,"Male","Matthewstad","Victoria",757,"Peacoat","Jacket","M","blue",71,102.0,109.0,1,109.0,"2021-09-19","2021-09-24",5
3595,719,387,"Alameda Fincke",43,"Male","Matthewstad","Victoria",891,"Cords","Trousers","S","green",78,113.0,94.0,1,94.0,"2021-09-19","2021-09-24",5
3596,719,387,"Alameda Fincke",43,"Male","Matthewstad","Victoria",494,"Windbreaker","Jacket","XL","red",48,109.0,102.0,2,204.0,"2021-09-19","2021-09-24",5
3597,719,387,"Alameda Fincke",43,"Male","Matthewstad","Victoria",349,"Mandarin Collar","Shirt","XL","violet",71,108.0,109.0,3,327.0,"2021-09-19","2021-09-24",5
3598,719,387,"Alameda Fincke",43,"Male","Matthewstad","Victoria",594,"Bomber","Jacket","XL","violet",53,90.0,100.0,1,100.0,"2021-09-19","2021-09-24",5
3599,720,465,"Mallory Castellani",38,"Female","Williammouth","Victoria",1145,"Cargo Pants","Trousers","XS","indigo",51,106.0,102.0,1,102.0,"2021-03-12","2021-03-23",11
3600,720,465,"Mallory Castellani",38,"Female","Williammouth","Victoria",846,"Chinos","Trousers","S","orange",58,100.0,113.0,3,339.0,"2021-03-12","2021-03-23",11
3601,720,465,"Mallory Castellani",38,"Female","Williammouth","Victoria",782,"Pullover","Jacket","M","yellow",49,114.0,91.0,1,91.0,"2021-03-12","2021-03-23",11
3602,720,465,"Mallory Castellani",38,"Female","Williammouth","Victoria",375,"Henley","Shirt","XS","indigo",58,92.0,94.0,1,94.0,"2021-03-12","2021-03-23",11
3603,720,465,"Mallory Castellani",38,"Female","Williammouth","Victoria",225,"Chambray","Shirt","XS","green",50,105.0,106.0,3,318.0,"2021-03-12","2021-03-23",11
3604,721,755,"Herbert Rock",79,"Female","West Aaron","New South Wales",855,"Chinos","Trousers","XS","green",75,100.0,113.0,3,339.0,"2021-08-28","2021-09-04",7
3605,721,755,"Herbert Rock",79,"Female","West Aaron","New South Wales",483,"Puffer","Jacket","L","indigo",61,110.0,118.0,3,354.0,"2021-08-28","2021-09-04",7
3606,721,755,"Herbert Rock",79,"Female","West Aaron","New South Wales",543,"Leather","Jacket","L","green",71,113.0,98.0,1,98.0,"2021-08-28","2021-09-04",7
3607,721,755,"Herbert Rock",79,"Female","West Aaron","New South Wales",1162,"High-Waisted","Trousers","M","orange",69,98.0,99.0,1,99.0,"2021-08-28","2021-09-04",7
3608,721,755,"Herbert Rock",79,"Female","West Aaron","New South Wales",921,"Drawstring","Trousers","S","yellow",74,104.0,96.0,3,288.0,"2021-08-28","2021-09-04",7
3609,722,401,"Waylen Swallwell",73,"Non-binary","Sarahstad","Western Australia",362,"Henley","Shirt","M","yellow",71,92.0,94.0,2,188.0,"2021-10-24","2021-11-20",27
3610,722,401,"Waylen Swallwell",73,"Non-binary","Sarahstad","Western Australia",736,"Peacoat","Jacket","S","red",67,102.0,109.0,2,218.0,"2021-10-24","2021-11-20",27
3611,722,401,"Waylen Swallwell",73,"Non-binary","Sarahstad","Western Australia",838,"Shearling","Jacket","L","violet",61,95.0,117.0,2,234.0,"2021-10-24","2021-11-20",27
3612,722,401,"Waylen Swallwell",73,"Non-binary","Sarahstad","Western Australia",651,"Coach","Jacket","S","blue",47,115.0,93.0,1,93.0,"2021-10-24","2021-11-20",27
3613,722,401,"Waylen Swallwell",73,"Non-binary","Sarahstad","Western Australia",65,"Dress","Shirt","XS","violet",63,119.0,104.0,2,208.0,"2021-10-24","2021-11-20",27
3614,723,135,"Mycah Rodie",25,"Genderfluid","Port Abigail","Western Australia",836,"Shearling","Jacket","S","violet",49,95.0,117.0,3,351.0,"2021-10-03","2021-10-16",13
3615,723,135,"Mycah Rodie",25,"Genderfluid","Port Abigail","Western Australia",1009,"Wool","Trousers","XL","indigo",51,111.0,106.0,1,106.0,"2021-10-03","2021-10-16",13
3616,723,135,"Mycah Rodie",25,"Genderfluid","Port Abigail","Western Australia",1050,"Joggers","Trousers","XS","red",65,94.0,93.0,3,279.0,"2021-10-03","2021-10-16",13
3617,723,135,"Mycah Rodie",25,"Genderfluid","Port Abigail","Western Australia",550,"Leather","Jacket","XS","indigo",78,113.0,98.0,3,294.0,"2021-10-03","2021-10-16",13
3618,724,394,"Eba Bauser",26,"Bigender","Audreyport","Tasmania",693,"Parka","Jacket","L","indigo",44,119.0,113.0,2,226.0,"2021-03-04","2021-03-28",24
3619,724,394,"Eba Bauser",26,"Bigender","Audreyport","Tasmania",1193,"Pleated","Trousers","L","red",70,90.0,105.0,3,315.0,"2021-03-04","2021-03-28",24
3620,724,394,"Eba Bauser",26,"Bigender","Audreyport","Tasmania",791,"Pullover","Jacket","S","blue",73,114.0,91.0,2,182.0,"2021-03-04","2021-03-28",24
3621,724,394,"Eba Bauser",26,"Bigender","Audreyport","Tasmania",511,"Windbreaker","Jacket","S","blue",41,109.0,102.0,3,306.0,"2021-03-04","2021-03-28",24
3622,724,394,"Eba Bauser",26,"Bigender","Audreyport","Tasmania",1012,"Wool","Trousers","M","violet",51,111.0,106.0,2,212.0,"2021-03-04","2021-03-28",24
3623,724,394,"Eba Bauser",26,"Bigender","Audreyport","Tasmania",665,"Parka","Jacket","XS","red",65,119.0,113.0,2,226.0,"2021-03-04","2021-03-28",24
3624,724,394,"Eba Bauser",26,"Bigender","Audreyport","Tasmania",625,"Cardigan","Jacket","XS","violet",40,118.0,112.0,2,224.0,"2021-03-04","2021-03-28",24
3625,725,674,"Marthena Matterson",36,"Bigender","Goodwinmouth","South Australia",265,"Polo","Shirt","XS","blue",56,117.0,95.0,3,285.0,"2021-09-26","2021-10-05",9
3626,725,674,"Marthena Matterson",36,"Bigender","Goodwinmouth","South Australia",32,"Oxford Cloth","Shirt","M","violet",65,114.0,96.0,1,96.0,"2021-09-26","2021-10-05",9
3627,725,674,"Marthena Matterson",36,"Bigender","Goodwinmouth","South Australia",1217,"Pleated","Trousers","M","indigo",48,90.0,105.0,3,315.0,"2021-09-26","2021-10-05",9
3628,725,674,"Marthena Matterson",36,"Bigender","Goodwinmouth","South Australia",1234,"Tracksuit Bottoms","Trousers","XL","orange",42,91.0,112.0,1,112.0,"2021-09-26","2021-10-05",9
3629,726,447,"Shena Solomonides",68,"Bigender","Zacshire","New South Wales",607,"Cardigan","Jacket","M","yellow",64,118.0,112.0,2,224.0,"2021-09-15","2021-10-05",20
3630,726,447,"Shena Solomonides",68,"Bigender","Zacshire","New South Wales",131,"Denim","Shirt","S","indigo",69,115.0,92.0,2,184.0,"2021-09-15","2021-10-05",20
3631,727,852,"Lucas Cromly",67,"Polygender","O'connertown","Tasmania",165,"Linen","Shirt","XS","indigo",70,116.0,91.0,2,182.0,"2021-05-01","2021-05-18",17
3632,727,852,"Lucas Cromly",67,"Polygender","O'connertown","Tasmania",796,"Pullover","Jacket","S","indigo",44,114.0,91.0,1,91.0,"2021-05-01","2021-05-18",17
3633,728,526,"Ellyn Collacombe",73,"Male","Adamsside","Tasmania",234,"Chambray","Shirt","XL","blue",43,105.0,106.0,1,106.0,"2021-08-29","2021-08-30",1
3634,728,526,"Ellyn Collacombe",73,"Male","Adamsside","Tasmania",9,"Oxford Cloth","Shirt","XL","orange",43,114.0,96.0,3,288.0,"2021-08-29","2021-08-30",1
3635,728,526,"Ellyn Collacombe",73,"Male","Adamsside","Tasmania",1109,"Cropped","Trousers","XL","blue",51,99.0,115.0,1,115.0,"2021-08-29","2021-08-30",1
3636,728,526,"Ellyn Collacombe",73,"Male","Adamsside","Tasmania",38,"Dress","Shirt","L","red",79,119.0,104.0,3,312.0,"2021-08-29","2021-08-30",1
3637,728,526,"Ellyn Collacombe",73,"Male","Adamsside","Tasmania",598,"Cardigan","Jacket","L","red",41,118.0,112.0,1,112.0,"2021-08-29","2021-08-30",1
3638,728,526,"Ellyn Collacombe",73,"Male","Adamsside","Tasmania",1150,"Cargo Pants","Trousers","XS","violet",40,106.0,102.0,1,102.0,"2021-08-29","2021-08-30",1
3639,729,1,"Leanna Busson",30,"Female","Johnstonhaven","Northern Territory",197,"Camp Collared","Shirt","M","blue",65,112.0,98.0,3,294.0,"2021-02-18","2021-03-01",11
3640,729,1,"Leanna Busson",30,"Female","Johnstonhaven","Northern Territory",558,"Leather","Jacket","L","violet",78,113.0,98.0,1,98.0,"2021-02-18","2021-03-01",11
3641,730,88,"Kendall Jakubski",78,"Male","Port Liam","South Australia",221,"Chambray","Shirt","S","yellow",40,105.0,106.0,3,318.0,"2021-06-20","2021-07-10",20
3642,730,88,"Kendall Jakubski",78,"Male","Port Liam","South Australia",226,"Chambray","Shirt","S","green",63,105.0,106.0,1,106.0,"2021-06-20","2021-07-10",20
3643,730,88,"Kendall Jakubski",78,"Male","Port Liam","South Australia",1232,"Tracksuit Bottoms","Trousers","M","orange",47,91.0,112.0,3,336.0,"2021-06-20","2021-07-10",20
3644,730,88,"Kendall Jakubski",78,"Male","Port Liam","South Australia",310,"Cuban Collar","Shirt","XS","violet",49,93.0,105.0,3,315.0,"2021-06-20","2021-07-10",20
3645,730,88,"Kendall Jakubski",78,"Male","Port Liam","South Australia",1177,"High-Waisted","Trousers","M","blue",52,98.0,99.0,1,99.0,"2021-06-20","2021-07-10",20
3646,730,88,"Kendall Jakubski",78,"Male","Port Liam","South Australia",156,"Linen","Shirt","S","green",58,116.0,91.0,2,182.0,"2021-06-20","2021-07-10",20
3647,731,214,"Whitaker Pashen",55,"Female","Justinport","Queensland",696,"Parka","Jacket","S","violet",67,119.0,113.0,1,113.0,"2021-06-21","2021-07-02",11
3648,731,214,"Whitaker Pashen",55,"Female","Justinport","Queensland",176,"Camp Collared","Shirt","S","red",67,112.0,98.0,3,294.0,"2021-06-21","2021-07-02",11
3649,731,214,"Whitaker Pashen",55,"Female","Justinport","Queensland",431,"Denim","Jacket","S","yellow",43,92.0,107.0,2,214.0,"2021-06-21","2021-07-02",11
3650,732,40,"Regan Gronaller",59,"Polygender","Port Claudia","New South Wales",650,"Coach","Jacket","XS","blue",51,115.0,93.0,3,279.0,"2021-05-09","2021-05-29",20
3651,732,40,"Regan Gronaller",59,"Polygender","Port Claudia","New South Wales",1142,"Cargo Pants","Trousers","M","blue",64,106.0,102.0,1,102.0,"2021-05-09","2021-05-29",20
3652,732,40,"Regan Gronaller",59,"Polygender","Port Claudia","New South Wales",278,"Polo","Shirt","L","violet",76,117.0,95.0,2,190.0,"2021-05-09","2021-05-29",20
3653,733,387,"Alameda Fincke",43,"Male","Matthewstad","Victoria",394,"Casual Slim Fit","Shirt","XL","orange",53,113.0,119.0,1,119.0,"2021-05-26","2021-06-22",27
3654,733,387,"Alameda Fincke",43,"Male","Matthewstad","Victoria",944,"Drawstring","Trousers","XL","violet",80,104.0,96.0,2,192.0,"2021-05-26","2021-06-22",27
3655,733,387,"Alameda Fincke",43,"Male","Matthewstad","Victoria",691,"Parka","Jacket","S","indigo",53,119.0,113.0,1,113.0,"2021-05-26","2021-06-22",27
3656,733,387,"Alameda Fincke",43,"Male","Matthewstad","Victoria",314,"Cuban Collar","Shirt","XL","violet",44,93.0,105.0,3,315.0,"2021-05-26","2021-06-22",27
3657,733,387,"Alameda Fincke",43,"Male","Matthewstad","Victoria",33,"Oxford Cloth","Shirt","L","violet",73,114.0,96.0,1,96.0,"2021-05-26","2021-06-22",27
3658,733,387,"Alameda Fincke",43,"Male","Matthewstad","Victoria",971,"Slim-Fit","Trousers","S","indigo",41,119.0,97.0,1,97.0,"2021-05-26","2021-06-22",27
3659,734,623,"Hort Ridding",57,"Agender","West Ashley","South Australia",301,"Cuban Collar","Shirt","S","blue",62,93.0,105.0,2,210.0,"2021-01-25","2021-01-31",6
3660,734,623,"Hort Ridding",57,"Agender","West Ashley","South Australia",956,"Slim-Fit","Trousers","S","yellow",54,119.0,97.0,2,194.0,"2021-01-25","2021-01-31",6
3661,734,623,"Hort Ridding",57,"Agender","West Ashley","South Australia",1051,"Joggers","Trousers","S","red",71,94.0,93.0,2,186.0,"2021-01-25","2021-01-31",6
3662,734,623,"Hort Ridding",57,"Agender","West Ashley","South Australia",808,"Shearling","Jacket","L","red",40,95.0,117.0,3,351.0,"2021-01-25","2021-01-31",6
3663,734,623,"Hort Ridding",57,"Agender","West Ashley","South Australia",560,"Bomber","Jacket","XS","red",76,90.0,100.0,3,300.0,"2021-01-25","2021-01-31",6
3664,734,623,"Hort Ridding",57,"Agender","West Ashley","South Australia",439,"Denim","Jacket","XL","green",59,92.0,107.0,3,321.0,"2021-01-25","2021-01-31",6
3665,734,623,"Hort Ridding",57,"Agender","West Ashley","South Australia",465,"Puffer","Jacket","XS","yellow",55,110.0,118.0,3,354.0,"2021-01-25","2021-01-31",6
3666,734,623,"Hort Ridding",57,"Agender","West Ashley","South Australia",702,"Trench Coat","Jacket","M","red",57,112.0,119.0,3,357.0,"2021-01-25","2021-01-31",6
3667,734,623,"Hort Ridding",57,"Agender","West Ashley","South Australia",799,"Pullover","Jacket","XL","indigo",43,114.0,91.0,1,91.0,"2021-01-25","2021-01-31",6
3668,734,623,"Hort Ridding",57,"Agender","West Ashley","South Australia",168,"Linen","Shirt","L","indigo",75,116.0,91.0,1,91.0,"2021-01-25","2021-01-31",6
3669,735,754,"Ninnetta Lammin",74,"Bigender","Lake Jesse","New South Wales",481,"Puffer","Jacket","S","indigo",62,110.0,118.0,3,354.0,"2021-10-03","2021-10-16",13
3670,735,754,"Ninnetta Lammin",74,"Bigender","Lake Jesse","New South Wales",938,"Drawstring","Trousers","L","indigo",77,104.0,96.0,1,96.0,"2021-10-03","2021-10-16",13
3671,735,754,"Ninnetta Lammin",74,"Bigender","Lake Jesse","New South Wales",443,"Denim","Jacket","L","blue",42,92.0,107.0,3,321.0,"2021-10-03","2021-10-16",13
3672,735,754,"Ninnetta Lammin",74,"Bigender","Lake Jesse","New South Wales",709,"Trench Coat","Jacket","XL","orange",71,112.0,119.0,2,238.0,"2021-10-03","2021-10-16",13
3673,735,754,"Ninnetta Lammin",74,"Bigender","Lake Jesse","New South Wales",184,"Camp Collared","Shirt","XL","orange",48,112.0,98.0,3,294.0,"2021-10-03","2021-10-16",13
3674,736,793,"Tressa Cunnane",70,"Agender","Lake Rose","Western Australia",864,"Chinos","Trousers","XL","blue",48,100.0,113.0,1,113.0,"2021-04-10","2021-05-03",23
3675,736,793,"Tressa Cunnane",70,"Agender","Lake Rose","Western Australia",1245,"Tracksuit Bottoms","Trousers","XS","blue",42,91.0,112.0,1,112.0,"2021-04-10","2021-05-03",23
3676,736,793,"Tressa Cunnane",70,"Agender","Lake Rose","Western Australia",378,"Henley","Shirt","L","indigo",44,92.0,94.0,2,188.0,"2021-04-10","2021-05-03",23
3677,736,793,"Tressa Cunnane",70,"Agender","Lake Rose","Western Australia",1164,"High-Waisted","Trousers","XL","orange",47,98.0,99.0,3,297.0,"2021-04-10","2021-05-03",23
3678,736,793,"Tressa Cunnane",70,"Agender","Lake Rose","Western Australia",876,"Cords","Trousers","S","red",67,113.0,94.0,1,94.0,"2021-04-10","2021-05-03",23
3679,736,793,"Tressa Cunnane",70,"Agender","Lake Rose","Western Australia",1184,"High-Waisted","Trousers","XL","indigo",57,98.0,99.0,3,297.0,"2021-04-10","2021-05-03",23
3680,736,793,"Tressa Cunnane",70,"Agender","Lake Rose","Western Australia",110,"Denim","Shirt","XS","orange",45,115.0,92.0,2,184.0,"2021-04-10","2021-05-03",23
3681,737,453,"Guthry Ure",35,"Polygender","Kreigerberg","Tasmania",814,"Shearling","Jacket","XL","orange",60,95.0,117.0,3,351.0,"2021-05-26","2021-05-30",4
3682,737,453,"Guthry Ure",35,"Polygender","Kreigerberg","Tasmania",1066,"Joggers","Trousers","S","green",76,94.0,93.0,3,279.0,"2021-05-26","2021-05-30",4
3683,737,453,"Guthry Ure",35,"Polygender","Kreigerberg","Tasmania",552,"Leather","Jacket","M","indigo",71,113.0,98.0,1,98.0,"2021-05-26","2021-05-30",4
3684,737,453,"Guthry Ure",35,"Polygender","Kreigerberg","Tasmania",800,"Pullover","Jacket","XS","violet",61,114.0,91.0,2,182.0,"2021-05-26","2021-05-30",4
3685,737,453,"Guthry Ure",35,"Polygender","Kreigerberg","Tasmania",1160,"High-Waisted","Trousers","XS","orange",55,98.0,99.0,1,99.0,"2021-05-26","2021-05-30",4
3686,737,453,"Guthry Ure",35,"Polygender","Kreigerberg","Tasmania",251,"Polo","Shirt","S","orange",78,117.0,95.0,2,190.0,"2021-05-26","2021-05-30",4
3687,737,453,"Guthry Ure",35,"Polygender","Kreigerberg","Tasmania",664,"Coach","Jacket","XL","violet",60,115.0,93.0,2,186.0,"2021-05-26","2021-05-30",4
3688,737,453,"Guthry Ure",35,"Polygender","Kreigerberg","Tasmania",1250,"Tracksuit Bottoms","Trousers","XS","indigo",63,91.0,112.0,1,112.0,"2021-05-26","2021-05-30",4
3689,737,453,"Guthry Ure",35,"Polygender","Kreigerberg","Tasmania",98,"Flannel","Shirt","L","indigo",62,96.0,118.0,2,236.0,"2021-05-26","2021-05-30",4
3690,738,144,"Elaina Agate",60,"Male","Richardshaven","South Australia",260,"Polo","Shirt","XS","green",45,117.0,95.0,3,285.0,"2021-07-16","2021-08-09",24
3691,738,144,"Elaina Agate",60,"Male","Richardshaven","South Australia",1195,"Pleated","Trousers","XS","orange",74,90.0,105.0,3,315.0,"2021-07-16","2021-08-09",24
3692,738,144,"Elaina Agate",60,"Male","Richardshaven","South Australia",357,"Henley","Shirt","M","orange",70,92.0,94.0,2,188.0,"2021-07-16","2021-08-09",24
3693,738,144,"Elaina Agate",60,"Male","Richardshaven","South Australia",1197,"Pleated","Trousers","M","orange",57,90.0,105.0,2,210.0,"2021-07-16","2021-08-09",24
3694,739,211,"Rowena Doe",52,"Non-binary","Codyfort","New South Wales",645,"Coach","Jacket","XS","green",78,115.0,93.0,2,186.0,"2021-09-14","2021-09-23",9
3695,739,211,"Rowena Doe",52,"Non-binary","Codyfort","New South Wales",47,"Dress","Shirt","M","yellow",61,119.0,104.0,2,208.0,"2021-09-14","2021-09-23",9
3696,739,211,"Rowena Doe",52,"Non-binary","Codyfort","New South Wales",539,"Leather","Jacket","XL","yellow",67,113.0,98.0,3,294.0,"2021-09-14","2021-09-23",9
3697,740,178,"Gunner Murdie",51,"Agender","Lewiston","Australian Capital Territory",396,"Casual Slim Fit","Shirt","S","yellow",45,113.0,119.0,3,357.0,"2021-02-05","2021-02-10",5
3698,740,178,"Gunner Murdie",51,"Agender","Lewiston","Australian Capital Territory",31,"Oxford Cloth","Shirt","S","violet",41,114.0,96.0,2,192.0,"2021-02-05","2021-02-10",5
3699,740,178,"Gunner Murdie",51,"Agender","Lewiston","Australian Capital Territory",990,"Wool","Trousers","XS","yellow",67,111.0,106.0,1,106.0,"2021-02-05","2021-02-10",5
3700,740,178,"Gunner Murdie",51,"Agender","Lewiston","Australian Capital Territory",1076,"Joggers","Trousers","S","indigo",56,94.0,93.0,2,186.0,"2021-02-05","2021-02-10",5
3701,740,178,"Gunner Murdie",51,"Agender","Lewiston","Australian Capital Territory",704,"Trench Coat","Jacket","XL","red",40,112.0,119.0,2,238.0,"2021-02-05","2021-02-10",5
3702,741,710,"Avivah Roddick",60,"Male","Kulasville","New South Wales",917,"Drawstring","Trousers","M","orange",76,104.0,96.0,1,96.0,"2021-02-03","2021-02-17",14
3703,741,710,"Avivah Roddick",60,"Male","Kulasville","New South Wales",794,"Pullover","Jacket","XL","blue",74,114.0,91.0,3,273.0,"2021-02-03","2021-02-17",14
3704,742,750,"Mirabelle Vaney",42,"Polygender","Baumbachton","Victoria",893,"Cords","Trousers","L","green",62,113.0,94.0,3,282.0,"2021-10-21","2021-11-01",11
3705,742,750,"Mirabelle Vaney",42,"Polygender","Baumbachton","Victoria",223,"Chambray","Shirt","L","yellow",53,105.0,106.0,2,212.0,"2021-10-21","2021-11-01",11
3706,742,750,"Mirabelle Vaney",42,"Polygender","Baumbachton","Victoria",620,"Cardigan","Jacket","XS","indigo",70,118.0,112.0,2,224.0,"2021-10-21","2021-11-01",11
3707,742,750,"Mirabelle Vaney",42,"Polygender","Baumbachton","Victoria",606,"Cardigan","Jacket","S","yellow",79,118.0,112.0,1,112.0,"2021-10-21","2021-11-01",11
3708,742,750,"Mirabelle Vaney",42,"Polygender","Baumbachton","Victoria",133,"Denim","Shirt","L","indigo",58,115.0,92.0,1,92.0,"2021-10-21","2021-11-01",11
3709,742,750,"Mirabelle Vaney",42,"Polygender","Baumbachton","Victoria",1100,"Cropped","Trousers","XS","green",48,99.0,115.0,2,230.0,"2021-10-21","2021-11-01",11
3710,743,909,"Patin Circuit",62,"Genderqueer","Langfort","Tasmania",142,"Linen","Shirt","M","red",78,116.0,91.0,3,273.0,"2021-03-25","2021-03-27",2
3711,743,909,"Patin Circuit",62,"Genderqueer","Langfort","Tasmania",1090,"Cropped","Trousers","XS","orange",78,99.0,115.0,3,345.0,"2021-03-25","2021-03-27",2
3712,743,909,"Patin Circuit",62,"Genderqueer","Langfort","Tasmania",194,"Camp Collared","Shirt","XL","green",61,112.0,98.0,2,196.0,"2021-03-25","2021-03-27",2
3713,743,909,"Patin Circuit",62,"Genderqueer","Langfort","Tasmania",544,"Leather","Jacket","XL","green",58,113.0,98.0,1,98.0,"2021-03-25","2021-03-27",2
3714,744,107,"Sandy Yushachkov",35,"Genderfluid","Claudiaview","Western Australia",553,"Leather","Jacket","L","indigo",79,113.0,98.0,2,196.0,"2021-01-25","2021-02-14",20
3715,744,107,"Sandy Yushachkov",35,"Genderfluid","Claudiaview","Western Australia",210,"Chambray","Shirt","XS","red",48,105.0,106.0,2,212.0,"2021-01-25","2021-02-14",20
3716,744,107,"Sandy Yushachkov",35,"Genderfluid","Claudiaview","Western Australia",1009,"Wool","Trousers","XL","indigo",51,111.0,106.0,3,318.0,"2021-01-25","2021-02-14",20
3717,744,107,"Sandy Yushachkov",35,"Genderfluid","Claudiaview","Western Australia",1058,"Joggers","Trousers","L","orange",49,94.0,93.0,1,93.0,"2021-01-25","2021-02-14",20
3718,744,107,"Sandy Yushachkov",35,"Genderfluid","Claudiaview","Western Australia",1084,"Joggers","Trousers","XL","violet",40,94.0,93.0,1,93.0,"2021-01-25","2021-02-14",20
3719,744,107,"Sandy Yushachkov",35,"Genderfluid","Claudiaview","Western Australia",43,"Dress","Shirt","L","orange",73,119.0,104.0,2,208.0,"2021-01-25","2021-02-14",20
3720,745,643,"Pietro Duling",36,"Female","Shieldschester","Tasmania",1194,"Pleated","Trousers","XL","red",58,90.0,105.0,1,105.0,"2021-03-21","2021-04-01",11
3721,745,643,"Pietro Duling",36,"Female","Shieldschester","Tasmania",739,"Peacoat","Jacket","XL","red",58,102.0,109.0,2,218.0,"2021-03-21","2021-04-01",11
3722,745,643,"Pietro Duling",36,"Female","Shieldschester","Tasmania",757,"Peacoat","Jacket","M","blue",71,102.0,109.0,2,218.0,"2021-03-21","2021-04-01",11
3723,745,643,"Pietro Duling",36,"Female","Shieldschester","Tasmania",1041,"Relaxed Leg","Trousers","S","indigo",40,95.0,90.0,3,270.0,"2021-03-21","2021-04-01",11
3724,745,643,"Pietro Duling",36,"Female","Shieldschester","Tasmania",217,"Chambray","Shirt","M","orange",43,105.0,106.0,3,318.0,"2021-03-21","2021-04-01",11
3725,745,643,"Pietro Duling",36,"Female","Shieldschester","Tasmania",1098,"Cropped","Trousers","L","yellow",60,99.0,115.0,3,345.0,"2021-03-21","2021-04-01",11
3726,745,643,"Pietro Duling",36,"Female","Shieldschester","Tasmania",20,"Oxford Cloth","Shirt","XS","blue",47,114.0,96.0,1,96.0,"2021-03-21","2021-04-01",11
3727,745,643,"Pietro Duling",36,"Female","Shieldschester","Tasmania",1191,"Pleated","Trousers","S","red",78,90.0,105.0,2,210.0,"2021-03-21","2021-04-01",11
3728,745,643,"Pietro Duling",36,"Female","Shieldschester","Tasmania",1110,"Cropped","Trousers","XS","indigo",55,99.0,115.0,2,230.0,"2021-03-21","2021-04-01",11
3729,746,445,"Margret Yeabsley",44,"Polygender","Macdonaldchester","Victoria",1170,"High-Waisted","Trousers","XS","green",42,98.0,99.0,2,198.0,"2021-06-19","2021-06-27",8
3730,746,445,"Margret Yeabsley",44,"Polygender","Macdonaldchester","Victoria",1139,"Cargo Pants","Trousers","XL","green",65,106.0,102.0,2,204.0,"2021-06-19","2021-06-27",8
3731,746,445,"Margret Yeabsley",44,"Polygender","Macdonaldchester","Victoria",754,"Peacoat","Jacket","XL","green",68,102.0,109.0,3,327.0,"2021-06-19","2021-06-27",8
3732,746,445,"Margret Yeabsley",44,"Polygender","Macdonaldchester","Victoria",742,"Peacoat","Jacket","M","orange",47,102.0,109.0,3,327.0,"2021-06-19","2021-06-27",8
3733,746,445,"Margret Yeabsley",44,"Polygender","Macdonaldchester","Victoria",138,"Denim","Shirt","L","violet",78,115.0,92.0,2,184.0,"2021-06-19","2021-06-27",8
3734,746,445,"Margret Yeabsley",44,"Polygender","Macdonaldchester","Victoria",47,"Dress","Shirt","M","yellow",61,119.0,104.0,1,104.0,"2021-06-19","2021-06-27",8
3735,746,445,"Margret Yeabsley",44,"Polygender","Macdonaldchester","Victoria",100,"Flannel","Shirt","XS","violet",72,96.0,118.0,1,118.0,"2021-06-19","2021-06-27",8
3736,747,299,"Anny Midden",32,"Non-binary","Lake Amelia","Victoria",1076,"Joggers","Trousers","S","indigo",56,94.0,93.0,2,186.0,"2021-05-11","2021-05-28",17
3737,747,299,"Anny Midden",32,"Non-binary","Lake Amelia","Victoria",676,"Parka","Jacket","S","yellow",80,119.0,113.0,1,113.0,"2021-05-11","2021-05-28",17
3738,747,299,"Anny Midden",32,"Non-binary","Lake Amelia","Victoria",709,"Trench Coat","Jacket","XL","orange",71,112.0,119.0,3,357.0,"2021-05-11","2021-05-28",17
3739,748,27,"Jayme Turvie",55,"Polygender","Lake Alanafort","Western Australia",743,"Peacoat","Jacket","L","orange",45,102.0,109.0,3,327.0,"2021-05-16","2021-06-06",21
3740,748,27,"Jayme Turvie",55,"Polygender","Lake Alanafort","Western Australia",167,"Linen","Shirt","M","indigo",72,116.0,91.0,2,182.0,"2021-05-16","2021-06-06",21
3741,748,27,"Jayme Turvie",55,"Polygender","Lake Alanafort","Western Australia",405,"Casual Slim Fit","Shirt","XS","blue",55,113.0,119.0,2,238.0,"2021-05-16","2021-06-06",21
3742,748,27,"Jayme Turvie",55,"Polygender","Lake Alanafort","Western Australia",1133,"Cargo Pants","Trousers","L","yellow",71,106.0,102.0,3,306.0,"2021-05-16","2021-06-06",21
3743,748,27,"Jayme Turvie",55,"Polygender","Lake Alanafort","Western Australia",991,"Wool","Trousers","S","yellow",69,111.0,106.0,2,212.0,"2021-05-16","2021-06-06",21
3744,749,693,"Hetti Fibbens",45,"Genderqueer","Beattychester","Queensland",746,"Peacoat","Jacket","S","yellow",49,102.0,109.0,1,109.0,"2021-09-20","2021-09-24",4
3745,749,693,"Hetti Fibbens",45,"Genderqueer","Beattychester","Queensland",1197,"Pleated","Trousers","M","orange",57,90.0,105.0,1,105.0,"2021-09-20","2021-09-24",4
3746,749,693,"Hetti Fibbens",45,"Genderqueer","Beattychester","Queensland",628,"Cardigan","Jacket","L","violet",66,118.0,112.0,1,112.0,"2021-09-20","2021-09-24",4
3747,749,693,"Hetti Fibbens",45,"Genderqueer","Beattychester","Queensland",865,"Chinos","Trousers","XS","indigo",61,100.0,113.0,1,113.0,"2021-09-20","2021-09-24",4
3748,749,693,"Hetti Fibbens",45,"Genderqueer","Beattychester","Queensland",665,"Parka","Jacket","XS","red",65,119.0,113.0,3,339.0,"2021-09-20","2021-09-24",4
3749,749,693,"Hetti Fibbens",45,"Genderqueer","Beattychester","Queensland",12,"Oxford Cloth","Shirt","M","yellow",56,114.0,96.0,3,288.0,"2021-09-20","2021-09-24",4
3750,749,693,"Hetti Fibbens",45,"Genderqueer","Beattychester","Queensland",120,"Denim","Shirt","XS","green",66,115.0,92.0,1,92.0,"2021-09-20","2021-09-24",4
3751,750,758,"Mallissa Lawdham",44,"Genderfluid","East Madison","New South Wales",437,"Denim","Jacket","M","green",79,92.0,107.0,2,214.0,"2021-02-19","2021-03-01",10
3752,750,758,"Mallissa Lawdham",44,"Genderfluid","East Madison","New South Wales",884,"Cords","Trousers","XL","orange",72,113.0,94.0,2,188.0,"2021-02-19","2021-03-01",10
3753,750,758,"Mallissa Lawdham",44,"Genderfluid","East Madison","New South Wales",333,"Mandarin Collar","Shirt","L","green",67,108.0,109.0,1,109.0,"2021-02-19","2021-03-01",10
3754,750,758,"Mallissa Lawdham",44,"Genderfluid","East Madison","New South Wales",382,"Henley","Shirt","M","violet",44,92.0,94.0,1,94.0,"2021-02-19","2021-03-01",10
3755,750,758,"Mallissa Lawdham",44,"Genderfluid","East Madison","New South Wales",1159,"High-Waisted","Trousers","XL","red",80,98.0,99.0,2,198.0,"2021-02-19","2021-03-01",10
3756,750,758,"Mallissa Lawdham",44,"Genderfluid","East Madison","New South Wales",509,"Windbreaker","Jacket","XL","green",71,109.0,102.0,2,204.0,"2021-02-19","2021-03-01",10
3757,750,758,"Mallissa Lawdham",44,"Genderfluid","East Madison","New South Wales",91,"Flannel","Shirt","S","blue",43,96.0,118.0,1,118.0,"2021-02-19","2021-03-01",10
3758,750,758,"Mallissa Lawdham",44,"Genderfluid","East Madison","New South Wales",708,"Trench Coat","Jacket","L","orange",70,112.0,119.0,1,119.0,"2021-02-19","2021-03-01",10
3759,750,758,"Mallissa Lawdham",44,"Genderfluid","East Madison","New South Wales",583,"Bomber","Jacket","L","blue",64,90.0,100.0,2,200.0,"2021-02-19","2021-03-01",10
3760,750,758,"Mallissa Lawdham",44,"Genderfluid","East Madison","New South Wales",507,"Windbreaker","Jacket","M","green",63,109.0,102.0,1,102.0,"2021-02-19","2021-03-01",10
3761,750,758,"Mallissa Lawdham",44,"Genderfluid","East Madison","New South Wales",1113,"Cropped","Trousers","L","indigo",63,99.0,115.0,3,345.0,"2021-02-19","2021-03-01",10
3762,751,254,"Scot Billany",44,"Male","Beiermouth","Queensland",789,"Pullover","Jacket","XL","green",65,114.0,91.0,1,91.0,"2021-06-20","2021-07-06",16
3763,751,254,"Scot Billany",44,"Male","Beiermouth","Queensland",728,"Trench Coat","Jacket","L","indigo",71,112.0,119.0,2,238.0,"2021-06-20","2021-07-06",16
3764,751,254,"Scot Billany",44,"Male","Beiermouth","Queensland",1035,"Relaxed Leg","Trousers","XS","blue",54,95.0,90.0,3,270.0,"2021-06-20","2021-07-06",16
3765,751,254,"Scot Billany",44,"Male","Beiermouth","Queensland",241,"Chambray","Shirt","S","violet",52,105.0,106.0,1,106.0,"2021-06-20","2021-07-06",16
3766,751,254,"Scot Billany",44,"Male","Beiermouth","Queensland",1147,"Cargo Pants","Trousers","M","indigo",51,106.0,102.0,3,306.0,"2021-06-20","2021-07-06",16
3767,751,254,"Scot Billany",44,"Male","Beiermouth","Queensland",612,"Cardigan","Jacket","M","green",46,118.0,112.0,3,336.0,"2021-06-20","2021-07-06",16
3768,752,535,"Kerry Luto",56,"Polygender","Conroychester","South Australia",964,"Slim-Fit","Trousers","XL","green",67,119.0,97.0,2,194.0,"2021-10-08","2021-10-12",4
3769,752,535,"Kerry Luto",56,"Polygender","Conroychester","South Australia",196,"Camp Collared","Shirt","S","blue",75,112.0,98.0,3,294.0,"2021-10-08","2021-10-12",4
3770,752,535,"Kerry Luto",56,"Polygender","Conroychester","South Australia",857,"Chinos","Trousers","M","green",49,100.0,113.0,1,113.0,"2021-10-08","2021-10-12",4
3771,752,535,"Kerry Luto",56,"Polygender","Conroychester","South Australia",102,"Flannel","Shirt","M","violet",71,96.0,118.0,1,118.0,"2021-10-08","2021-10-12",4
3772,752,535,"Kerry Luto",56,"Polygender","Conroychester","South Australia",85,"Flannel","Shirt","XS","green",55,96.0,118.0,3,354.0,"2021-10-08","2021-10-12",4
3773,753,40,"Regan Gronaller",59,"Polygender","Port Claudia","New South Wales",394,"Casual Slim Fit","Shirt","XL","orange",53,113.0,119.0,1,119.0,"2021-02-20","2021-02-28",8
3774,753,40,"Regan Gronaller",59,"Polygender","Port Claudia","New South Wales",742,"Peacoat","Jacket","M","orange",47,102.0,109.0,1,109.0,"2021-02-20","2021-02-28",8
3775,753,40,"Regan Gronaller",59,"Polygender","Port Claudia","New South Wales",983,"Wool","Trousers","L","red",74,111.0,106.0,3,318.0,"2021-02-20","2021-02-28",8
3776,754,778,"Chastity Daniaud",20,"Genderfluid","Blakemouth","Northern Territory",832,"Shearling","Jacket","M","indigo",74,95.0,117.0,1,117.0,"2021-06-30","2021-07-23",23
3777,754,778,"Chastity Daniaud",20,"Genderfluid","Blakemouth","Northern Territory",126,"Denim","Shirt","S","blue",47,115.0,92.0,1,92.0,"2021-06-30","2021-07-23",23
3778,754,778,"Chastity Daniaud",20,"Genderfluid","Blakemouth","Northern Territory",934,"Drawstring","Trousers","XL","blue",60,104.0,96.0,2,192.0,"2021-06-30","2021-07-23",23
3779,754,778,"Chastity Daniaud",20,"Genderfluid","Blakemouth","Northern Territory",132,"Denim","Shirt","M","indigo",56,115.0,92.0,2,184.0,"2021-06-30","2021-07-23",23
3780,754,778,"Chastity Daniaud",20,"Genderfluid","Blakemouth","Northern Territory",406,"Casual Slim Fit","Shirt","S","blue",75,113.0,119.0,3,357.0,"2021-06-30","2021-07-23",23
3781,754,778,"Chastity Daniaud",20,"Genderfluid","Blakemouth","Northern Territory",38,"Dress","Shirt","L","red",79,119.0,104.0,2,208.0,"2021-06-30","2021-07-23",23
3782,754,778,"Chastity Daniaud",20,"Genderfluid","Blakemouth","Northern Territory",1122,"Cargo Pants","Trousers","M","red",52,106.0,102.0,1,102.0,"2021-06-30","2021-07-23",23
3783,754,778,"Chastity Daniaud",20,"Genderfluid","Blakemouth","Northern Territory",258,"Polo","Shirt","L","yellow",46,117.0,95.0,1,95.0,"2021-06-30","2021-07-23",23
3784,755,123,"Yardley Dreamer",22,"Female","Jordanborough","Tasmania",1135,"Cargo Pants","Trousers","XS","green",63,106.0,102.0,3,306.0,"2021-04-11","2021-05-06",25
3785,755,123,"Yardley Dreamer",22,"Female","Jordanborough","Tasmania",311,"Cuban Collar","Shirt","S","violet",43,93.0,105.0,3,315.0,"2021-04-11","2021-05-06",25
3786,755,123,"Yardley Dreamer",22,"Female","Jordanborough","Tasmania",822,"Shearling","Jacket","M","green",59,95.0,117.0,3,351.0,"2021-04-11","2021-05-06",25
3787,755,123,"Yardley Dreamer",22,"Female","Jordanborough","Tasmania",772,"Pullover","Jacket","M","red",55,114.0,91.0,2,182.0,"2021-04-11","2021-05-06",25
3788,755,123,"Yardley Dreamer",22,"Female","Jordanborough","Tasmania",22,"Oxford Cloth","Shirt","M","blue",57,114.0,96.0,2,192.0,"2021-04-11","2021-05-06",25
3789,755,123,"Yardley Dreamer",22,"Female","Jordanborough","Tasmania",69,"Dress","Shirt","XL","violet",77,119.0,104.0,1,104.0,"2021-04-11","2021-05-06",25
3790,756,318,"Glyn Tieman",63,"Polygender","Georgiatown","Western Australia",859,"Chinos","Trousers","XL","green",50,100.0,113.0,1,113.0,"2021-03-19","2021-03-29",10
3791,756,318,"Glyn Tieman",63,"Polygender","Georgiatown","Western Australia",1257,"Tracksuit Bottoms","Trousers","M","violet",73,91.0,112.0,1,112.0,"2021-03-19","2021-03-29",10
3792,756,318,"Glyn Tieman",63,"Polygender","Georgiatown","Western Australia",470,"Puffer","Jacket","XS","green",41,110.0,118.0,1,118.0,"2021-03-19","2021-03-29",10
3793,757,632,"Darby Jeffries",55,"Agender","South Anthonyburgh","Northern Territory",639,"Coach","Jacket","XL","orange",46,115.0,93.0,1,93.0,"2021-06-03","2021-06-15",12
3794,757,632,"Darby Jeffries",55,"Agender","South Anthonyburgh","Northern Territory",1247,"Tracksuit Bottoms","Trousers","M","blue",61,91.0,112.0,1,112.0,"2021-06-03","2021-06-15",12
3795,757,632,"Darby Jeffries",55,"Agender","South Anthonyburgh","Northern Territory",263,"Polo","Shirt","L","green",68,117.0,95.0,1,95.0,"2021-06-03","2021-06-15",12
3796,758,781,"Denny Parlour",36,"Genderfluid","Madisonland","Victoria",850,"Chinos","Trousers","XS","yellow",41,100.0,113.0,1,113.0,"2021-03-27","2021-04-21",25
3797,758,781,"Denny Parlour",36,"Genderfluid","Madisonland","Victoria",921,"Drawstring","Trousers","S","yellow",74,104.0,96.0,3,288.0,"2021-03-27","2021-04-21",25
3798,758,781,"Denny Parlour",36,"Genderfluid","Madisonland","Victoria",1131,"Cargo Pants","Trousers","S","yellow",48,106.0,102.0,1,102.0,"2021-03-27","2021-04-21",25
3799,758,781,"Denny Parlour",36,"Genderfluid","Madisonland","Victoria",394,"Casual Slim Fit","Shirt","XL","orange",53,113.0,119.0,3,357.0,"2021-03-27","2021-04-21",25
3800,759,857,"Dianemarie Neicho",27,"Agender","West Joelmouth","Western Australia",536,"Leather","Jacket","S","yellow",41,113.0,98.0,2,196.0,"2021-06-06","2021-07-03",27
3801,759,857,"Dianemarie Neicho",27,"Agender","West Joelmouth","Western Australia",1241,"Tracksuit Bottoms","Trousers","S","green",72,91.0,112.0,1,112.0,"2021-06-06","2021-07-03",27
3802,759,857,"Dianemarie Neicho",27,"Agender","West Joelmouth","Western Australia",254,"Polo","Shirt","XL","orange",43,117.0,95.0,3,285.0,"2021-06-06","2021-07-03",27
3803,759,857,"Dianemarie Neicho",27,"Agender","West Joelmouth","Western Australia",266,"Polo","Shirt","S","blue",76,117.0,95.0,2,190.0,"2021-06-06","2021-07-03",27
3804,759,857,"Dianemarie Neicho",27,"Agender","West Joelmouth","Western Australia",271,"Polo","Shirt","S","indigo",50,117.0,95.0,3,285.0,"2021-06-06","2021-07-03",27
3805,760,207,"Brade Caught",56,"Genderqueer","Elijahburgh","Queensland",729,"Trench Coat","Jacket","XL","indigo",64,112.0,119.0,1,119.0,"2021-07-09","2021-07-11",2
3806,760,207,"Brade Caught",56,"Genderqueer","Elijahburgh","Queensland",502,"Windbreaker","Jacket","M","yellow",52,109.0,102.0,1,102.0,"2021-07-09","2021-07-11",2
3807,760,207,"Brade Caught",56,"Genderqueer","Elijahburgh","Queensland",661,"Coach","Jacket","S","violet",74,115.0,93.0,2,186.0,"2021-07-09","2021-07-11",2
3808,760,207,"Brade Caught",56,"Genderqueer","Elijahburgh","Queensland",1234,"Tracksuit Bottoms","Trousers","XL","orange",42,91.0,112.0,1,112.0,"2021-07-09","2021-07-11",2
3809,760,207,"Brade Caught",56,"Genderqueer","Elijahburgh","Queensland",311,"Cuban Collar","Shirt","S","violet",43,93.0,105.0,2,210.0,"2021-07-09","2021-07-11",2
3810,760,207,"Brade Caught",56,"Genderqueer","Elijahburgh","Queensland",1026,"Relaxed Leg","Trousers","S","yellow",43,95.0,90.0,3,270.0,"2021-07-09","2021-07-11",2
3811,760,207,"Brade Caught",56,"Genderqueer","Elijahburgh","Queensland",1188,"High-Waisted","Trousers","L","violet",68,98.0,99.0,1,99.0,"2021-07-09","2021-07-11",2
3812,761,198,"Yevette Weekes",66,"Genderqueer","Gardenchester","Victoria",1201,"Pleated","Trousers","S","yellow",71,90.0,105.0,3,315.0,"2021-10-03","2021-10-25",22
3813,761,198,"Yevette Weekes",66,"Genderqueer","Gardenchester","Victoria",505,"Windbreaker","Jacket","XS","green",57,109.0,102.0,1,102.0,"2021-10-03","2021-10-25",22
3814,762,83,"Kayne Fraczkiewicz",40,"Agender","Walshland","Northern Territory",1086,"Cropped","Trousers","S","red",47,99.0,115.0,2,230.0,"2021-08-13","2021-08-20",7
3815,762,83,"Kayne Fraczkiewicz",40,"Agender","Walshland","Northern Territory",725,"Trench Coat","Jacket","XS","indigo",56,112.0,119.0,3,357.0,"2021-08-13","2021-08-20",7
3816,762,83,"Kayne Fraczkiewicz",40,"Agender","Walshland","Northern Territory",290,"Cuban Collar","Shirt","XS","yellow",78,93.0,105.0,3,315.0,"2021-08-13","2021-08-20",7
3817,762,83,"Kayne Fraczkiewicz",40,"Agender","Walshland","Northern Territory",845,"Chinos","Trousers","XS","orange",53,100.0,113.0,2,226.0,"2021-08-13","2021-08-20",7
3818,762,83,"Kayne Fraczkiewicz",40,"Agender","Walshland","Northern Territory",617,"Cardigan","Jacket","M","blue",57,118.0,112.0,1,112.0,"2021-08-13","2021-08-20",7
3819,763,974,"Tally Rubel",66,"Agender","South Xavierport","South Australia",773,"Pullover","Jacket","L","red",69,114.0,91.0,3,273.0,"2021-03-18","2021-04-05",18
3820,763,974,"Tally Rubel",66,"Agender","South Xavierport","South Australia",451,"Denim","Jacket","S","violet",73,92.0,107.0,2,214.0,"2021-03-18","2021-04-05",18
3821,763,974,"Tally Rubel",66,"Agender","South Xavierport","South Australia",921,"Drawstring","Trousers","S","yellow",74,104.0,96.0,1,96.0,"2021-03-18","2021-04-05",18
3822,763,974,"Tally Rubel",66,"Agender","South Xavierport","South Australia",429,"Denim","Jacket","XL","orange",79,92.0,107.0,2,214.0,"2021-03-18","2021-04-05",18
3823,764,955,"Dolph Arrow",57,"Bigender","Lake Owenfurt","Australian Capital Territory",442,"Denim","Jacket","M","blue",61,92.0,107.0,2,214.0,"2021-09-16","2021-10-04",18
3824,764,955,"Dolph Arrow",57,"Bigender","Lake Owenfurt","Australian Capital Territory",722,"Trench Coat","Jacket","M","blue",46,112.0,119.0,3,357.0,"2021-09-16","2021-10-04",18
3825,764,955,"Dolph Arrow",57,"Bigender","Lake Owenfurt","Australian Capital Territory",1105,"Cropped","Trousers","XS","blue",47,99.0,115.0,2,230.0,"2021-09-16","2021-10-04",18
3826,764,955,"Dolph Arrow",57,"Bigender","Lake Owenfurt","Australian Capital Territory",206,"Camp Collared","Shirt","S","violet",80,112.0,98.0,3,294.0,"2021-09-16","2021-10-04",18
3827,764,955,"Dolph Arrow",57,"Bigender","Lake Owenfurt","Australian Capital Territory",102,"Flannel","Shirt","M","violet",71,96.0,118.0,3,354.0,"2021-09-16","2021-10-04",18
3828,764,955,"Dolph Arrow",57,"Bigender","Lake Owenfurt","Australian Capital Territory",483,"Puffer","Jacket","L","indigo",61,110.0,118.0,2,236.0,"2021-09-16","2021-10-04",18
3829,765,660,"Slade Villaret",47,"Genderfluid","Charlesshire","Australian Capital Territory",706,"Trench Coat","Jacket","S","orange",41,112.0,119.0,1,119.0,"2021-01-15","2021-02-01",17
3830,765,660,"Slade Villaret",47,"Genderfluid","Charlesshire","Australian Capital Territory",237,"Chambray","Shirt","M","indigo",62,105.0,106.0,3,318.0,"2021-01-15","2021-02-01",17
3831,765,660,"Slade Villaret",47,"Genderfluid","Charlesshire","Australian Capital Territory",28,"Oxford Cloth","Shirt","L","indigo",70,114.0,96.0,2,192.0,"2021-01-15","2021-02-01",17
3832,765,660,"Slade Villaret",47,"Genderfluid","Charlesshire","Australian Capital Territory",1046,"Relaxed Leg","Trousers","S","violet",75,95.0,90.0,1,90.0,"2021-01-15","2021-02-01",17
3833,766,929,"Reba Crauford",68,"Genderfluid","Beahanfurt","Northern Territory",741,"Peacoat","Jacket","S","orange",73,102.0,109.0,2,218.0,"2021-08-06","2021-08-15",9
3834,766,929,"Reba Crauford",68,"Genderfluid","Beahanfurt","Northern Territory",259,"Polo","Shirt","XL","yellow",46,117.0,95.0,1,95.0,"2021-08-06","2021-08-15",9
3835,766,929,"Reba Crauford",68,"Genderfluid","Beahanfurt","Northern Territory",746,"Peacoat","Jacket","S","yellow",49,102.0,109.0,3,327.0,"2021-08-06","2021-08-15",9
3836,766,929,"Reba Crauford",68,"Genderfluid","Beahanfurt","Northern Territory",161,"Linen","Shirt","S","blue",77,116.0,91.0,3,273.0,"2021-08-06","2021-08-15",9
3837,766,929,"Reba Crauford",68,"Genderfluid","Beahanfurt","Northern Territory",766,"Peacoat","Jacket","S","violet",73,102.0,109.0,2,218.0,"2021-08-06","2021-08-15",9
3838,766,929,"Reba Crauford",68,"Genderfluid","Beahanfurt","Northern Territory",558,"Leather","Jacket","L","violet",78,113.0,98.0,1,98.0,"2021-08-06","2021-08-15",9
3839,767,169,"Wald Kaine",72,"Female","South Georgia","Western Australia",694,"Parka","Jacket","XL","indigo",78,119.0,113.0,2,226.0,"2021-04-28","2021-04-30",2
3840,767,169,"Wald Kaine",72,"Female","South Georgia","Western Australia",791,"Pullover","Jacket","S","blue",73,114.0,91.0,1,91.0,"2021-04-28","2021-04-30",2
3841,767,169,"Wald Kaine",72,"Female","South Georgia","Western Australia",335,"Mandarin Collar","Shirt","XS","blue",59,108.0,109.0,3,327.0,"2021-04-28","2021-04-30",2
3842,767,169,"Wald Kaine",72,"Female","South Georgia","Western Australia",448,"Denim","Jacket","L","indigo",67,92.0,107.0,2,214.0,"2021-04-28","2021-04-30",2
3843,768,558,"Lizette Lindro",38,"Genderqueer","Violetfort","South Australia",1090,"Cropped","Trousers","XS","orange",78,99.0,115.0,3,345.0,"2021-09-29","2021-10-16",17
3844,768,558,"Lizette Lindro",38,"Genderqueer","Violetfort","South Australia",1023,"Relaxed Leg","Trousers","L","orange",78,95.0,90.0,1,90.0,"2021-09-29","2021-10-16",17
3845,768,558,"Lizette Lindro",38,"Genderqueer","Violetfort","South Australia",128,"Denim","Shirt","L","blue",45,115.0,92.0,1,92.0,"2021-09-29","2021-10-16",17
3846,768,558,"Lizette Lindro",38,"Genderqueer","Violetfort","South Australia",748,"Peacoat","Jacket","L","yellow",63,102.0,109.0,3,327.0,"2021-09-29","2021-10-16",17
3847,768,558,"Lizette Lindro",38,"Genderqueer","Violetfort","South Australia",291,"Cuban Collar","Shirt","S","yellow",41,93.0,105.0,3,315.0,"2021-09-29","2021-10-16",17
3848,768,558,"Lizette Lindro",38,"Genderqueer","Violetfort","South Australia",654,"Coach","Jacket","XL","blue",46,115.0,93.0,2,186.0,"2021-09-29","2021-10-16",17
3849,769,422,"Farah Schukert",34,"Agender","Feeneymouth","Queensland",365,"Henley","Shirt","XS","green",61,92.0,94.0,2,188.0,"2021-09-10","2021-10-04",24
3850,770,868,"Berry Rosiello",28,"Agender","New Charlieville","Western Australia",1209,"Pleated","Trousers","XL","green",55,90.0,105.0,3,315.0,"2021-02-06","2021-02-28",22
3851,770,868,"Berry Rosiello",28,"Agender","New Charlieville","Western Australia",665,"Parka","Jacket","XS","red",65,119.0,113.0,1,113.0,"2021-02-06","2021-02-28",22
3852,770,868,"Berry Rosiello",28,"Agender","New Charlieville","Western Australia",869,"Chinos","Trousers","XL","indigo",78,100.0,113.0,2,226.0,"2021-02-06","2021-02-28",22
3853,771,970,"Delcine Pickthorn",44,"Genderfluid","Lake Lincoln","Queensland",443,"Denim","Jacket","L","blue",42,92.0,107.0,2,214.0,"2021-06-06","2021-06-18",12
3854,771,970,"Delcine Pickthorn",44,"Genderfluid","Lake Lincoln","Queensland",762,"Peacoat","Jacket","M","indigo",52,102.0,109.0,1,109.0,"2021-06-06","2021-06-18",12
3855,771,970,"Delcine Pickthorn",44,"Genderfluid","Lake Lincoln","Queensland",156,"Linen","Shirt","S","green",58,116.0,91.0,2,182.0,"2021-06-06","2021-06-18",12
3856,772,573,"Atlante Dissman",37,"Male","Abbeyshire","South Australia",1018,"Relaxed Leg","Trousers","L","red",63,95.0,90.0,3,270.0,"2021-06-07","2021-06-27",20
3857,772,573,"Atlante Dissman",37,"Male","Abbeyshire","South Australia",308,"Cuban Collar","Shirt","L","indigo",65,93.0,105.0,3,315.0,"2021-06-07","2021-06-27",20
3858,772,573,"Atlante Dissman",37,"Male","Abbeyshire","South Australia",606,"Cardigan","Jacket","S","yellow",79,118.0,112.0,2,224.0,"2021-06-07","2021-06-27",20
3859,773,998,"Rebecka Fabler",32,"Polygender","Kohlerberg","Queensland",398,"Casual Slim Fit","Shirt","L","yellow",63,113.0,119.0,2,238.0,"2021-07-19","2021-08-07",19
3860,773,998,"Rebecka Fabler",32,"Polygender","Kohlerberg","Queensland",147,"Linen","Shirt","M","orange",42,116.0,91.0,1,91.0,"2021-07-19","2021-08-07",19
3861,773,998,"Rebecka Fabler",32,"Polygender","Kohlerberg","Queensland",563,"Bomber","Jacket","L","red",50,90.0,100.0,3,300.0,"2021-07-19","2021-08-07",19
3862,773,998,"Rebecka Fabler",32,"Polygender","Kohlerberg","Queensland",1067,"Joggers","Trousers","M","green",54,94.0,93.0,2,186.0,"2021-07-19","2021-08-07",19
3863,773,998,"Rebecka Fabler",32,"Polygender","Kohlerberg","Queensland",261,"Polo","Shirt","S","green",71,117.0,95.0,2,190.0,"2021-07-19","2021-08-07",19
3864,774,416,"Leonore Yakunikov",21,"Agender","Langworthville","New South Wales",871,"Chinos","Trousers","S","violet",64,100.0,113.0,3,339.0,"2021-06-23","2021-07-13",20
3865,774,416,"Leonore Yakunikov",21,"Agender","Langworthville","New South Wales",321,"Mandarin Collar","Shirt","S","orange",52,108.0,109.0,1,109.0,"2021-06-23","2021-07-13",20
3866,774,416,"Leonore Yakunikov",21,"Agender","Langworthville","New South Wales",214,"Chambray","Shirt","XL","red",42,105.0,106.0,2,212.0,"2021-06-23","2021-07-13",20
3867,775,348,"Thorny Nornable",76,"Genderqueer","Rubyfort","Tasmania",1214,"Pleated","Trousers","XL","blue",55,90.0,105.0,2,210.0,"2021-06-11","2021-07-05",24
3868,775,348,"Thorny Nornable",76,"Genderqueer","Rubyfort","Tasmania",619,"Cardigan","Jacket","XL","blue",57,118.0,112.0,3,336.0,"2021-06-11","2021-07-05",24
3869,775,348,"Thorny Nornable",76,"Genderqueer","Rubyfort","Tasmania",1039,"Relaxed Leg","Trousers","XL","blue",40,95.0,90.0,1,90.0,"2021-06-11","2021-07-05",24
3870,775,348,"Thorny Nornable",76,"Genderqueer","Rubyfort","Tasmania",697,"Parka","Jacket","M","violet",75,119.0,113.0,1,113.0,"2021-06-11","2021-07-05",24
3871,775,348,"Thorny Nornable",76,"Genderqueer","Rubyfort","Tasmania",1139,"Cargo Pants","Trousers","XL","green",65,106.0,102.0,3,306.0,"2021-06-11","2021-07-05",24
3872,776,265,"Ianthe Magowan",52,"Male","Lake Laurenview","Tasmania",372,"Henley","Shirt","M","blue",42,92.0,94.0,2,188.0,"2021-09-02","2021-09-27",25
3873,776,265,"Ianthe Magowan",52,"Male","Lake Laurenview","Tasmania",789,"Pullover","Jacket","XL","green",65,114.0,91.0,1,91.0,"2021-09-02","2021-09-27",25
3874,776,265,"Ianthe Magowan",52,"Male","Lake Laurenview","Tasmania",419,"Casual Slim Fit","Shirt","XL","violet",57,113.0,119.0,2,238.0,"2021-09-02","2021-09-27",25
3875,776,265,"Ianthe Magowan",52,"Male","Lake Laurenview","Tasmania",694,"Parka","Jacket","XL","indigo",78,119.0,113.0,2,226.0,"2021-09-02","2021-09-27",25
3876,777,431,"Ronni Gruszczak",41,"Agender","Jademouth","Victoria",625,"Cardigan","Jacket","XS","violet",40,118.0,112.0,2,224.0,"2021-01-16","2021-02-09",24
3877,777,431,"Ronni Gruszczak",41,"Agender","Jademouth","Victoria",401,"Casual Slim Fit","Shirt","S","green",72,113.0,119.0,3,357.0,"2021-01-16","2021-02-09",24
3878,777,431,"Ronni Gruszczak",41,"Agender","Jademouth","Victoria",1126,"Cargo Pants","Trousers","S","orange",60,106.0,102.0,3,306.0,"2021-01-16","2021-02-09",24
3879,777,431,"Ronni Gruszczak",41,"Agender","Jademouth","Victoria",577,"Bomber","Jacket","M","green",61,90.0,100.0,1,100.0,"2021-01-16","2021-02-09",24
3880,777,431,"Ronni Gruszczak",41,"Agender","Jademouth","Victoria",721,"Trench Coat","Jacket","S","blue",64,112.0,119.0,2,238.0,"2021-01-16","2021-02-09",24
3881,777,431,"Ronni Gruszczak",41,"Agender","Jademouth","Victoria",657,"Coach","Jacket","M","indigo",64,115.0,93.0,3,279.0,"2021-01-16","2021-02-09",24
3882,777,431,"Ronni Gruszczak",41,"Agender","Jademouth","Victoria",823,"Shearling","Jacket","L","green",66,95.0,117.0,3,351.0,"2021-01-16","2021-02-09",24
3883,778,42,"Horatius Genever",37,"Genderqueer","Gabriellatown","Victoria",594,"Bomber","Jacket","XL","violet",53,90.0,100.0,2,200.0,"2021-01-24","2021-02-07",14
3884,778,42,"Horatius Genever",37,"Genderqueer","Gabriellatown","Victoria",536,"Leather","Jacket","S","yellow",41,113.0,98.0,3,294.0,"2021-01-24","2021-02-07",14
3885,778,42,"Horatius Genever",37,"Genderqueer","Gabriellatown","Victoria",526,"Leather","Jacket","S","red",80,113.0,98.0,1,98.0,"2021-01-24","2021-02-07",14
3886,778,42,"Horatius Genever",37,"Genderqueer","Gabriellatown","Victoria",1147,"Cargo Pants","Trousers","M","indigo",51,106.0,102.0,2,204.0,"2021-01-24","2021-02-07",14
3887,778,42,"Horatius Genever",37,"Genderqueer","Gabriellatown","Victoria",230,"Chambray","Shirt","XS","blue",76,105.0,106.0,2,212.0,"2021-01-24","2021-02-07",14
3888,778,42,"Horatius Genever",37,"Genderqueer","Gabriellatown","Victoria",780,"Pullover","Jacket","XS","yellow",65,114.0,91.0,1,91.0,"2021-01-24","2021-02-07",14
3889,779,698,"Cary Boaler",27,"Genderfluid","New Isaac","Victoria",561,"Bomber","Jacket","S","red",74,90.0,100.0,2,200.0,"2021-07-07","2021-07-21",14
3890,779,698,"Cary Boaler",27,"Genderfluid","New Isaac","Victoria",616,"Cardigan","Jacket","S","blue",53,118.0,112.0,3,336.0,"2021-07-07","2021-07-21",14
3891,779,698,"Cary Boaler",27,"Genderfluid","New Isaac","Victoria",383,"Henley","Shirt","L","violet",51,92.0,94.0,1,94.0,"2021-07-07","2021-07-21",14
3892,779,698,"Cary Boaler",27,"Genderfluid","New Isaac","Victoria",180,"Camp Collared","Shirt","XS","orange",52,112.0,98.0,3,294.0,"2021-07-07","2021-07-21",14
3893,779,698,"Cary Boaler",27,"Genderfluid","New Isaac","Victoria",751,"Peacoat","Jacket","S","green",41,102.0,109.0,3,327.0,"2021-07-07","2021-07-21",14
3894,779,698,"Cary Boaler",27,"Genderfluid","New Isaac","Victoria",166,"Linen","Shirt","S","indigo",72,116.0,91.0,1,91.0,"2021-07-07","2021-07-21",14
3895,779,698,"Cary Boaler",27,"Genderfluid","New Isaac","Victoria",21,"Oxford Cloth","Shirt","S","blue",51,114.0,96.0,2,192.0,"2021-07-07","2021-07-21",14
3896,779,698,"Cary Boaler",27,"Genderfluid","New Isaac","Victoria",409,"Casual Slim Fit","Shirt","XL","blue",68,113.0,119.0,2,238.0,"2021-07-07","2021-07-21",14
3897,780,100,"Wilhelm Blaber",69,"Genderfluid","Lake Callumville","Queensland",902,"Cords","Trousers","M","indigo",52,113.0,94.0,1,94.0,"2021-01-27","2021-01-29",2
3898,780,100,"Wilhelm Blaber",69,"Genderfluid","Lake Callumville","Queensland",295,"Cuban Collar","Shirt","XS","green",63,93.0,105.0,2,210.0,"2021-01-27","2021-01-29",2
3899,780,100,"Wilhelm Blaber",69,"Genderfluid","Lake Callumville","Queensland",21,"Oxford Cloth","Shirt","S","blue",51,114.0,96.0,1,96.0,"2021-01-27","2021-01-29",2
3900,780,100,"Wilhelm Blaber",69,"Genderfluid","Lake Callumville","Queensland",1249,"Tracksuit Bottoms","Trousers","XL","blue",68,91.0,112.0,3,336.0,"2021-01-27","2021-01-29",2
3901,780,100,"Wilhelm Blaber",69,"Genderfluid","Lake Callumville","Queensland",165,"Linen","Shirt","XS","indigo",70,116.0,91.0,1,91.0,"2021-01-27","2021-01-29",2
3902,780,100,"Wilhelm Blaber",69,"Genderfluid","Lake Callumville","Queensland",1217,"Pleated","Trousers","M","indigo",48,90.0,105.0,1,105.0,"2021-01-27","2021-01-29",2
3903,780,100,"Wilhelm Blaber",69,"Genderfluid","Lake Callumville","Queensland",402,"Casual Slim Fit","Shirt","M","green",67,113.0,119.0,1,119.0,"2021-01-27","2021-01-29",2
3904,781,465,"Mallory Castellani",38,"Female","Williammouth","Victoria",1153,"Cargo Pants","Trousers","L","violet",74,106.0,102.0,1,102.0,"2021-08-21","2021-09-11",21
3905,781,465,"Mallory Castellani",38,"Female","Williammouth","Victoria",1060,"Joggers","Trousers","XS","yellow",62,94.0,93.0,2,186.0,"2021-08-21","2021-09-11",21
3906,781,465,"Mallory Castellani",38,"Female","Williammouth","Victoria",927,"Drawstring","Trousers","M","green",52,104.0,96.0,3,288.0,"2021-08-21","2021-09-11",21
3907,781,465,"Mallory Castellani",38,"Female","Williammouth","Victoria",125,"Denim","Shirt","XS","blue",76,115.0,92.0,2,184.0,"2021-08-21","2021-09-11",21
3908,781,465,"Mallory Castellani",38,"Female","Williammouth","Victoria",118,"Denim","Shirt","L","yellow",75,115.0,92.0,1,92.0,"2021-08-21","2021-09-11",21
3909,781,465,"Mallory Castellani",38,"Female","Williammouth","Victoria",1230,"Tracksuit Bottoms","Trousers","XS","orange",57,91.0,112.0,2,224.0,"2021-08-21","2021-09-11",21
3910,782,872,"Brendis Blackboro",74,"Non-binary","West Lukeshire","New South Wales",171,"Linen","Shirt","S","violet",44,116.0,91.0,3,273.0,"2021-03-07","2021-03-23",16
3911,782,872,"Brendis Blackboro",74,"Non-binary","West Lukeshire","New South Wales",176,"Camp Collared","Shirt","S","red",67,112.0,98.0,1,98.0,"2021-03-07","2021-03-23",16
3912,782,872,"Brendis Blackboro",74,"Non-binary","West Lukeshire","New South Wales",495,"Windbreaker","Jacket","XS","orange",70,109.0,102.0,1,102.0,"2021-03-07","2021-03-23",16
3913,782,872,"Brendis Blackboro",74,"Non-binary","West Lukeshire","New South Wales",590,"Bomber","Jacket","XS","violet",75,90.0,100.0,2,200.0,"2021-03-07","2021-03-23",16
3914,782,872,"Brendis Blackboro",74,"Non-binary","West Lukeshire","New South Wales",187,"Camp Collared","Shirt","M","yellow",49,112.0,98.0,3,294.0,"2021-03-07","2021-03-23",16
3915,782,872,"Brendis Blackboro",74,"Non-binary","West Lukeshire","New South Wales",93,"Flannel","Shirt","L","blue",44,96.0,118.0,1,118.0,"2021-03-07","2021-03-23",16
3916,783,683,"Esteban Hensmans",45,"Genderfluid","West Finnberg","Australian Capital Territory",88,"Flannel","Shirt","L","green",72,96.0,118.0,1,118.0,"2021-01-17","2021-01-19",2
3917,783,683,"Esteban Hensmans",45,"Genderfluid","West Finnberg","Australian Capital Territory",458,"Puffer","Jacket","L","red",44,110.0,118.0,2,236.0,"2021-01-17","2021-01-19",2
3918,783,683,"Esteban Hensmans",45,"Genderfluid","West Finnberg","Australian Capital Territory",705,"Trench Coat","Jacket","XS","orange",69,112.0,119.0,1,119.0,"2021-01-17","2021-01-19",2
3919,783,683,"Esteban Hensmans",45,"Genderfluid","West Finnberg","Australian Capital Territory",69,"Dress","Shirt","XL","violet",77,119.0,104.0,1,104.0,"2021-01-17","2021-01-19",2
3920,783,683,"Esteban Hensmans",45,"Genderfluid","West Finnberg","Australian Capital Territory",1121,"Cargo Pants","Trousers","S","red",63,106.0,102.0,2,204.0,"2021-01-17","2021-01-19",2
3921,784,436,"Meredith Canniffe",41,"Polygender","Port Siennaport","South Australia",936,"Drawstring","Trousers","S","indigo",46,104.0,96.0,2,192.0,"2021-03-14","2021-04-04",21
3922,784,436,"Meredith Canniffe",41,"Polygender","Port Siennaport","South Australia",869,"Chinos","Trousers","XL","indigo",78,100.0,113.0,2,226.0,"2021-03-14","2021-04-04",21
3923,784,436,"Meredith Canniffe",41,"Polygender","Port Siennaport","South Australia",1033,"Relaxed Leg","Trousers","L","green",62,95.0,90.0,1,90.0,"2021-03-14","2021-04-04",21
3924,784,436,"Meredith Canniffe",41,"Polygender","Port Siennaport","South Australia",151,"Linen","Shirt","S","yellow",60,116.0,91.0,3,273.0,"2021-03-14","2021-04-04",21
3925,784,436,"Meredith Canniffe",41,"Polygender","Port Siennaport","South Australia",1028,"Relaxed Leg","Trousers","L","yellow",65,95.0,90.0,2,180.0,"2021-03-14","2021-04-04",21
3926,784,436,"Meredith Canniffe",41,"Polygender","Port Siennaport","South Australia",397,"Casual Slim Fit","Shirt","M","yellow",76,113.0,119.0,1,119.0,"2021-03-14","2021-04-04",21
3927,785,445,"Margret Yeabsley",44,"Polygender","Macdonaldchester","Victoria",1231,"Tracksuit Bottoms","Trousers","S","orange",59,91.0,112.0,1,112.0,"2021-03-22","2021-04-02",11
3928,785,445,"Margret Yeabsley",44,"Polygender","Macdonaldchester","Victoria",1148,"Cargo Pants","Trousers","L","indigo",46,106.0,102.0,2,204.0,"2021-03-22","2021-04-02",11
3929,785,445,"Margret Yeabsley",44,"Polygender","Macdonaldchester","Victoria",469,"Puffer","Jacket","XL","yellow",65,110.0,118.0,3,354.0,"2021-03-22","2021-04-02",11
3930,785,445,"Margret Yeabsley",44,"Polygender","Macdonaldchester","Victoria",95,"Flannel","Shirt","XS","indigo",46,96.0,118.0,3,354.0,"2021-03-22","2021-04-02",11
3931,785,445,"Margret Yeabsley",44,"Polygender","Macdonaldchester","Victoria",1242,"Tracksuit Bottoms","Trousers","M","green",47,91.0,112.0,2,224.0,"2021-03-22","2021-04-02",11
3932,785,445,"Margret Yeabsley",44,"Polygender","Macdonaldchester","Victoria",835,"Shearling","Jacket","XS","violet",75,95.0,117.0,3,351.0,"2021-03-22","2021-04-02",11
3933,785,445,"Margret Yeabsley",44,"Polygender","Macdonaldchester","Victoria",877,"Cords","Trousers","M","red",68,113.0,94.0,1,94.0,"2021-03-22","2021-04-02",11
3934,786,472,"Hal Saker",57,"Male","Parisianmouth","Queensland",167,"Linen","Shirt","M","indigo",72,116.0,91.0,3,273.0,"2021-05-02","2021-05-08",6
3935,786,472,"Hal Saker",57,"Male","Parisianmouth","Queensland",46,"Dress","Shirt","S","yellow",56,119.0,104.0,1,104.0,"2021-05-02","2021-05-08",6
3936,786,472,"Hal Saker",57,"Male","Parisianmouth","Queensland",1255,"Tracksuit Bottoms","Trousers","XS","violet",67,91.0,112.0,2,224.0,"2021-05-02","2021-05-08",6
3937,786,472,"Hal Saker",57,"Male","Parisianmouth","Queensland",1151,"Cargo Pants","Trousers","S","violet",79,106.0,102.0,2,204.0,"2021-05-02","2021-05-08",6
3938,786,472,"Hal Saker",57,"Male","Parisianmouth","Queensland",1210,"Pleated","Trousers","XS","blue",62,90.0,105.0,1,105.0,"2021-05-02","2021-05-08",6
3939,786,472,"Hal Saker",57,"Male","Parisianmouth","Queensland",721,"Trench Coat","Jacket","S","blue",64,112.0,119.0,3,357.0,"2021-05-02","2021-05-08",6
3940,786,472,"Hal Saker",57,"Male","Parisianmouth","Queensland",855,"Chinos","Trousers","XS","green",75,100.0,113.0,1,113.0,"2021-05-02","2021-05-08",6
3941,787,44,"Avivah Chipchase",60,"Bigender","Eliburgh","Tasmania",966,"Slim-Fit","Trousers","S","blue",49,119.0,97.0,1,97.0,"2021-07-18","2021-07-31",13
3942,787,44,"Avivah Chipchase",60,"Bigender","Eliburgh","Tasmania",68,"Dress","Shirt","L","violet",74,119.0,104.0,2,208.0,"2021-07-18","2021-07-31",13
3943,787,44,"Avivah Chipchase",60,"Bigender","Eliburgh","Tasmania",508,"Windbreaker","Jacket","L","green",62,109.0,102.0,2,204.0,"2021-07-18","2021-07-31",13
3944,787,44,"Avivah Chipchase",60,"Bigender","Eliburgh","Tasmania",1077,"Joggers","Trousers","M","indigo",66,94.0,93.0,3,279.0,"2021-07-18","2021-07-31",13
3945,787,44,"Avivah Chipchase",60,"Bigender","Eliburgh","Tasmania",397,"Casual Slim Fit","Shirt","M","yellow",76,113.0,119.0,1,119.0,"2021-07-18","2021-07-31",13
3946,787,44,"Avivah Chipchase",60,"Bigender","Eliburgh","Tasmania",356,"Henley","Shirt","S","orange",46,92.0,94.0,2,188.0,"2021-07-18","2021-07-31",13
3947,787,44,"Avivah Chipchase",60,"Bigender","Eliburgh","Tasmania",1182,"High-Waisted","Trousers","M","indigo",61,98.0,99.0,1,99.0,"2021-07-18","2021-07-31",13
3948,788,108,"Merrill Care",57,"Bigender","Port Rosemouth","Queensland",184,"Camp Collared","Shirt","XL","orange",48,112.0,98.0,1,98.0,"2021-10-08","2021-10-13",5
3949,788,108,"Merrill Care",57,"Bigender","Port Rosemouth","Queensland",528,"Leather","Jacket","L","red",76,113.0,98.0,2,196.0,"2021-10-08","2021-10-13",5
3950,788,108,"Merrill Care",57,"Bigender","Port Rosemouth","Queensland",18,"Oxford Cloth","Shirt","L","green",52,114.0,96.0,3,288.0,"2021-10-08","2021-10-13",5
3951,788,108,"Merrill Care",57,"Bigender","Port Rosemouth","Queensland",830,"Shearling","Jacket","XS","indigo",68,95.0,117.0,2,234.0,"2021-10-08","2021-10-13",5
3952,788,108,"Merrill Care",57,"Bigender","Port Rosemouth","Queensland",490,"Windbreaker","Jacket","XS","red",79,109.0,102.0,1,102.0,"2021-10-08","2021-10-13",5
3953,788,108,"Merrill Care",57,"Bigender","Port Rosemouth","Queensland",1162,"High-Waisted","Trousers","M","orange",69,98.0,99.0,3,297.0,"2021-10-08","2021-10-13",5
3954,789,762,"Eloise Ondrusek",43,"Polygender","South Codyhaven","Tasmania",1006,"Wool","Trousers","S","indigo",45,111.0,106.0,2,212.0,"2021-10-11","2021-11-03",23
3955,789,762,"Eloise Ondrusek",43,"Polygender","South Codyhaven","Tasmania",813,"Shearling","Jacket","L","orange",58,95.0,117.0,2,234.0,"2021-10-11","2021-11-03",23
3956,789,762,"Eloise Ondrusek",43,"Polygender","South Codyhaven","Tasmania",931,"Drawstring","Trousers","S","blue",48,104.0,96.0,1,96.0,"2021-10-11","2021-11-03",23
3957,789,762,"Eloise Ondrusek",43,"Polygender","South Codyhaven","Tasmania",972,"Slim-Fit","Trousers","M","indigo",67,119.0,97.0,2,194.0,"2021-10-11","2021-11-03",23
3958,790,187,"Trenton Lydiard",70,"Genderfluid","West Isabelton","Queensland",1021,"Relaxed Leg","Trousers","S","orange",47,95.0,90.0,3,270.0,"2021-05-16","2021-05-27",11
3959,790,187,"Trenton Lydiard",70,"Genderfluid","West Isabelton","Queensland",727,"Trench Coat","Jacket","M","indigo",42,112.0,119.0,3,357.0,"2021-05-16","2021-05-27",11
3960,790,187,"Trenton Lydiard",70,"Genderfluid","West Isabelton","Queensland",877,"Cords","Trousers","M","red",68,113.0,94.0,1,94.0,"2021-05-16","2021-05-27",11
3961,790,187,"Trenton Lydiard",70,"Genderfluid","West Isabelton","Queensland",718,"Trench Coat","Jacket","L","green",73,112.0,119.0,2,238.0,"2021-05-16","2021-05-27",11
3962,790,187,"Trenton Lydiard",70,"Genderfluid","West Isabelton","Queensland",1218,"Pleated","Trousers","L","indigo",73,90.0,105.0,3,315.0,"2021-05-16","2021-05-27",11
3963,790,187,"Trenton Lydiard",70,"Genderfluid","West Isabelton","Queensland",293,"Cuban Collar","Shirt","L","yellow",77,93.0,105.0,2,210.0,"2021-05-16","2021-05-27",11
3964,790,187,"Trenton Lydiard",70,"Genderfluid","West Isabelton","Queensland",189,"Camp Collared","Shirt","XL","yellow",44,112.0,98.0,2,196.0,"2021-05-16","2021-05-27",11
3965,790,187,"Trenton Lydiard",70,"Genderfluid","West Isabelton","Queensland",1013,"Wool","Trousers","L","violet",61,111.0,106.0,3,318.0,"2021-05-16","2021-05-27",11
3966,791,476,"Orton Heigl",64,"Genderfluid","West Jackfort","South Australia",227,"Chambray","Shirt","M","green",56,105.0,106.0,3,318.0,"2021-05-05","2021-05-21",16
3967,791,476,"Orton Heigl",64,"Genderfluid","West Jackfort","South Australia",660,"Coach","Jacket","XS","violet",58,115.0,93.0,2,186.0,"2021-05-05","2021-05-21",16
3968,791,476,"Orton Heigl",64,"Genderfluid","West Jackfort","South Australia",380,"Henley","Shirt","XS","violet",50,92.0,94.0,1,94.0,"2021-05-05","2021-05-21",16
3969,791,476,"Orton Heigl",64,"Genderfluid","West Jackfort","South Australia",1188,"High-Waisted","Trousers","L","violet",68,98.0,99.0,3,297.0,"2021-05-05","2021-05-21",16
3970,791,476,"Orton Heigl",64,"Genderfluid","West Jackfort","South Australia",1203,"Pleated","Trousers","L","yellow",62,90.0,105.0,1,105.0,"2021-05-05","2021-05-21",16
3971,791,476,"Orton Heigl",64,"Genderfluid","West Jackfort","South Australia",709,"Trench Coat","Jacket","XL","orange",71,112.0,119.0,1,119.0,"2021-05-05","2021-05-21",16
3972,792,240,"Brian Finnes",25,"Genderqueer","New Codyville","Victoria",283,"Cuban Collar","Shirt","L","red",45,93.0,105.0,2,210.0,"2021-07-16","2021-08-12",27
3973,792,240,"Brian Finnes",25,"Genderqueer","New Codyville","Victoria",725,"Trench Coat","Jacket","XS","indigo",56,112.0,119.0,1,119.0,"2021-07-16","2021-08-12",27
3974,792,240,"Brian Finnes",25,"Genderqueer","New Codyville","Victoria",971,"Slim-Fit","Trousers","S","indigo",41,119.0,97.0,2,194.0,"2021-07-16","2021-08-12",27
3975,792,240,"Brian Finnes",25,"Genderqueer","New Codyville","Victoria",621,"Cardigan","Jacket","S","indigo",61,118.0,112.0,3,336.0,"2021-07-16","2021-08-12",27
3976,792,240,"Brian Finnes",25,"Genderqueer","New Codyville","Victoria",205,"Camp Collared","Shirt","XS","violet",72,112.0,98.0,2,196.0,"2021-07-16","2021-08-12",27
3977,792,240,"Brian Finnes",25,"Genderqueer","New Codyville","Victoria",158,"Linen","Shirt","L","green",72,116.0,91.0,1,91.0,"2021-07-16","2021-08-12",27
3978,792,240,"Brian Finnes",25,"Genderqueer","New Codyville","Victoria",1008,"Wool","Trousers","L","indigo",41,111.0,106.0,2,212.0,"2021-07-16","2021-08-12",27
3979,792,240,"Brian Finnes",25,"Genderqueer","New Codyville","Victoria",477,"Puffer","Jacket","M","blue",60,110.0,118.0,3,354.0,"2021-07-16","2021-08-12",27
3980,792,240,"Brian Finnes",25,"Genderqueer","New Codyville","Victoria",131,"Denim","Shirt","S","indigo",69,115.0,92.0,2,184.0,"2021-07-16","2021-08-12",27
3981,793,258,"Mira Heinonen",62,"Female","South Declan","Queensland",372,"Henley","Shirt","M","blue",42,92.0,94.0,1,94.0,"2021-01-27","2021-02-03",7
3982,793,258,"Mira Heinonen",62,"Female","South Declan","Queensland",970,"Slim-Fit","Trousers","XS","indigo",74,119.0,97.0,3,291.0,"2021-01-27","2021-02-03",7
3983,793,258,"Mira Heinonen",62,"Female","South Declan","Queensland",783,"Pullover","Jacket","L","yellow",43,114.0,91.0,3,273.0,"2021-01-27","2021-02-03",7
3984,793,258,"Mira Heinonen",62,"Female","South Declan","Queensland",987,"Wool","Trousers","M","orange",75,111.0,106.0,2,212.0,"2021-01-27","2021-02-03",7
3985,793,258,"Mira Heinonen",62,"Female","South Declan","Queensland",222,"Chambray","Shirt","M","yellow",62,105.0,106.0,1,106.0,"2021-01-27","2021-02-03",7
3986,793,258,"Mira Heinonen",62,"Female","South Declan","Queensland",849,"Chinos","Trousers","XL","orange",48,100.0,113.0,2,226.0,"2021-01-27","2021-02-03",7
3987,793,258,"Mira Heinonen",62,"Female","South Declan","Queensland",72,"Flannel","Shirt","M","red",68,96.0,118.0,3,354.0,"2021-01-27","2021-02-03",7
3988,794,418,"Luelle Fernanando",57,"Agender","North Sebastianberg","Australian Capital Territory",972,"Slim-Fit","Trousers","M","indigo",67,119.0,97.0,1,97.0,"2021-04-18","2021-05-08",20
3989,794,418,"Luelle Fernanando",57,"Agender","North Sebastianberg","Australian Capital Territory",209,"Camp Collared","Shirt","XL","violet",40,112.0,98.0,2,196.0,"2021-04-18","2021-05-08",20
3990,794,418,"Luelle Fernanando",57,"Agender","North Sebastianberg","Australian Capital Territory",582,"Bomber","Jacket","M","blue",44,90.0,100.0,3,300.0,"2021-04-18","2021-05-08",20
3991,794,418,"Luelle Fernanando",57,"Agender","North Sebastianberg","Australian Capital Territory",247,"Polo","Shirt","M","red",70,117.0,95.0,2,190.0,"2021-04-18","2021-05-08",20
3992,794,418,"Luelle Fernanando",57,"Agender","North Sebastianberg","Australian Capital Territory",724,"Trench Coat","Jacket","XL","blue",69,112.0,119.0,3,357.0,"2021-04-18","2021-05-08",20
3993,794,418,"Luelle Fernanando",57,"Agender","North Sebastianberg","Australian Capital Territory",470,"Puffer","Jacket","XS","green",41,110.0,118.0,2,236.0,"2021-04-18","2021-05-08",20
3994,794,418,"Luelle Fernanando",57,"Agender","North Sebastianberg","Australian Capital Territory",922,"Drawstring","Trousers","M","yellow",55,104.0,96.0,2,192.0,"2021-04-18","2021-05-08",20
3995,795,427,"Tomaso Mullin",25,"Genderqueer","New Ava","Queensland",11,"Oxford Cloth","Shirt","S","yellow",78,114.0,96.0,3,288.0,"2021-06-07","2021-06-30",23
3996,795,427,"Tomaso Mullin",25,"Genderqueer","New Ava","Queensland",830,"Shearling","Jacket","XS","indigo",68,95.0,117.0,2,234.0,"2021-06-07","2021-06-30",23
3997,796,592,"Salomo Shuttell",64,"Bigender","North Stephanie","South Australia",362,"Henley","Shirt","M","yellow",71,92.0,94.0,2,188.0,"2021-07-31","2021-08-06",6
3998,796,592,"Salomo Shuttell",64,"Bigender","North Stephanie","South Australia",437,"Denim","Jacket","M","green",79,92.0,107.0,1,107.0,"2021-07-31","2021-08-06",6
3999,797,908,"Kakalina Ragge",42,"Genderqueer","South Alexandraview","Queensland",904,"Cords","Trousers","XL","indigo",70,113.0,94.0,1,94.0,"2021-07-25","2021-08-06",12
4000,797,908,"Kakalina Ragge",42,"Genderqueer","South Alexandraview","Queensland",51,"Dress","Shirt","S","green",60,119.0,104.0,1,104.0,"2021-07-25","2021-08-06",12
4001,797,908,"Kakalina Ragge",42,"Genderqueer","South Alexandraview","Queensland",610,"Cardigan","Jacket","XS","green",40,118.0,112.0,3,336.0,"2021-07-25","2021-08-06",12
4002,797,908,"Kakalina Ragge",42,"Genderqueer","South Alexandraview","Queensland",523,"Windbreaker","Jacket","L","violet",72,109.0,102.0,2,204.0,"2021-07-25","2021-08-06",12
4003,797,908,"Kakalina Ragge",42,"Genderqueer","South Alexandraview","Queensland",981,"Wool","Trousers","S","red",65,111.0,106.0,1,106.0,"2021-07-25","2021-08-06",12
4004,797,908,"Kakalina Ragge",42,"Genderqueer","South Alexandraview","Queensland",292,"Cuban Collar","Shirt","M","yellow",49,93.0,105.0,3,315.0,"2021-07-25","2021-08-06",12
4005,797,908,"Kakalina Ragge",42,"Genderqueer","South Alexandraview","Queensland",64,"Dress","Shirt","XL","indigo",75,119.0,104.0,2,208.0,"2021-07-25","2021-08-06",12
4006,798,825,"Judith Plimmer",46,"Male","Thomaschester","Tasmania",979,"Slim-Fit","Trousers","XL","violet",48,119.0,97.0,2,194.0,"2021-03-17","2021-04-01",15
4007,798,825,"Judith Plimmer",46,"Male","Thomaschester","Tasmania",560,"Bomber","Jacket","XS","red",76,90.0,100.0,2,200.0,"2021-03-17","2021-04-01",15
4008,798,825,"Judith Plimmer",46,"Male","Thomaschester","Tasmania",686,"Parka","Jacket","S","blue",72,119.0,113.0,1,113.0,"2021-03-17","2021-04-01",15
4009,798,825,"Judith Plimmer",46,"Male","Thomaschester","Tasmania",916,"Drawstring","Trousers","S","orange",58,104.0,96.0,2,192.0,"2021-03-17","2021-04-01",15
4010,798,825,"Judith Plimmer",46,"Male","Thomaschester","Tasmania",791,"Pullover","Jacket","S","blue",73,114.0,91.0,2,182.0,"2021-03-17","2021-04-01",15
4011,799,651,"Beckie Nasey",61,"Genderfluid","Evastad","South Australia",331,"Mandarin Collar","Shirt","S","green",74,108.0,109.0,3,327.0,"2021-03-11","2021-04-04",24
4012,799,651,"Beckie Nasey",61,"Genderfluid","Evastad","South Australia",1208,"Pleated","Trousers","L","green",47,90.0,105.0,3,315.0,"2021-03-11","2021-04-04",24
4013,799,651,"Beckie Nasey",61,"Genderfluid","Evastad","South Australia",886,"Cords","Trousers","S","yellow",68,113.0,94.0,1,94.0,"2021-03-11","2021-04-04",24
4014,799,651,"Beckie Nasey",61,"Genderfluid","Evastad","South Australia",1191,"Pleated","Trousers","S","red",78,90.0,105.0,1,105.0,"2021-03-11","2021-04-04",24
4015,799,651,"Beckie Nasey",61,"Genderfluid","Evastad","South Australia",17,"Oxford Cloth","Shirt","M","green",60,114.0,96.0,1,96.0,"2021-03-11","2021-04-04",24
4016,800,422,"Farah Schukert",34,"Agender","Feeneymouth","Queensland",229,"Chambray","Shirt","XL","green",58,105.0,106.0,3,318.0,"2021-06-21","2021-06-23",2
4017,800,422,"Farah Schukert",34,"Agender","Feeneymouth","Queensland",1203,"Pleated","Trousers","L","yellow",62,90.0,105.0,3,315.0,"2021-06-21","2021-06-23",2
4018,800,422,"Farah Schukert",34,"Agender","Feeneymouth","Queensland",77,"Flannel","Shirt","M","orange",68,96.0,118.0,1,118.0,"2021-06-21","2021-06-23",2
4019,800,422,"Farah Schukert",34,"Agender","Feeneymouth","Queensland",401,"Casual Slim Fit","Shirt","S","green",72,113.0,119.0,2,238.0,"2021-06-21","2021-06-23",2
4020,801,995,"Leandra Derks",63,"Polygender","Hermistonberg","Western Australia",1085,"Cropped","Trousers","XS","red",75,99.0,115.0,2,230.0,"2021-08-02","2021-08-17",15
4021,801,995,"Leandra Derks",63,"Polygender","Hermistonberg","Western Australia",960,"Slim-Fit","Trousers","XS","green",74,119.0,97.0,2,194.0,"2021-08-02","2021-08-17",15
4022,801,995,"Leandra Derks",63,"Polygender","Hermistonberg","Western Australia",152,"Linen","Shirt","M","yellow",59,116.0,91.0,3,273.0,"2021-08-02","2021-08-17",15
4023,801,995,"Leandra Derks",63,"Polygender","Hermistonberg","Western Australia",724,"Trench Coat","Jacket","XL","blue",69,112.0,119.0,1,119.0,"2021-08-02","2021-08-17",15
4024,801,995,"Leandra Derks",63,"Polygender","Hermistonberg","Western Australia",139,"Denim","Shirt","XL","violet",73,115.0,92.0,3,276.0,"2021-08-02","2021-08-17",15
4025,801,995,"Leandra Derks",63,"Polygender","Hermistonberg","Western Australia",879,"Cords","Trousers","XL","red",80,113.0,94.0,2,188.0,"2021-08-02","2021-08-17",15
4026,801,995,"Leandra Derks",63,"Polygender","Hermistonberg","Western Australia",26,"Oxford Cloth","Shirt","S","indigo",59,114.0,96.0,3,288.0,"2021-08-02","2021-08-17",15
4027,801,995,"Leandra Derks",63,"Polygender","Hermistonberg","Western Australia",397,"Casual Slim Fit","Shirt","M","yellow",76,113.0,119.0,3,357.0,"2021-08-02","2021-08-17",15
4028,801,995,"Leandra Derks",63,"Polygender","Hermistonberg","Western Australia",200,"Camp Collared","Shirt","XS","indigo",64,112.0,98.0,1,98.0,"2021-08-02","2021-08-17",15
4029,801,995,"Leandra Derks",63,"Polygender","Hermistonberg","Western Australia",818,"Shearling","Jacket","L","yellow",58,95.0,117.0,1,117.0,"2021-08-02","2021-08-17",15
4030,802,501,"Archibaldo Taffurelli",73,"Genderqueer","Kiehnchester","Tasmania",716,"Trench Coat","Jacket","S","green",53,112.0,119.0,2,238.0,"2021-10-05","2021-10-23",18
4031,803,625,"Zorina Rabl",31,"Bigender","Lake Phoebe","Western Australia",511,"Windbreaker","Jacket","S","blue",41,109.0,102.0,2,204.0,"2021-04-03","2021-04-16",13
4032,803,625,"Zorina Rabl",31,"Bigender","Lake Phoebe","Western Australia",861,"Chinos","Trousers","S","blue",51,100.0,113.0,3,339.0,"2021-04-03","2021-04-16",13
4033,803,625,"Zorina Rabl",31,"Bigender","Lake Phoebe","Western Australia",930,"Drawstring","Trousers","XS","blue",45,104.0,96.0,3,288.0,"2021-04-03","2021-04-16",13
4034,803,625,"Zorina Rabl",31,"Bigender","Lake Phoebe","Western Australia",399,"Casual Slim Fit","Shirt","XL","yellow",78,113.0,119.0,1,119.0,"2021-04-03","2021-04-16",13
4035,804,323,"Ellerey Kaesmakers",40,"Genderfluid","South Jayden","South Australia",923,"Drawstring","Trousers","L","yellow",68,104.0,96.0,1,96.0,"2021-04-10","2021-04-21",11
4036,804,323,"Ellerey Kaesmakers",40,"Genderfluid","South Jayden","South Australia",1133,"Cargo Pants","Trousers","L","yellow",71,106.0,102.0,1,102.0,"2021-04-10","2021-04-21",11
4037,804,323,"Ellerey Kaesmakers",40,"Genderfluid","South Jayden","South Australia",332,"Mandarin Collar","Shirt","M","green",57,108.0,109.0,1,109.0,"2021-04-10","2021-04-21",11
4038,804,323,"Ellerey Kaesmakers",40,"Genderfluid","South Jayden","South Australia",710,"Trench Coat","Jacket","XS","yellow",78,112.0,119.0,3,357.0,"2021-04-10","2021-04-21",11
4039,804,323,"Ellerey Kaesmakers",40,"Genderfluid","South Jayden","South Australia",554,"Leather","Jacket","XL","indigo",52,113.0,98.0,1,98.0,"2021-04-10","2021-04-21",11
4040,804,323,"Ellerey Kaesmakers",40,"Genderfluid","South Jayden","South Australia",995,"Wool","Trousers","XS","green",73,111.0,106.0,2,212.0,"2021-04-10","2021-04-21",11
4041,804,323,"Ellerey Kaesmakers",40,"Genderfluid","South Jayden","South Australia",509,"Windbreaker","Jacket","XL","green",71,109.0,102.0,3,306.0,"2021-04-10","2021-04-21",11
4042,804,323,"Ellerey Kaesmakers",40,"Genderfluid","South Jayden","South Australia",962,"Slim-Fit","Trousers","M","green",78,119.0,97.0,3,291.0,"2021-04-10","2021-04-21",11
4043,805,416,"Leonore Yakunikov",21,"Agender","Langworthville","New South Wales",1054,"Joggers","Trousers","XL","red",58,94.0,93.0,2,186.0,"2021-10-02","2021-10-03",1
4044,805,416,"Leonore Yakunikov",21,"Agender","Langworthville","New South Wales",258,"Polo","Shirt","L","yellow",46,117.0,95.0,2,190.0,"2021-10-02","2021-10-03",1
4045,805,416,"Leonore Yakunikov",21,"Agender","Langworthville","New South Wales",1166,"High-Waisted","Trousers","S","yellow",56,98.0,99.0,1,99.0,"2021-10-02","2021-10-03",1
4046,805,416,"Leonore Yakunikov",21,"Agender","Langworthville","New South Wales",25,"Oxford Cloth","Shirt","XS","indigo",61,114.0,96.0,3,288.0,"2021-10-02","2021-10-03",1
4047,805,416,"Leonore Yakunikov",21,"Agender","Langworthville","New South Wales",453,"Denim","Jacket","L","violet",50,92.0,107.0,2,214.0,"2021-10-02","2021-10-03",1
4048,805,416,"Leonore Yakunikov",21,"Agender","Langworthville","New South Wales",715,"Trench Coat","Jacket","XS","green",62,112.0,119.0,2,238.0,"2021-10-02","2021-10-03",1
4049,805,416,"Leonore Yakunikov",21,"Agender","Langworthville","New South Wales",798,"Pullover","Jacket","L","indigo",50,114.0,91.0,2,182.0,"2021-10-02","2021-10-03",1
4050,806,684,"Camala Llywarch",78,"Agender","Laurenview","Western Australia",522,"Windbreaker","Jacket","M","violet",64,109.0,102.0,1,102.0,"2021-08-01","2021-08-16",15
4051,806,684,"Camala Llywarch",78,"Agender","Laurenview","Western Australia",482,"Puffer","Jacket","M","indigo",49,110.0,118.0,3,354.0,"2021-08-01","2021-08-16",15
4052,807,636,"Nara Legerwood",24,"Male","Abbottburgh","Northern Territory",897,"Cords","Trousers","M","blue",47,113.0,94.0,1,94.0,"2021-02-17","2021-03-03",14
4053,807,636,"Nara Legerwood",24,"Male","Abbottburgh","Northern Territory",1017,"Relaxed Leg","Trousers","M","red",56,95.0,90.0,1,90.0,"2021-02-17","2021-03-03",14
4054,807,636,"Nara Legerwood",24,"Male","Abbottburgh","Northern Territory",26,"Oxford Cloth","Shirt","S","indigo",59,114.0,96.0,2,192.0,"2021-02-17","2021-03-03",14
4055,807,636,"Nara Legerwood",24,"Male","Abbottburgh","Northern Territory",199,"Camp Collared","Shirt","XL","blue",51,112.0,98.0,2,196.0,"2021-02-17","2021-03-03",14
4056,808,219,"Jerald MacMeeking",44,"Male","Connellyport","Tasmania",309,"Cuban Collar","Shirt","XL","indigo",53,93.0,105.0,2,210.0,"2021-10-13","2021-10-30",17
4057,808,219,"Jerald MacMeeking",44,"Male","Connellyport","Tasmania",1195,"Pleated","Trousers","XS","orange",74,90.0,105.0,1,105.0,"2021-10-13","2021-10-30",17
4058,808,219,"Jerald MacMeeking",44,"Male","Connellyport","Tasmania",378,"Henley","Shirt","L","indigo",44,92.0,94.0,3,282.0,"2021-10-13","2021-10-30",17
4059,808,219,"Jerald MacMeeking",44,"Male","Connellyport","Tasmania",551,"Leather","Jacket","S","indigo",40,113.0,98.0,1,98.0,"2021-10-13","2021-10-30",17
4060,808,219,"Jerald MacMeeking",44,"Male","Connellyport","Tasmania",850,"Chinos","Trousers","XS","yellow",41,100.0,113.0,2,226.0,"2021-10-13","2021-10-30",17
4061,809,73,"Jehanna Water",48,"Polygender","Monahanside","South Australia",398,"Casual Slim Fit","Shirt","L","yellow",63,113.0,119.0,3,357.0,"2021-02-11","2021-02-25",14
4062,809,73,"Jehanna Water",48,"Polygender","Monahanside","South Australia",824,"Shearling","Jacket","XL","green",51,95.0,117.0,2,234.0,"2021-02-11","2021-02-25",14
4063,809,73,"Jehanna Water",48,"Polygender","Monahanside","South Australia",512,"Windbreaker","Jacket","M","blue",70,109.0,102.0,1,102.0,"2021-02-11","2021-02-25",14
4064,809,73,"Jehanna Water",48,"Polygender","Monahanside","South Australia",778,"Pullover","Jacket","L","orange",56,114.0,91.0,1,91.0,"2021-02-11","2021-02-25",14
4065,809,73,"Jehanna Water",48,"Polygender","Monahanside","South Australia",136,"Denim","Shirt","S","violet",54,115.0,92.0,1,92.0,"2021-02-11","2021-02-25",14
4066,810,768,"Aida Warsap",52,"Bigender","Port Isabel","Northern Territory",1221,"Pleated","Trousers","S","violet",50,90.0,105.0,2,210.0,"2021-03-22","2021-04-04",13
4067,810,768,"Aida Warsap",52,"Bigender","Port Isabel","Northern Territory",356,"Henley","Shirt","S","orange",46,92.0,94.0,1,94.0,"2021-03-22","2021-04-04",13
4068,810,768,"Aida Warsap",52,"Bigender","Port Isabel","Northern Territory",689,"Parka","Jacket","XL","blue",47,119.0,113.0,2,226.0,"2021-03-22","2021-04-04",13
4069,810,768,"Aida Warsap",52,"Bigender","Port Isabel","Northern Territory",762,"Peacoat","Jacket","M","indigo",52,102.0,109.0,1,109.0,"2021-03-22","2021-04-04",13
4070,810,768,"Aida Warsap",52,"Bigender","Port Isabel","Northern Territory",1202,"Pleated","Trousers","M","yellow",54,90.0,105.0,3,315.0,"2021-03-22","2021-04-04",13
4071,810,768,"Aida Warsap",52,"Bigender","Port Isabel","Northern Territory",130,"Denim","Shirt","XS","indigo",79,115.0,92.0,3,276.0,"2021-03-22","2021-04-04",13
4072,810,768,"Aida Warsap",52,"Bigender","Port Isabel","Northern Territory",691,"Parka","Jacket","S","indigo",53,119.0,113.0,3,339.0,"2021-03-22","2021-04-04",13
4073,810,768,"Aida Warsap",52,"Bigender","Port Isabel","Northern Territory",1166,"High-Waisted","Trousers","S","yellow",56,98.0,99.0,3,297.0,"2021-03-22","2021-04-04",13
4074,810,768,"Aida Warsap",52,"Bigender","Port Isabel","Northern Territory",1025,"Relaxed Leg","Trousers","XS","yellow",44,95.0,90.0,3,270.0,"2021-03-22","2021-04-04",13
4075,811,764,"Brod Phifer",32,"Polygender","Hettingerfort","Western Australia",976,"Slim-Fit","Trousers","S","violet",46,119.0,97.0,1,97.0,"2021-10-22","2021-10-24",2
4076,811,764,"Brod Phifer",32,"Polygender","Hettingerfort","Western Australia",521,"Windbreaker","Jacket","S","violet",46,109.0,102.0,2,204.0,"2021-10-22","2021-10-24",2
4077,811,764,"Brod Phifer",32,"Polygender","Hettingerfort","Western Australia",287,"Cuban Collar","Shirt","M","orange",49,93.0,105.0,3,315.0,"2021-10-22","2021-10-24",2
4078,812,183,"Martin O'Mailey",44,"Female","New Angelina","Queensland",796,"Pullover","Jacket","S","indigo",44,114.0,91.0,1,91.0,"2021-07-09","2021-07-13",4
4079,812,183,"Martin O'Mailey",44,"Female","New Angelina","Queensland",7,"Oxford Cloth","Shirt","M","orange",77,114.0,96.0,3,288.0,"2021-07-09","2021-07-13",4
4080,812,183,"Martin O'Mailey",44,"Female","New Angelina","Queensland",717,"Trench Coat","Jacket","M","green",67,112.0,119.0,2,238.0,"2021-07-09","2021-07-13",4
4081,812,183,"Martin O'Mailey",44,"Female","New Angelina","Queensland",900,"Cords","Trousers","XS","indigo",47,113.0,94.0,2,188.0,"2021-07-09","2021-07-13",4
4082,813,908,"Kakalina Ragge",42,"Genderqueer","South Alexandraview","Queensland",272,"Polo","Shirt","M","indigo",62,117.0,95.0,2,190.0,"2021-08-11","2021-09-01",21
4083,813,908,"Kakalina Ragge",42,"Genderqueer","South Alexandraview","Queensland",474,"Puffer","Jacket","XL","green",42,110.0,118.0,2,236.0,"2021-08-11","2021-09-01",21
4084,813,908,"Kakalina Ragge",42,"Genderqueer","South Alexandraview","Queensland",567,"Bomber","Jacket","M","orange",69,90.0,100.0,3,300.0,"2021-08-11","2021-09-01",21
4085,813,908,"Kakalina Ragge",42,"Genderqueer","South Alexandraview","Queensland",583,"Bomber","Jacket","L","blue",64,90.0,100.0,1,100.0,"2021-08-11","2021-09-01",21
4086,813,908,"Kakalina Ragge",42,"Genderqueer","South Alexandraview","Queensland",259,"Polo","Shirt","XL","yellow",46,117.0,95.0,3,285.0,"2021-08-11","2021-09-01",21
4087,813,908,"Kakalina Ragge",42,"Genderqueer","South Alexandraview","Queensland",251,"Polo","Shirt","S","orange",78,117.0,95.0,3,285.0,"2021-08-11","2021-09-01",21
4088,813,908,"Kakalina Ragge",42,"Genderqueer","South Alexandraview","Queensland",431,"Denim","Jacket","S","yellow",43,92.0,107.0,3,321.0,"2021-08-11","2021-09-01",21
4089,813,908,"Kakalina Ragge",42,"Genderqueer","South Alexandraview","Queensland",1248,"Tracksuit Bottoms","Trousers","L","blue",72,91.0,112.0,2,224.0,"2021-08-11","2021-09-01",21
4090,813,908,"Kakalina Ragge",42,"Genderqueer","South Alexandraview","Queensland",164,"Linen","Shirt","XL","blue",47,116.0,91.0,1,91.0,"2021-08-11","2021-09-01",21
4091,814,664,"Dannie Fidler",32,"Genderfluid","East Max","Tasmania",398,"Casual Slim Fit","Shirt","L","yellow",63,113.0,119.0,3,357.0,"2021-03-04","2021-03-28",24
4092,814,664,"Dannie Fidler",32,"Genderfluid","East Max","Tasmania",11,"Oxford Cloth","Shirt","S","yellow",78,114.0,96.0,3,288.0,"2021-03-04","2021-03-28",24
4093,814,664,"Dannie Fidler",32,"Genderfluid","East Max","Tasmania",983,"Wool","Trousers","L","red",74,111.0,106.0,1,106.0,"2021-03-04","2021-03-28",24
4094,814,664,"Dannie Fidler",32,"Genderfluid","East Max","Tasmania",488,"Puffer","Jacket","L","violet",49,110.0,118.0,3,354.0,"2021-03-04","2021-03-28",24
4095,814,664,"Dannie Fidler",32,"Genderfluid","East Max","Tasmania",342,"Mandarin Collar","Shirt","M","indigo",51,108.0,109.0,2,218.0,"2021-03-04","2021-03-28",24
4096,814,664,"Dannie Fidler",32,"Genderfluid","East Max","Tasmania",49,"Dress","Shirt","XL","yellow",75,119.0,104.0,2,208.0,"2021-03-04","2021-03-28",24
4097,814,664,"Dannie Fidler",32,"Genderfluid","East Max","Tasmania",727,"Trench Coat","Jacket","M","indigo",42,112.0,119.0,3,357.0,"2021-03-04","2021-03-28",24
4098,815,572,"Raquela Swinnard",27,"Agender","Sanfordton","South Australia",1204,"Pleated","Trousers","XL","yellow",52,90.0,105.0,3,315.0,"2021-05-02","2021-05-17",15
4099,815,572,"Raquela Swinnard",27,"Agender","Sanfordton","South Australia",927,"Drawstring","Trousers","M","green",52,104.0,96.0,2,192.0,"2021-05-02","2021-05-17",15
4100,815,572,"Raquela Swinnard",27,"Agender","Sanfordton","South Australia",1059,"Joggers","Trousers","XL","orange",44,94.0,93.0,1,93.0,"2021-05-02","2021-05-17",15
4101,815,572,"Raquela Swinnard",27,"Agender","Sanfordton","South Australia",448,"Denim","Jacket","L","indigo",67,92.0,107.0,2,214.0,"2021-05-02","2021-05-17",15
4102,815,572,"Raquela Swinnard",27,"Agender","Sanfordton","South Australia",903,"Cords","Trousers","L","indigo",62,113.0,94.0,1,94.0,"2021-05-02","2021-05-17",15
4103,815,572,"Raquela Swinnard",27,"Agender","Sanfordton","South Australia",1025,"Relaxed Leg","Trousers","XS","yellow",44,95.0,90.0,3,270.0,"2021-05-02","2021-05-17",15
4104,815,572,"Raquela Swinnard",27,"Agender","Sanfordton","South Australia",556,"Leather","Jacket","S","violet",65,113.0,98.0,2,196.0,"2021-05-02","2021-05-17",15
4105,815,572,"Raquela Swinnard",27,"Agender","Sanfordton","South Australia",702,"Trench Coat","Jacket","M","red",57,112.0,119.0,2,238.0,"2021-05-02","2021-05-17",15
4106,816,620,"Phillipe Gatecliffe",35,"Male","Jettstad","Australian Capital Territory",954,"Slim-Fit","Trousers","XL","orange",78,119.0,97.0,1,97.0,"2021-02-02","2021-02-06",4
4107,816,620,"Phillipe Gatecliffe",35,"Male","Jettstad","Australian Capital Territory",595,"Cardigan","Jacket","XS","red",51,118.0,112.0,3,336.0,"2021-02-02","2021-02-06",4
4108,816,620,"Phillipe Gatecliffe",35,"Male","Jettstad","Australian Capital Territory",1085,"Cropped","Trousers","XS","red",75,99.0,115.0,2,230.0,"2021-02-02","2021-02-06",4
4109,816,620,"Phillipe Gatecliffe",35,"Male","Jettstad","Australian Capital Territory",460,"Puffer","Jacket","XS","orange",47,110.0,118.0,1,118.0,"2021-02-02","2021-02-06",4
4110,816,620,"Phillipe Gatecliffe",35,"Male","Jettstad","Australian Capital Territory",271,"Polo","Shirt","S","indigo",50,117.0,95.0,1,95.0,"2021-02-02","2021-02-06",4
4111,816,620,"Phillipe Gatecliffe",35,"Male","Jettstad","Australian Capital Territory",214,"Chambray","Shirt","XL","red",42,105.0,106.0,1,106.0,"2021-02-02","2021-02-06",4
4112,817,944,"Peri Pilsworth",36,"Genderfluid","Walterland","Victoria",783,"Pullover","Jacket","L","yellow",43,114.0,91.0,1,91.0,"2021-06-27","2021-07-05",8
4113,817,944,"Peri Pilsworth",36,"Genderfluid","Walterland","Victoria",181,"Camp Collared","Shirt","S","orange",62,112.0,98.0,1,98.0,"2021-06-27","2021-07-05",8
4114,817,944,"Peri Pilsworth",36,"Genderfluid","Walterland","Victoria",1153,"Cargo Pants","Trousers","L","violet",74,106.0,102.0,3,306.0,"2021-06-27","2021-07-05",8
4115,817,944,"Peri Pilsworth",36,"Genderfluid","Walterland","Victoria",149,"Linen","Shirt","XL","orange",59,116.0,91.0,1,91.0,"2021-06-27","2021-07-05",8
4116,817,944,"Peri Pilsworth",36,"Genderfluid","Walterland","Victoria",622,"Cardigan","Jacket","M","indigo",58,118.0,112.0,2,224.0,"2021-06-27","2021-07-05",8
4117,818,865,"Ondrea Apark",44,"Agender","North Riley","Victoria",1240,"Tracksuit Bottoms","Trousers","XS","green",69,91.0,112.0,1,112.0,"2021-03-15","2021-04-10",26
4118,818,865,"Ondrea Apark",44,"Agender","North Riley","Victoria",931,"Drawstring","Trousers","S","blue",48,104.0,96.0,3,288.0,"2021-03-15","2021-04-10",26
4119,819,461,"Alina Strotton",54,"Female","West Chasemouth","Australian Capital Territory",843,"Chinos","Trousers","L","red",44,100.0,113.0,2,226.0,"2021-01-19","2021-01-22",3
4120,819,461,"Alina Strotton",54,"Female","West Chasemouth","Australian Capital Territory",109,"Denim","Shirt","XL","red",63,115.0,92.0,2,184.0,"2021-01-19","2021-01-22",3
4121,819,461,"Alina Strotton",54,"Female","West Chasemouth","Australian Capital Territory",1144,"Cargo Pants","Trousers","XL","blue",57,106.0,102.0,2,204.0,"2021-01-19","2021-01-22",3
4122,819,461,"Alina Strotton",54,"Female","West Chasemouth","Australian Capital Territory",130,"Denim","Shirt","XS","indigo",79,115.0,92.0,3,276.0,"2021-01-19","2021-01-22",3
4123,820,801,"Morgana Weymouth",64,"Female","Blakeborough","Australian Capital Territory",292,"Cuban Collar","Shirt","M","yellow",49,93.0,105.0,2,210.0,"2021-09-25","2021-10-03",8
4124,820,801,"Morgana Weymouth",64,"Female","Blakeborough","Australian Capital Territory",1118,"Cropped","Trousers","L","violet",40,99.0,115.0,1,115.0,"2021-09-25","2021-10-03",8
4125,820,801,"Morgana Weymouth",64,"Female","Blakeborough","Australian Capital Territory",1163,"High-Waisted","Trousers","L","orange",78,98.0,99.0,1,99.0,"2021-09-25","2021-10-03",8
4126,820,801,"Morgana Weymouth",64,"Female","Blakeborough","Australian Capital Territory",1085,"Cropped","Trousers","XS","red",75,99.0,115.0,2,230.0,"2021-09-25","2021-10-03",8
4127,820,801,"Morgana Weymouth",64,"Female","Blakeborough","Australian Capital Territory",748,"Peacoat","Jacket","L","yellow",63,102.0,109.0,1,109.0,"2021-09-25","2021-10-03",8
4128,820,801,"Morgana Weymouth",64,"Female","Blakeborough","Australian Capital Territory",591,"Bomber","Jacket","S","violet",45,90.0,100.0,2,200.0,"2021-09-25","2021-10-03",8
4129,820,801,"Morgana Weymouth",64,"Female","Blakeborough","Australian Capital Territory",1165,"High-Waisted","Trousers","XS","yellow",64,98.0,99.0,1,99.0,"2021-09-25","2021-10-03",8
4130,821,118,"Meghan Simic",57,"Male","South Cameron","Australian Capital Territory",961,"Slim-Fit","Trousers","S","green",70,119.0,97.0,3,291.0,"2021-01-03","2021-01-10",7
4131,821,118,"Meghan Simic",57,"Male","South Cameron","Australian Capital Territory",317,"Mandarin Collar","Shirt","M","red",60,108.0,109.0,2,218.0,"2021-01-03","2021-01-10",7
4132,821,118,"Meghan Simic",57,"Male","South Cameron","Australian Capital Territory",1084,"Joggers","Trousers","XL","violet",40,94.0,93.0,3,279.0,"2021-01-03","2021-01-10",7
4133,822,524,"Beverlie Bansal",80,"Agender","Port Sebastianland","Queensland",715,"Trench Coat","Jacket","XS","green",62,112.0,119.0,1,119.0,"2021-09-05","2021-09-12",7
4134,822,524,"Beverlie Bansal",80,"Agender","Port Sebastianland","Queensland",662,"Coach","Jacket","M","violet",74,115.0,93.0,2,186.0,"2021-09-05","2021-09-12",7
4135,822,524,"Beverlie Bansal",80,"Agender","Port Sebastianland","Queensland",857,"Chinos","Trousers","M","green",49,100.0,113.0,2,226.0,"2021-09-05","2021-09-12",7
4136,822,524,"Beverlie Bansal",80,"Agender","Port Sebastianland","Queensland",181,"Camp Collared","Shirt","S","orange",62,112.0,98.0,1,98.0,"2021-09-05","2021-09-12",7
4137,822,524,"Beverlie Bansal",80,"Agender","Port Sebastianland","Queensland",952,"Slim-Fit","Trousers","M","orange",44,119.0,97.0,1,97.0,"2021-09-05","2021-09-12",7
0,823,223,"Saxe Stormonth",51,"Non-binary","Lake Owen","South Australia",0,"","","","",0,0.0,0.0,0,0.0,"2021-04-29","2021-05-04",5
4138,824,724,"Etheline Bahde",66,"Female","Hoppeville","New South Wales",24,"Oxford Cloth","Shirt","XL","blue",60,114.0,96.0,3,288.0,"2021-01-04","2021-01-28",24
4139,824,724,"Etheline Bahde",66,"Female","Hoppeville","New South Wales",589,"Bomber","Jacket","XL","indigo",50,90.0,100.0,2,200.0,"2021-01-04","2021-01-28",24
4140,824,724,"Etheline Bahde",66,"Female","Hoppeville","New South Wales",68,"Dress","Shirt","L","violet",74,119.0,104.0,1,104.0,"2021-01-04","2021-01-28",24
4141,825,787,"Sharl Izzett",31,"Female","Davidshire","South Australia",563,"Bomber","Jacket","L","red",50,90.0,100.0,1,100.0,"2021-01-27","2021-02-22",26
4142,825,787,"Sharl Izzett",31,"Female","Davidshire","South Australia",1148,"Cargo Pants","Trousers","L","indigo",46,106.0,102.0,1,102.0,"2021-01-27","2021-02-22",26
4143,825,787,"Sharl Izzett",31,"Female","Davidshire","South Australia",164,"Linen","Shirt","XL","blue",47,116.0,91.0,1,91.0,"2021-01-27","2021-02-22",26
4144,825,787,"Sharl Izzett",31,"Female","Davidshire","South Australia",1008,"Wool","Trousers","L","indigo",41,111.0,106.0,2,212.0,"2021-01-27","2021-02-22",26
4145,825,787,"Sharl Izzett",31,"Female","Davidshire","South Australia",1115,"Cropped","Trousers","XS","violet",65,99.0,115.0,2,230.0,"2021-01-27","2021-02-22",26
4146,825,787,"Sharl Izzett",31,"Female","Davidshire","South Australia",109,"Denim","Shirt","XL","red",63,115.0,92.0,2,184.0,"2021-01-27","2021-02-22",26
4147,825,787,"Sharl Izzett",31,"Female","Davidshire","South Australia",936,"Drawstring","Trousers","S","indigo",46,104.0,96.0,1,96.0,"2021-01-27","2021-02-22",26
4148,826,375,"Ninetta Phizakarley",77,"Agender","Ernserland","Northern Territory",554,"Leather","Jacket","XL","indigo",52,113.0,98.0,1,98.0,"2021-08-16","2021-09-06",21
4149,826,375,"Ninetta Phizakarley",77,"Agender","Ernserland","Northern Territory",547,"Leather","Jacket","M","blue",60,113.0,98.0,2,196.0,"2021-08-16","2021-09-06",21
4150,827,292,"Aldin Moline",25,"Male","West Aidenview","Victoria",169,"Linen","Shirt","XL","indigo",66,116.0,91.0,1,91.0,"2021-05-09","2021-06-05",27
4151,827,292,"Aldin Moline",25,"Male","West Aidenview","Victoria",873,"Chinos","Trousers","L","violet",62,100.0,113.0,1,113.0,"2021-05-09","2021-06-05",27
4152,827,292,"Aldin Moline",25,"Male","West Aidenview","Victoria",363,"Henley","Shirt","L","yellow",62,92.0,94.0,1,94.0,"2021-05-09","2021-06-05",27
4153,827,292,"Aldin Moline",25,"Male","West Aidenview","Victoria",919,"Drawstring","Trousers","XL","orange",68,104.0,96.0,1,96.0,"2021-05-09","2021-06-05",27
4154,827,292,"Aldin Moline",25,"Male","West Aidenview","Victoria",589,"Bomber","Jacket","XL","indigo",50,90.0,100.0,3,300.0,"2021-05-09","2021-06-05",27
4155,827,292,"Aldin Moline",25,"Male","West Aidenview","Victoria",488,"Puffer","Jacket","L","violet",49,110.0,118.0,1,118.0,"2021-05-09","2021-06-05",27
4156,827,292,"Aldin Moline",25,"Male","West Aidenview","Victoria",604,"Cardigan","Jacket","XL","orange",75,118.0,112.0,3,336.0,"2021-05-09","2021-06-05",27
4157,827,292,"Aldin Moline",25,"Male","West Aidenview","Victoria",736,"Peacoat","Jacket","S","red",67,102.0,109.0,2,218.0,"2021-05-09","2021-06-05",27
4158,827,292,"Aldin Moline",25,"Male","West Aidenview","Victoria",1012,"Wool","Trousers","M","violet",51,111.0,106.0,1,106.0,"2021-05-09","2021-06-05",27
4159,828,601,"Sol Adhams",55,"Male","Sebastianbury","South Australia",626,"Cardigan","Jacket","S","violet",49,118.0,112.0,2,224.0,"2021-01-09","2021-01-27",18
4160,828,601,"Sol Adhams",55,"Male","Sebastianbury","South Australia",56,"Dress","Shirt","S","blue",46,119.0,104.0,2,208.0,"2021-01-09","2021-01-27",18
4161,828,601,"Sol Adhams",55,"Male","Sebastianbury","South Australia",39,"Dress","Shirt","XL","red",47,119.0,104.0,3,312.0,"2021-01-09","2021-01-27",18
4162,828,601,"Sol Adhams",55,"Male","Sebastianbury","South Australia",1114,"Cropped","Trousers","XL","indigo",58,99.0,115.0,1,115.0,"2021-01-09","2021-01-27",18
4163,829,951,"Cy Sabbins",66,"Male","New Mollystad","Tasmania",1193,"Pleated","Trousers","L","red",70,90.0,105.0,3,315.0,"2021-04-06","2021-04-28",22
4164,829,951,"Cy Sabbins",66,"Male","New Mollystad","Tasmania",294,"Cuban Collar","Shirt","XL","yellow",76,93.0,105.0,2,210.0,"2021-04-06","2021-04-28",22
4165,829,951,"Cy Sabbins",66,"Male","New Mollystad","Tasmania",592,"Bomber","Jacket","M","violet",45,90.0,100.0,2,200.0,"2021-04-06","2021-04-28",22
4166,829,951,"Cy Sabbins",66,"Male","New Mollystad","Tasmania",1104,"Cropped","Trousers","XL","green",49,99.0,115.0,1,115.0,"2021-04-06","2021-04-28",22
4167,830,956,"Camile Haveline",20,"Genderfluid","New Alexchester","New South Wales",804,"Pullover","Jacket","XL","violet",69,114.0,91.0,2,182.0,"2021-03-22","2021-03-23",1
4168,830,956,"Camile Haveline",20,"Genderfluid","New Alexchester","New South Wales",1006,"Wool","Trousers","S","indigo",45,111.0,106.0,1,106.0,"2021-03-22","2021-03-23",1
4169,830,956,"Camile Haveline",20,"Genderfluid","New Alexchester","New South Wales",328,"Mandarin Collar","Shirt","L","yellow",78,108.0,109.0,2,218.0,"2021-03-22","2021-03-23",1
4170,830,956,"Camile Haveline",20,"Genderfluid","New Alexchester","New South Wales",898,"Cords","Trousers","L","blue",77,113.0,94.0,3,282.0,"2021-03-22","2021-03-23",1
4171,830,956,"Camile Haveline",20,"Genderfluid","New Alexchester","New South Wales",238,"Chambray","Shirt","L","indigo",79,105.0,106.0,3,318.0,"2021-03-22","2021-03-23",1
4172,831,338,"Eve Stutard",75,"Female","Monahanberg","New South Wales",533,"Leather","Jacket","L","orange",78,113.0,98.0,1,98.0,"2021-08-04","2021-08-20",16
4173,831,338,"Eve Stutard",75,"Female","Monahanberg","New South Wales",653,"Coach","Jacket","L","blue",80,115.0,93.0,2,186.0,"2021-08-04","2021-08-20",16
4174,831,338,"Eve Stutard",75,"Female","Monahanberg","New South Wales",574,"Bomber","Jacket","XL","yellow",50,90.0,100.0,3,300.0,"2021-08-04","2021-08-20",16
4175,831,338,"Eve Stutard",75,"Female","Monahanberg","New South Wales",351,"Henley","Shirt","S","red",60,92.0,94.0,2,188.0,"2021-08-04","2021-08-20",16
4176,831,338,"Eve Stutard",75,"Female","Monahanberg","New South Wales",40,"Dress","Shirt","XS","orange",58,119.0,104.0,2,208.0,"2021-08-04","2021-08-20",16
4177,832,627,"Codie Everly",51,"Genderfluid","Port Christopher","South Australia",258,"Polo","Shirt","L","yellow",46,117.0,95.0,1,95.0,"2021-09-06","2021-09-27",21
4178,833,317,"Gates Torrance",48,"Male","Miafort","Australian Capital Territory",793,"Pullover","Jacket","L","blue",66,114.0,91.0,2,182.0,"2021-03-03","2021-03-20",17
4179,833,317,"Gates Torrance",48,"Male","Miafort","Australian Capital Territory",120,"Denim","Shirt","XS","green",66,115.0,92.0,2,184.0,"2021-03-03","2021-03-20",17
4180,833,317,"Gates Torrance",48,"Male","Miafort","Australian Capital Territory",824,"Shearling","Jacket","XL","green",51,95.0,117.0,2,234.0,"2021-03-03","2021-03-20",17
4181,833,317,"Gates Torrance",48,"Male","Miafort","Australian Capital Territory",1253,"Tracksuit Bottoms","Trousers","L","indigo",50,91.0,112.0,1,112.0,"2021-03-03","2021-03-20",17
4182,833,317,"Gates Torrance",48,"Male","Miafort","Australian Capital Territory",241,"Chambray","Shirt","S","violet",52,105.0,106.0,3,318.0,"2021-03-03","2021-03-20",17
4183,834,139,"Vida Matchitt",73,"Male","Hudsonberg","Australian Capital Territory",506,"Windbreaker","Jacket","S","green",65,109.0,102.0,2,204.0,"2021-02-23","2021-03-08",13
4184,834,139,"Vida Matchitt",73,"Male","Hudsonberg","Australian Capital Territory",730,"Trench Coat","Jacket","XS","violet",64,112.0,119.0,1,119.0,"2021-02-23","2021-03-08",13
4185,834,139,"Vida Matchitt",73,"Male","Hudsonberg","Australian Capital Territory",240,"Chambray","Shirt","XS","violet",47,105.0,106.0,3,318.0,"2021-02-23","2021-03-08",13
4186,834,139,"Vida Matchitt",73,"Male","Hudsonberg","Australian Capital Territory",891,"Cords","Trousers","S","green",78,113.0,94.0,3,282.0,"2021-02-23","2021-03-08",13
4187,835,106,"Rachel Colebrook",38,"Genderqueer","Stokestown","Australian Capital Territory",1031,"Relaxed Leg","Trousers","S","green",51,95.0,90.0,1,90.0,"2021-01-02","2021-01-07",5
4188,835,106,"Rachel Colebrook",38,"Genderqueer","Stokestown","Australian Capital Territory",52,"Dress","Shirt","M","green",65,119.0,104.0,2,208.0,"2021-01-02","2021-01-07",5
4189,835,106,"Rachel Colebrook",38,"Genderqueer","Stokestown","Australian Capital Territory",279,"Polo","Shirt","XL","violet",79,117.0,95.0,3,285.0,"2021-01-02","2021-01-07",5
4190,835,106,"Rachel Colebrook",38,"Genderqueer","Stokestown","Australian Capital Territory",922,"Drawstring","Trousers","M","yellow",55,104.0,96.0,2,192.0,"2021-01-02","2021-01-07",5
4191,835,106,"Rachel Colebrook",38,"Genderqueer","Stokestown","Australian Capital Territory",379,"Henley","Shirt","XL","indigo",52,92.0,94.0,3,282.0,"2021-01-02","2021-01-07",5
4192,836,971,"Constance Piddington",27,"Genderfluid","East Chasehaven","Queensland",426,"Denim","Jacket","S","orange",51,92.0,107.0,2,214.0,"2021-08-18","2021-08-24",6
4193,836,971,"Constance Piddington",27,"Genderfluid","East Chasehaven","Queensland",23,"Oxford Cloth","Shirt","L","blue",59,114.0,96.0,2,192.0,"2021-08-18","2021-08-24",6
4194,836,971,"Constance Piddington",27,"Genderfluid","East Chasehaven","Queensland",593,"Bomber","Jacket","L","violet",68,90.0,100.0,1,100.0,"2021-08-18","2021-08-24",6
4195,837,989,"Sauncho Boosey",53,"Bigender","Stewartland","Australian Capital Territory",52,"Dress","Shirt","M","green",65,119.0,104.0,3,312.0,"2021-01-12","2021-01-27",15
4196,837,989,"Sauncho Boosey",53,"Bigender","Stewartland","Australian Capital Territory",87,"Flannel","Shirt","M","green",66,96.0,118.0,1,118.0,"2021-01-12","2021-01-27",15
4197,837,989,"Sauncho Boosey",53,"Bigender","Stewartland","Australian Capital Territory",1177,"High-Waisted","Trousers","M","blue",52,98.0,99.0,1,99.0,"2021-01-12","2021-01-27",15
4198,837,989,"Sauncho Boosey",53,"Bigender","Stewartland","Australian Capital Territory",713,"Trench Coat","Jacket","L","yellow",77,112.0,119.0,3,357.0,"2021-01-12","2021-01-27",15
4199,837,989,"Sauncho Boosey",53,"Bigender","Stewartland","Australian Capital Territory",237,"Chambray","Shirt","M","indigo",62,105.0,106.0,2,212.0,"2021-01-12","2021-01-27",15
4200,838,946,"Raul Crilly",24,"Genderfluid","South Jasper","Queensland",1012,"Wool","Trousers","M","violet",51,111.0,106.0,2,212.0,"2021-01-02","2021-01-15",13
4201,838,946,"Raul Crilly",24,"Genderfluid","South Jasper","Queensland",469,"Puffer","Jacket","XL","yellow",65,110.0,118.0,1,118.0,"2021-01-02","2021-01-15",13
4202,838,946,"Raul Crilly",24,"Genderfluid","South Jasper","Queensland",1128,"Cargo Pants","Trousers","L","orange",78,106.0,102.0,3,306.0,"2021-01-02","2021-01-15",13
4203,839,306,"Silas Stephens",68,"Polygender","West Audreyhaven","Queensland",847,"Chinos","Trousers","M","orange",73,100.0,113.0,2,226.0,"2021-09-16","2021-09-27",11
4204,839,306,"Silas Stephens",68,"Polygender","West Audreyhaven","Queensland",31,"Oxford Cloth","Shirt","S","violet",41,114.0,96.0,3,288.0,"2021-09-16","2021-09-27",11
4205,839,306,"Silas Stephens",68,"Polygender","West Audreyhaven","Queensland",182,"Camp Collared","Shirt","M","orange",65,112.0,98.0,3,294.0,"2021-09-16","2021-09-27",11
4206,839,306,"Silas Stephens",68,"Polygender","West Audreyhaven","Queensland",145,"Linen","Shirt","XS","orange",70,116.0,91.0,2,182.0,"2021-09-16","2021-09-27",11
4207,839,306,"Silas Stephens",68,"Polygender","West Audreyhaven","Queensland",1019,"Relaxed Leg","Trousers","XL","red",50,95.0,90.0,3,270.0,"2021-09-16","2021-09-27",11
4208,839,306,"Silas Stephens",68,"Polygender","West Audreyhaven","Queensland",1038,"Relaxed Leg","Trousers","L","blue",61,95.0,90.0,2,180.0,"2021-09-16","2021-09-27",11
4209,839,306,"Silas Stephens",68,"Polygender","West Audreyhaven","Queensland",111,"Denim","Shirt","S","orange",69,115.0,92.0,1,92.0,"2021-09-16","2021-09-27",11
4210,839,306,"Silas Stephens",68,"Polygender","West Audreyhaven","Queensland",558,"Leather","Jacket","L","violet",78,113.0,98.0,3,294.0,"2021-09-16","2021-09-27",11
4211,839,306,"Silas Stephens",68,"Polygender","West Audreyhaven","Queensland",283,"Cuban Collar","Shirt","L","red",45,93.0,105.0,1,105.0,"2021-09-16","2021-09-27",11
4212,839,306,"Silas Stephens",68,"Polygender","West Audreyhaven","Queensland",473,"Puffer","Jacket","L","green",43,110.0,118.0,1,118.0,"2021-09-16","2021-09-27",11
4213,839,306,"Silas Stephens",68,"Polygender","West Audreyhaven","Queensland",1076,"Joggers","Trousers","S","indigo",56,94.0,93.0,2,186.0,"2021-09-16","2021-09-27",11
4214,840,183,"Martin O'Mailey",44,"Female","New Angelina","Queensland",1139,"Cargo Pants","Trousers","XL","green",65,106.0,102.0,2,204.0,"2021-06-30","2021-07-08",8
4215,840,183,"Martin O'Mailey",44,"Female","New Angelina","Queensland",600,"Cardigan","Jacket","XS","orange",46,118.0,112.0,1,112.0,"2021-06-30","2021-07-08",8
4216,840,183,"Martin O'Mailey",44,"Female","New Angelina","Queensland",757,"Peacoat","Jacket","M","blue",71,102.0,109.0,2,218.0,"2021-06-30","2021-07-08",8
4217,840,183,"Martin O'Mailey",44,"Female","New Angelina","Queensland",548,"Leather","Jacket","L","blue",62,113.0,98.0,1,98.0,"2021-06-30","2021-07-08",8
4218,840,183,"Martin O'Mailey",44,"Female","New Angelina","Queensland",108,"Denim","Shirt","L","red",52,115.0,92.0,3,276.0,"2021-06-30","2021-07-08",8
4219,840,183,"Martin O'Mailey",44,"Female","New Angelina","Queensland",1088,"Cropped","Trousers","L","red",63,99.0,115.0,2,230.0,"2021-06-30","2021-07-08",8
4220,841,348,"Thorny Nornable",76,"Genderqueer","Rubyfort","Tasmania",866,"Chinos","Trousers","S","indigo",67,100.0,113.0,1,113.0,"2021-06-29","2021-07-12",13
4221,841,348,"Thorny Nornable",76,"Genderqueer","Rubyfort","Tasmania",203,"Camp Collared","Shirt","L","indigo",72,112.0,98.0,1,98.0,"2021-06-29","2021-07-12",13
4222,841,348,"Thorny Nornable",76,"Genderqueer","Rubyfort","Tasmania",473,"Puffer","Jacket","L","green",43,110.0,118.0,1,118.0,"2021-06-29","2021-07-12",13
4223,841,348,"Thorny Nornable",76,"Genderqueer","Rubyfort","Tasmania",162,"Linen","Shirt","M","blue",58,116.0,91.0,2,182.0,"2021-06-29","2021-07-12",13
4224,841,348,"Thorny Nornable",76,"Genderqueer","Rubyfort","Tasmania",1175,"High-Waisted","Trousers","XS","blue",51,98.0,99.0,1,99.0,"2021-06-29","2021-07-12",13
4225,841,348,"Thorny Nornable",76,"Genderqueer","Rubyfort","Tasmania",501,"Windbreaker","Jacket","S","yellow",66,109.0,102.0,3,306.0,"2021-06-29","2021-07-12",13
4226,841,348,"Thorny Nornable",76,"Genderqueer","Rubyfort","Tasmania",409,"Casual Slim Fit","Shirt","XL","blue",68,113.0,119.0,2,238.0,"2021-06-29","2021-07-12",13
4227,842,310,"Sharyl Royl",61,"Polygender","Fadelburgh","New South Wales",875,"Cords","Trousers","XS","red",63,113.0,94.0,2,188.0,"2021-01-10","2021-01-29",19
4228,842,310,"Sharyl Royl",61,"Polygender","Fadelburgh","New South Wales",374,"Henley","Shirt","XL","blue",75,92.0,94.0,3,282.0,"2021-01-10","2021-01-29",19
4229,842,310,"Sharyl Royl",61,"Polygender","Fadelburgh","New South Wales",645,"Coach","Jacket","XS","green",78,115.0,93.0,3,279.0,"2021-01-10","2021-01-29",19
4230,842,310,"Sharyl Royl",61,"Polygender","Fadelburgh","New South Wales",238,"Chambray","Shirt","L","indigo",79,105.0,106.0,1,106.0,"2021-01-10","2021-01-29",19
4231,843,956,"Camile Haveline",20,"Genderfluid","New Alexchester","New South Wales",1091,"Cropped","Trousers","S","orange",78,99.0,115.0,1,115.0,"2021-07-03","2021-07-09",6
4232,843,956,"Camile Haveline",20,"Genderfluid","New Alexchester","New South Wales",374,"Henley","Shirt","XL","blue",75,92.0,94.0,3,282.0,"2021-07-03","2021-07-09",6
4233,843,956,"Camile Haveline",20,"Genderfluid","New Alexchester","New South Wales",69,"Dress","Shirt","XL","violet",77,119.0,104.0,1,104.0,"2021-07-03","2021-07-09",6
4234,843,956,"Camile Haveline",20,"Genderfluid","New Alexchester","New South Wales",285,"Cuban Collar","Shirt","XS","orange",62,93.0,105.0,1,105.0,"2021-07-03","2021-07-09",6
4235,843,956,"Camile Haveline",20,"Genderfluid","New Alexchester","New South Wales",737,"Peacoat","Jacket","M","red",59,102.0,109.0,1,109.0,"2021-07-03","2021-07-09",6
4236,843,956,"Camile Haveline",20,"Genderfluid","New Alexchester","New South Wales",1236,"Tracksuit Bottoms","Trousers","S","yellow",49,91.0,112.0,3,336.0,"2021-07-03","2021-07-09",6
4237,843,956,"Camile Haveline",20,"Genderfluid","New Alexchester","New South Wales",886,"Cords","Trousers","S","yellow",68,113.0,94.0,3,282.0,"2021-07-03","2021-07-09",6
4238,843,956,"Camile Haveline",20,"Genderfluid","New Alexchester","New South Wales",962,"Slim-Fit","Trousers","M","green",78,119.0,97.0,2,194.0,"2021-07-03","2021-07-09",6
4239,843,956,"Camile Haveline",20,"Genderfluid","New Alexchester","New South Wales",207,"Camp Collared","Shirt","M","violet",41,112.0,98.0,3,294.0,"2021-07-03","2021-07-09",6
4240,843,956,"Camile Haveline",20,"Genderfluid","New Alexchester","New South Wales",1084,"Joggers","Trousers","XL","violet",40,94.0,93.0,1,93.0,"2021-07-03","2021-07-09",6
4241,844,35,"Adamo Saddington",80,"Male","Port Lucas","Queensland",1222,"Pleated","Trousers","M","violet",45,90.0,105.0,2,210.0,"2021-09-26","2021-10-18",22
4242,844,35,"Adamo Saddington",80,"Male","Port Lucas","Queensland",134,"Denim","Shirt","XL","indigo",58,115.0,92.0,3,276.0,"2021-09-26","2021-10-18",22
4243,844,35,"Adamo Saddington",80,"Male","Port Lucas","Queensland",1024,"Relaxed Leg","Trousers","XL","orange",80,95.0,90.0,3,270.0,"2021-09-26","2021-10-18",22
4244,844,35,"Adamo Saddington",80,"Male","Port Lucas","Queensland",139,"Denim","Shirt","XL","violet",73,115.0,92.0,1,92.0,"2021-09-26","2021-10-18",22
4245,844,35,"Adamo Saddington",80,"Male","Port Lucas","Queensland",586,"Bomber","Jacket","S","indigo",41,90.0,100.0,3,300.0,"2021-09-26","2021-10-18",22
4246,845,457,"North Diamond",27,"Male","Charlotteborough","Victoria",1073,"Joggers","Trousers","L","blue",75,94.0,93.0,3,279.0,"2021-04-25","2021-05-22",27
4247,845,457,"North Diamond",27,"Male","Charlotteborough","Victoria",1246,"Tracksuit Bottoms","Trousers","S","blue",48,91.0,112.0,2,224.0,"2021-04-25","2021-05-22",27
4248,845,457,"North Diamond",27,"Male","Charlotteborough","Victoria",335,"Mandarin Collar","Shirt","XS","blue",59,108.0,109.0,3,327.0,"2021-04-25","2021-05-22",27
4249,845,457,"North Diamond",27,"Male","Charlotteborough","Victoria",1038,"Relaxed Leg","Trousers","L","blue",61,95.0,90.0,3,270.0,"2021-04-25","2021-05-22",27
4250,845,457,"North Diamond",27,"Male","Charlotteborough","Victoria",1177,"High-Waisted","Trousers","M","blue",52,98.0,99.0,1,99.0,"2021-04-25","2021-05-22",27
4251,846,515,"Joannes Pandie",52,"Female","Huelhaven","Australian Capital Territory",668,"Parka","Jacket","L","red",73,119.0,113.0,2,226.0,"2021-09-17","2021-10-10",23
4252,847,566,"Melissa Partkya",23,"Male","O'keefeton","Tasmania",790,"Pullover","Jacket","XS","blue",61,114.0,91.0,1,91.0,"2021-10-19","2021-11-04",16
4253,847,566,"Melissa Partkya",23,"Male","O'keefeton","Tasmania",593,"Bomber","Jacket","L","violet",68,90.0,100.0,2,200.0,"2021-10-19","2021-11-04",16
4254,847,566,"Melissa Partkya",23,"Male","O'keefeton","Tasmania",500,"Windbreaker","Jacket","XS","yellow",50,109.0,102.0,2,204.0,"2021-10-19","2021-11-04",16
4255,848,813,"Saul Franklyn",62,"Male","Tillmanview","New South Wales",28,"Oxford Cloth","Shirt","L","indigo",70,114.0,96.0,3,288.0,"2021-09-24","2021-10-14",20
4256,848,813,"Saul Franklyn",62,"Male","Tillmanview","New South Wales",66,"Dress","Shirt","S","violet",69,119.0,104.0,2,208.0,"2021-09-24","2021-10-14",20
4257,848,813,"Saul Franklyn",62,"Male","Tillmanview","New South Wales",642,"Coach","Jacket","M","yellow",48,115.0,93.0,2,186.0,"2021-09-24","2021-10-14",20
4258,848,813,"Saul Franklyn",62,"Male","Tillmanview","New South Wales",375,"Henley","Shirt","XS","indigo",58,92.0,94.0,1,94.0,"2021-09-24","2021-10-14",20
4259,848,813,"Saul Franklyn",62,"Male","Tillmanview","New South Wales",201,"Camp Collared","Shirt","S","indigo",50,112.0,98.0,3,294.0,"2021-09-24","2021-10-14",20
4260,848,813,"Saul Franklyn",62,"Male","Tillmanview","New South Wales",830,"Shearling","Jacket","XS","indigo",68,95.0,117.0,3,351.0,"2021-09-24","2021-10-14",20
4261,848,813,"Saul Franklyn",62,"Male","Tillmanview","New South Wales",286,"Cuban Collar","Shirt","S","orange",50,93.0,105.0,3,315.0,"2021-09-24","2021-10-14",20
4262,848,813,"Saul Franklyn",62,"Male","Tillmanview","New South Wales",583,"Bomber","Jacket","L","blue",64,90.0,100.0,3,300.0,"2021-09-24","2021-10-14",20
4263,848,813,"Saul Franklyn",62,"Male","Tillmanview","New South Wales",591,"Bomber","Jacket","S","violet",45,90.0,100.0,2,200.0,"2021-09-24","2021-10-14",20
4264,849,882,"Bartel Clemendet",43,"Genderqueer","Kiehnfurt","South Australia",73,"Flannel","Shirt","L","red",77,96.0,118.0,2,236.0,"2021-08-11","2021-09-01",21
4265,849,882,"Bartel Clemendet",43,"Genderqueer","Kiehnfurt","South Australia",1074,"Joggers","Trousers","XL","blue",52,94.0,93.0,3,279.0,"2021-08-11","2021-09-01",21
4266,849,882,"Bartel Clemendet",43,"Genderqueer","Kiehnfurt","South Australia",993,"Wool","Trousers","L","yellow",46,111.0,106.0,3,318.0,"2021-08-11","2021-09-01",21
4267,849,882,"Bartel Clemendet",43,"Genderqueer","Kiehnfurt","South Australia",1117,"Cropped","Trousers","M","violet",47,99.0,115.0,1,115.0,"2021-08-11","2021-09-01",21
4268,850,254,"Scot Billany",44,"Male","Beiermouth","Queensland",368,"Henley","Shirt","L","green",41,92.0,94.0,2,188.0,"2021-04-08","2021-04-27",19
4269,850,254,"Scot Billany",44,"Male","Beiermouth","Queensland",616,"Cardigan","Jacket","S","blue",53,118.0,112.0,3,336.0,"2021-04-08","2021-04-27",19
4270,850,254,"Scot Billany",44,"Male","Beiermouth","Queensland",652,"Coach","Jacket","M","blue",54,115.0,93.0,2,186.0,"2021-04-08","2021-04-27",19
4271,850,254,"Scot Billany",44,"Male","Beiermouth","Queensland",700,"Trench Coat","Jacket","XS","red",78,112.0,119.0,2,238.0,"2021-04-08","2021-04-27",19
4272,850,254,"Scot Billany",44,"Male","Beiermouth","Queensland",533,"Leather","Jacket","L","orange",78,113.0,98.0,2,196.0,"2021-04-08","2021-04-27",19
4273,851,365,"Tammie Gavrielli",25,"Genderqueer","Jacobsshire","Tasmania",1031,"Relaxed Leg","Trousers","S","green",51,95.0,90.0,3,270.0,"2021-04-23","2021-05-02",9
4274,851,365,"Tammie Gavrielli",25,"Genderqueer","Jacobsshire","Tasmania",1074,"Joggers","Trousers","XL","blue",52,94.0,93.0,3,279.0,"2021-04-23","2021-05-02",9
4275,851,365,"Tammie Gavrielli",25,"Genderqueer","Jacobsshire","Tasmania",437,"Denim","Jacket","M","green",79,92.0,107.0,1,107.0,"2021-04-23","2021-05-02",9
4276,851,365,"Tammie Gavrielli",25,"Genderqueer","Jacobsshire","Tasmania",1173,"High-Waisted","Trousers","L","green",75,98.0,99.0,1,99.0,"2021-04-23","2021-05-02",9
4277,852,102,"Hurleigh Sieb",32,"Genderfluid","Port Sarah","Queensland",579,"Bomber","Jacket","XL","green",79,90.0,100.0,2,200.0,"2021-04-11","2021-05-08",27
4278,852,102,"Hurleigh Sieb",32,"Genderfluid","Port Sarah","Queensland",229,"Chambray","Shirt","XL","green",58,105.0,106.0,3,318.0,"2021-04-11","2021-05-08",27
4279,852,102,"Hurleigh Sieb",32,"Genderfluid","Port Sarah","Queensland",623,"Cardigan","Jacket","L","indigo",40,118.0,112.0,2,224.0,"2021-04-11","2021-05-08",27
4280,852,102,"Hurleigh Sieb",32,"Genderfluid","Port Sarah","Queensland",120,"Denim","Shirt","XS","green",66,115.0,92.0,3,276.0,"2021-04-11","2021-05-08",27
4281,852,102,"Hurleigh Sieb",32,"Genderfluid","Port Sarah","Queensland",1047,"Relaxed Leg","Trousers","M","violet",46,95.0,90.0,1,90.0,"2021-04-11","2021-05-08",27
4282,853,653,"Pieter Bruton",21,"Polygender","Lachlanstad","Queensland",549,"Leather","Jacket","XL","blue",67,113.0,98.0,2,196.0,"2021-09-27","2021-10-18",21
4283,853,653,"Pieter Bruton",21,"Polygender","Lachlanstad","Queensland",540,"Leather","Jacket","XS","green",57,113.0,98.0,3,294.0,"2021-09-27","2021-10-18",21
4284,853,653,"Pieter Bruton",21,"Polygender","Lachlanstad","Queensland",568,"Bomber","Jacket","L","orange",71,90.0,100.0,2,200.0,"2021-09-27","2021-10-18",21
4285,853,653,"Pieter Bruton",21,"Polygender","Lachlanstad","Queensland",45,"Dress","Shirt","XS","yellow",69,119.0,104.0,1,104.0,"2021-09-27","2021-10-18",21
4286,853,653,"Pieter Bruton",21,"Polygender","Lachlanstad","Queensland",1015,"Relaxed Leg","Trousers","XS","red",52,95.0,90.0,2,180.0,"2021-09-27","2021-10-18",21
4287,853,653,"Pieter Bruton",21,"Polygender","Lachlanstad","Queensland",535,"Leather","Jacket","XS","yellow",73,113.0,98.0,2,196.0,"2021-09-27","2021-10-18",21
4288,853,653,"Pieter Bruton",21,"Polygender","Lachlanstad","Queensland",1220,"Pleated","Trousers","XS","violet",58,90.0,105.0,3,315.0,"2021-09-27","2021-10-18",21
4289,854,680,"Camellia Heatherington",78,"Bigender","Taylorfurt","New South Wales",35,"Dress","Shirt","XS","red",63,119.0,104.0,3,312.0,"2021-08-10","2021-08-27",17
4290,855,620,"Phillipe Gatecliffe",35,"Male","Jettstad","Australian Capital Territory",983,"Wool","Trousers","L","red",74,111.0,106.0,1,106.0,"2021-01-26","2021-02-02",7
4291,855,620,"Phillipe Gatecliffe",35,"Male","Jettstad","Australian Capital Territory",1112,"Cropped","Trousers","M","indigo",73,99.0,115.0,3,345.0,"2021-01-26","2021-02-02",7
4292,855,620,"Phillipe Gatecliffe",35,"Male","Jettstad","Australian Capital Territory",722,"Trench Coat","Jacket","M","blue",46,112.0,119.0,2,238.0,"2021-01-26","2021-02-02",7
4293,855,620,"Phillipe Gatecliffe",35,"Male","Jettstad","Australian Capital Territory",620,"Cardigan","Jacket","XS","indigo",70,118.0,112.0,3,336.0,"2021-01-26","2021-02-02",7
4294,856,289,"Rafferty Fronek",43,"Genderqueer","East Kaylabury","Australian Capital Territory",833,"Shearling","Jacket","L","indigo",66,95.0,117.0,2,234.0,"2021-01-13","2021-01-22",9
4295,856,289,"Rafferty Fronek",43,"Genderqueer","East Kaylabury","Australian Capital Territory",1178,"High-Waisted","Trousers","L","blue",57,98.0,99.0,3,297.0,"2021-01-13","2021-01-22",9
4296,856,289,"Rafferty Fronek",43,"Genderqueer","East Kaylabury","Australian Capital Territory",794,"Pullover","Jacket","XL","blue",74,114.0,91.0,3,273.0,"2021-01-13","2021-01-22",9
4297,856,289,"Rafferty Fronek",43,"Genderqueer","East Kaylabury","Australian Capital Territory",509,"Windbreaker","Jacket","XL","green",71,109.0,102.0,1,102.0,"2021-01-13","2021-01-22",9
4298,856,289,"Rafferty Fronek",43,"Genderqueer","East Kaylabury","Australian Capital Territory",92,"Flannel","Shirt","M","blue",73,96.0,118.0,1,118.0,"2021-01-13","2021-01-22",9
4299,856,289,"Rafferty Fronek",43,"Genderqueer","East Kaylabury","Australian Capital Territory",1204,"Pleated","Trousers","XL","yellow",52,90.0,105.0,2,210.0,"2021-01-13","2021-01-22",9
4300,857,577,"Hillier Seward",32,"Genderfluid","Heaneyview","South Australia",751,"Peacoat","Jacket","S","green",41,102.0,109.0,3,327.0,"2021-09-01","2021-09-10",9
4301,857,577,"Hillier Seward",32,"Genderfluid","Heaneyview","South Australia",213,"Chambray","Shirt","L","red",44,105.0,106.0,3,318.0,"2021-09-01","2021-09-10",9
4302,857,577,"Hillier Seward",32,"Genderfluid","Heaneyview","South Australia",907,"Cords","Trousers","M","violet",77,113.0,94.0,3,282.0,"2021-09-01","2021-09-10",9
4303,857,577,"Hillier Seward",32,"Genderfluid","Heaneyview","South Australia",431,"Denim","Jacket","S","yellow",43,92.0,107.0,2,214.0,"2021-09-01","2021-09-10",9
4304,858,987,"Grady Wipper",70,"Genderfluid","Thompsonbury","New South Wales",439,"Denim","Jacket","XL","green",59,92.0,107.0,2,214.0,"2021-03-16","2021-03-27",11
4305,858,987,"Grady Wipper",70,"Genderfluid","Thompsonbury","New South Wales",281,"Cuban Collar","Shirt","S","red",59,93.0,105.0,3,315.0,"2021-03-16","2021-03-27",11
4306,858,987,"Grady Wipper",70,"Genderfluid","Thompsonbury","New South Wales",1124,"Cargo Pants","Trousers","XL","red",45,106.0,102.0,2,204.0,"2021-03-16","2021-03-27",11
4307,858,987,"Grady Wipper",70,"Genderfluid","Thompsonbury","New South Wales",413,"Casual Slim Fit","Shirt","L","indigo",60,113.0,119.0,3,357.0,"2021-03-16","2021-03-27",11
4308,858,987,"Grady Wipper",70,"Genderfluid","Thompsonbury","New South Wales",799,"Pullover","Jacket","XL","indigo",43,114.0,91.0,1,91.0,"2021-03-16","2021-03-27",11
4309,858,987,"Grady Wipper",70,"Genderfluid","Thompsonbury","New South Wales",397,"Casual Slim Fit","Shirt","M","yellow",76,113.0,119.0,1,119.0,"2021-03-16","2021-03-27",11
4310,859,269,"Rutger Hugonnet",20,"Bigender","New Jadehaven","New South Wales",740,"Peacoat","Jacket","XS","orange",78,102.0,109.0,1,109.0,"2021-03-26","2021-04-09",14
4311,859,269,"Rutger Hugonnet",20,"Bigender","New Jadehaven","New South Wales",400,"Casual Slim Fit","Shirt","XS","green",69,113.0,119.0,1,119.0,"2021-03-26","2021-04-09",14
4312,859,269,"Rutger Hugonnet",20,"Bigender","New Jadehaven","New South Wales",180,"Camp Collared","Shirt","XS","orange",52,112.0,98.0,2,196.0,"2021-03-26","2021-04-09",14
4313,859,269,"Rutger Hugonnet",20,"Bigender","New Jadehaven","New South Wales",147,"Linen","Shirt","M","orange",42,116.0,91.0,3,273.0,"2021-03-26","2021-04-09",14
4314,860,570,"Henryetta Sheffield",35,"Genderqueer","New Masonstad","New South Wales",995,"Wool","Trousers","XS","green",73,111.0,106.0,1,106.0,"2021-04-09","2021-05-04",25
4315,860,570,"Henryetta Sheffield",35,"Genderqueer","New Masonstad","New South Wales",640,"Coach","Jacket","XS","yellow",52,115.0,93.0,3,279.0,"2021-04-09","2021-05-04",25
4316,860,570,"Henryetta Sheffield",35,"Genderqueer","New Masonstad","New South Wales",52,"Dress","Shirt","M","green",65,119.0,104.0,3,312.0,"2021-04-09","2021-05-04",25
4317,860,570,"Henryetta Sheffield",35,"Genderqueer","New Masonstad","New South Wales",664,"Coach","Jacket","XL","violet",60,115.0,93.0,1,93.0,"2021-04-09","2021-05-04",25
4318,861,315,"Jeff Curness",49,"Genderqueer","East Michaelmouth","Australian Capital Territory",1188,"High-Waisted","Trousers","L","violet",68,98.0,99.0,3,297.0,"2021-05-31","2021-06-20",20
4319,861,315,"Jeff Curness",49,"Genderqueer","East Michaelmouth","Australian Capital Territory",58,"Dress","Shirt","L","blue",61,119.0,104.0,2,208.0,"2021-05-31","2021-06-20",20
4320,861,315,"Jeff Curness",49,"Genderqueer","East Michaelmouth","Australian Capital Territory",78,"Flannel","Shirt","L","orange",59,96.0,118.0,2,236.0,"2021-05-31","2021-06-20",20
4321,862,984,"Devin Lindmark",57,"Female","North Mackenzieborough","Northern Territory",935,"Drawstring","Trousers","XS","indigo",61,104.0,96.0,3,288.0,"2021-10-11","2021-10-20",9
4322,862,984,"Devin Lindmark",57,"Female","North Mackenzieborough","Northern Territory",162,"Linen","Shirt","M","blue",58,116.0,91.0,1,91.0,"2021-10-11","2021-10-20",9
4323,862,984,"Devin Lindmark",57,"Female","North Mackenzieborough","Northern Territory",208,"Camp Collared","Shirt","L","violet",42,112.0,98.0,2,196.0,"2021-10-11","2021-10-20",9
4324,863,81,"Lanny Wardale",30,"Female","Spencerborough","Western Australia",194,"Camp Collared","Shirt","XL","green",61,112.0,98.0,2,196.0,"2021-05-10","2021-05-18",8
4325,863,81,"Lanny Wardale",30,"Female","Spencerborough","Western Australia",472,"Puffer","Jacket","M","green",72,110.0,118.0,3,354.0,"2021-05-10","2021-05-18",8
4326,863,81,"Lanny Wardale",30,"Female","Spencerborough","Western Australia",783,"Pullover","Jacket","L","yellow",43,114.0,91.0,1,91.0,"2021-05-10","2021-05-18",8
4327,863,81,"Lanny Wardale",30,"Female","Spencerborough","Western Australia",650,"Coach","Jacket","XS","blue",51,115.0,93.0,3,279.0,"2021-05-10","2021-05-18",8
4328,864,414,"Ansel Chittem",51,"Polygender","North Ivy","Queensland",78,"Flannel","Shirt","L","orange",59,96.0,118.0,1,118.0,"2021-03-29","2021-04-17",19
4329,864,414,"Ansel Chittem",51,"Polygender","North Ivy","Queensland",336,"Mandarin Collar","Shirt","S","blue",44,108.0,109.0,2,218.0,"2021-03-29","2021-04-17",19
4330,864,414,"Ansel Chittem",51,"Polygender","North Ivy","Queensland",946,"Slim-Fit","Trousers","S","red",71,119.0,97.0,2,194.0,"2021-03-29","2021-04-17",19
4331,865,490,"Bank Sargeaunt",57,"Male","Mollyland","New South Wales",1015,"Relaxed Leg","Trousers","XS","red",52,95.0,90.0,3,270.0,"2021-07-27","2021-07-30",3
4332,866,88,"Kendall Jakubski",78,"Male","Port Liam","South Australia",653,"Coach","Jacket","L","blue",80,115.0,93.0,2,186.0,"2021-04-11","2021-04-21",10
4333,866,88,"Kendall Jakubski",78,"Male","Port Liam","South Australia",1142,"Cargo Pants","Trousers","M","blue",64,106.0,102.0,2,204.0,"2021-04-11","2021-04-21",10
4334,866,88,"Kendall Jakubski",78,"Male","Port Liam","South Australia",757,"Peacoat","Jacket","M","blue",71,102.0,109.0,2,218.0,"2021-04-11","2021-04-21",10
4335,866,88,"Kendall Jakubski",78,"Male","Port Liam","South Australia",846,"Chinos","Trousers","S","orange",58,100.0,113.0,1,113.0,"2021-04-11","2021-04-21",10
4336,867,342,"Tymothy Linsay",45,"Genderqueer","Barrowschester","Victoria",930,"Drawstring","Trousers","XS","blue",45,104.0,96.0,1,96.0,"2021-03-23","2021-04-07",15
4337,867,342,"Tymothy Linsay",45,"Genderqueer","Barrowschester","Victoria",129,"Denim","Shirt","XL","blue",73,115.0,92.0,1,92.0,"2021-03-23","2021-04-07",15
4338,867,342,"Tymothy Linsay",45,"Genderqueer","Barrowschester","Victoria",430,"Denim","Jacket","XS","yellow",52,92.0,107.0,2,214.0,"2021-03-23","2021-04-07",15
4339,867,342,"Tymothy Linsay",45,"Genderqueer","Barrowschester","Victoria",545,"Leather","Jacket","XS","blue",77,113.0,98.0,1,98.0,"2021-03-23","2021-04-07",15
4340,867,342,"Tymothy Linsay",45,"Genderqueer","Barrowschester","Victoria",723,"Trench Coat","Jacket","L","blue",50,112.0,119.0,1,119.0,"2021-03-23","2021-04-07",15
4341,867,342,"Tymothy Linsay",45,"Genderqueer","Barrowschester","Victoria",19,"Oxford Cloth","Shirt","XL","green",42,114.0,96.0,1,96.0,"2021-03-23","2021-04-07",15
4342,868,937,"Judy Mesias",70,"Male","Schneiderstad","New South Wales",763,"Peacoat","Jacket","L","indigo",45,102.0,109.0,3,327.0,"2021-03-31","2021-04-03",3
4343,868,937,"Judy Mesias",70,"Male","Schneiderstad","New South Wales",1049,"Relaxed Leg","Trousers","XL","violet",42,95.0,90.0,2,180.0,"2021-03-31","2021-04-03",3
4344,869,605,"Stanleigh Hazelton",25,"Female","Hamiltonshire","Western Australia",1214,"Pleated","Trousers","XL","blue",55,90.0,105.0,3,315.0,"2021-09-25","2021-10-20",25
4345,869,605,"Stanleigh Hazelton",25,"Female","Hamiltonshire","Western Australia",949,"Slim-Fit","Trousers","XL","red",67,119.0,97.0,2,194.0,"2021-09-25","2021-10-20",25
4346,869,605,"Stanleigh Hazelton",25,"Female","Hamiltonshire","Western Australia",176,"Camp Collared","Shirt","S","red",67,112.0,98.0,2,196.0,"2021-09-25","2021-10-20",25
4347,869,605,"Stanleigh Hazelton",25,"Female","Hamiltonshire","Western Australia",535,"Leather","Jacket","XS","yellow",73,113.0,98.0,3,294.0,"2021-09-25","2021-10-20",25
4348,869,605,"Stanleigh Hazelton",25,"Female","Hamiltonshire","Western Australia",77,"Flannel","Shirt","M","orange",68,96.0,118.0,2,236.0,"2021-09-25","2021-10-20",25
4349,869,605,"Stanleigh Hazelton",25,"Female","Hamiltonshire","Western Australia",636,"Coach","Jacket","S","orange",55,115.0,93.0,1,93.0,"2021-09-25","2021-10-20",25
4350,869,605,"Stanleigh Hazelton",25,"Female","Hamiltonshire","Western Australia",351,"Henley","Shirt","S","red",60,92.0,94.0,2,188.0,"2021-09-25","2021-10-20",25
4351,869,605,"Stanleigh Hazelton",25,"Female","Hamiltonshire","Western Australia",1145,"Cargo Pants","Trousers","XS","indigo",51,106.0,102.0,1,102.0,"2021-09-25","2021-10-20",25
4352,869,605,"Stanleigh Hazelton",25,"Female","Hamiltonshire","Western Australia",845,"Chinos","Trousers","XS","orange",53,100.0,113.0,1,113.0,"2021-09-25","2021-10-20",25
4353,870,647,"Malory Emmison",51,"Male","Lake Nicholasfort","Australian Capital Territory",1256,"Tracksuit Bottoms","Trousers","S","violet",48,91.0,112.0,2,224.0,"2021-08-01","2021-08-12",11
4354,870,647,"Malory Emmison",51,"Male","Lake Nicholasfort","Australian Capital Territory",789,"Pullover","Jacket","XL","green",65,114.0,91.0,3,273.0,"2021-08-01","2021-08-12",11
4355,870,647,"Malory Emmison",51,"Male","Lake Nicholasfort","Australian Capital Territory",720,"Trench Coat","Jacket","XS","blue",59,112.0,119.0,3,357.0,"2021-08-01","2021-08-12",11
4356,870,647,"Malory Emmison",51,"Male","Lake Nicholasfort","Australian Capital Territory",186,"Camp Collared","Shirt","S","yellow",66,112.0,98.0,1,98.0,"2021-08-01","2021-08-12",11
4357,870,647,"Malory Emmison",51,"Male","Lake Nicholasfort","Australian Capital Territory",1186,"High-Waisted","Trousers","S","violet",45,98.0,99.0,3,297.0,"2021-08-01","2021-08-12",11
4358,871,550,"Marna Lammerts",22,"Male","Sophiafurt","New South Wales",637,"Coach","Jacket","M","orange",72,115.0,93.0,1,93.0,"2021-09-24","2021-10-08",14
4359,871,550,"Marna Lammerts",22,"Male","Sophiafurt","New South Wales",495,"Windbreaker","Jacket","XS","orange",70,109.0,102.0,2,204.0,"2021-09-24","2021-10-08",14
4360,871,550,"Marna Lammerts",22,"Male","Sophiafurt","New South Wales",1056,"Joggers","Trousers","S","orange",43,94.0,93.0,1,93.0,"2021-09-24","2021-10-08",14
4361,872,954,"Timmie Kelshaw",69,"Non-binary","Lake Evemouth","South Australia",113,"Denim","Shirt","L","orange",45,115.0,92.0,3,276.0,"2021-09-26","2021-10-14",18
4362,872,954,"Timmie Kelshaw",69,"Non-binary","Lake Evemouth","South Australia",482,"Puffer","Jacket","M","indigo",49,110.0,118.0,2,236.0,"2021-09-26","2021-10-14",18
4363,872,954,"Timmie Kelshaw",69,"Non-binary","Lake Evemouth","South Australia",230,"Chambray","Shirt","XS","blue",76,105.0,106.0,1,106.0,"2021-09-26","2021-10-14",18
4364,872,954,"Timmie Kelshaw",69,"Non-binary","Lake Evemouth","South Australia",28,"Oxford Cloth","Shirt","L","indigo",70,114.0,96.0,3,288.0,"2021-09-26","2021-10-14",18
4365,872,954,"Timmie Kelshaw",69,"Non-binary","Lake Evemouth","South Australia",608,"Cardigan","Jacket","L","yellow",50,118.0,112.0,2,224.0,"2021-09-26","2021-10-14",18
4366,872,954,"Timmie Kelshaw",69,"Non-binary","Lake Evemouth","South Australia",422,"Denim","Jacket","M","red",43,92.0,107.0,2,214.0,"2021-09-26","2021-10-14",18
4367,872,954,"Timmie Kelshaw",69,"Non-binary","Lake Evemouth","South Australia",78,"Flannel","Shirt","L","orange",59,96.0,118.0,1,118.0,"2021-09-26","2021-10-14",18
4368,872,954,"Timmie Kelshaw",69,"Non-binary","Lake Evemouth","South Australia",445,"Denim","Jacket","XS","indigo",75,92.0,107.0,2,214.0,"2021-09-26","2021-10-14",18
4369,872,954,"Timmie Kelshaw",69,"Non-binary","Lake Evemouth","South Australia",94,"Flannel","Shirt","XL","blue",61,96.0,118.0,1,118.0,"2021-09-26","2021-10-14",18
4370,873,100,"Wilhelm Blaber",69,"Genderfluid","Lake Callumville","Queensland",418,"Casual Slim Fit","Shirt","L","violet",65,113.0,119.0,1,119.0,"2021-04-25","2021-05-07",12
4371,873,100,"Wilhelm Blaber",69,"Genderfluid","Lake Callumville","Queensland",440,"Denim","Jacket","XS","blue",49,92.0,107.0,1,107.0,"2021-04-25","2021-05-07",12
4372,873,100,"Wilhelm Blaber",69,"Genderfluid","Lake Callumville","Queensland",429,"Denim","Jacket","XL","orange",79,92.0,107.0,1,107.0,"2021-04-25","2021-05-07",12
4373,873,100,"Wilhelm Blaber",69,"Genderfluid","Lake Callumville","Queensland",731,"Trench Coat","Jacket","S","violet",69,112.0,119.0,2,238.0,"2021-04-25","2021-05-07",12
4374,873,100,"Wilhelm Blaber",69,"Genderfluid","Lake Callumville","Queensland",1126,"Cargo Pants","Trousers","S","orange",60,106.0,102.0,1,102.0,"2021-04-25","2021-05-07",12
4375,874,557,"Kyle Lowbridge",59,"Bigender","Lake Jesse","Tasmania",32,"Oxford Cloth","Shirt","M","violet",65,114.0,96.0,2,192.0,"2021-03-25","2021-04-10",16
4376,874,557,"Kyle Lowbridge",59,"Bigender","Lake Jesse","Tasmania",919,"Drawstring","Trousers","XL","orange",68,104.0,96.0,2,192.0,"2021-03-25","2021-04-10",16
4377,874,557,"Kyle Lowbridge",59,"Bigender","Lake Jesse","Tasmania",421,"Denim","Jacket","S","red",69,92.0,107.0,1,107.0,"2021-03-25","2021-04-10",16
4378,874,557,"Kyle Lowbridge",59,"Bigender","Lake Jesse","Tasmania",1170,"High-Waisted","Trousers","XS","green",42,98.0,99.0,1,99.0,"2021-03-25","2021-04-10",16
4379,874,557,"Kyle Lowbridge",59,"Bigender","Lake Jesse","Tasmania",826,"Shearling","Jacket","S","blue",72,95.0,117.0,3,351.0,"2021-03-25","2021-04-10",16
4380,874,557,"Kyle Lowbridge",59,"Bigender","Lake Jesse","Tasmania",744,"Peacoat","Jacket","XL","orange",69,102.0,109.0,1,109.0,"2021-03-25","2021-04-10",16
4381,874,557,"Kyle Lowbridge",59,"Bigender","Lake Jesse","Tasmania",1238,"Tracksuit Bottoms","Trousers","L","yellow",41,91.0,112.0,1,112.0,"2021-03-25","2021-04-10",16
4382,874,557,"Kyle Lowbridge",59,"Bigender","Lake Jesse","Tasmania",973,"Slim-Fit","Trousers","L","indigo",48,119.0,97.0,3,291.0,"2021-03-25","2021-04-10",16
4383,874,557,"Kyle Lowbridge",59,"Bigender","Lake Jesse","Tasmania",488,"Puffer","Jacket","L","violet",49,110.0,118.0,3,354.0,"2021-03-25","2021-04-10",16
4384,875,383,"Nathanil Runchman",23,"Non-binary","South Hannahstad","Victoria",6,"Oxford Cloth","Shirt","S","orange",72,114.0,96.0,1,96.0,"2021-02-26","2021-02-27",1
4385,875,383,"Nathanil Runchman",23,"Non-binary","South Hannahstad","Victoria",607,"Cardigan","Jacket","M","yellow",64,118.0,112.0,2,224.0,"2021-02-26","2021-02-27",1
4386,875,383,"Nathanil Runchman",23,"Non-binary","South Hannahstad","Victoria",74,"Flannel","Shirt","XL","red",72,96.0,118.0,3,354.0,"2021-02-26","2021-02-27",1
4387,876,566,"Melissa Partkya",23,"Male","O'keefeton","Tasmania",713,"Trench Coat","Jacket","L","yellow",77,112.0,119.0,2,238.0,"2021-05-20","2021-05-24",4
4388,876,566,"Melissa Partkya",23,"Male","O'keefeton","Tasmania",739,"Peacoat","Jacket","XL","red",58,102.0,109.0,3,327.0,"2021-05-20","2021-05-24",4
4389,876,566,"Melissa Partkya",23,"Male","O'keefeton","Tasmania",1087,"Cropped","Trousers","M","red",50,99.0,115.0,2,230.0,"2021-05-20","2021-05-24",4
4390,876,566,"Melissa Partkya",23,"Male","O'keefeton","Tasmania",606,"Cardigan","Jacket","S","yellow",79,118.0,112.0,2,224.0,"2021-05-20","2021-05-24",4
4391,876,566,"Melissa Partkya",23,"Male","O'keefeton","Tasmania",697,"Parka","Jacket","M","violet",75,119.0,113.0,2,226.0,"2021-05-20","2021-05-24",4
4392,877,558,"Lizette Lindro",38,"Genderqueer","Violetfort","South Australia",437,"Denim","Jacket","M","green",79,92.0,107.0,2,214.0,"2021-07-14","2021-08-02",19
4393,877,558,"Lizette Lindro",38,"Genderqueer","Violetfort","South Australia",1011,"Wool","Trousers","S","violet",59,111.0,106.0,2,212.0,"2021-07-14","2021-08-02",19
4394,877,558,"Lizette Lindro",38,"Genderqueer","Violetfort","South Australia",509,"Windbreaker","Jacket","XL","green",71,109.0,102.0,1,102.0,"2021-07-14","2021-08-02",19
4395,877,558,"Lizette Lindro",38,"Genderqueer","Violetfort","South Australia",1042,"Relaxed Leg","Trousers","M","indigo",45,95.0,90.0,2,180.0,"2021-07-14","2021-08-02",19
4396,878,470,"Trudey Betteridge",45,"Genderfluid","Edwardtown","Western Australia",543,"Leather","Jacket","L","green",71,113.0,98.0,1,98.0,"2021-03-31","2021-04-20",20
4397,878,470,"Trudey Betteridge",45,"Genderfluid","Edwardtown","Western Australia",1109,"Cropped","Trousers","XL","blue",51,99.0,115.0,3,345.0,"2021-03-31","2021-04-20",20
4398,879,370,"Hildegarde Bamlett",38,"Agender","Abbottbury","Australian Capital Territory",789,"Pullover","Jacket","XL","green",65,114.0,91.0,3,273.0,"2021-10-11","2021-10-20",9
4399,879,370,"Hildegarde Bamlett",38,"Agender","Abbottbury","Australian Capital Territory",786,"Pullover","Jacket","S","green",69,114.0,91.0,1,91.0,"2021-10-11","2021-10-20",9
4400,880,872,"Brendis Blackboro",74,"Non-binary","West Lukeshire","New South Wales",724,"Trench Coat","Jacket","XL","blue",69,112.0,119.0,2,238.0,"2021-02-19","2021-03-16",25
4401,880,872,"Brendis Blackboro",74,"Non-binary","West Lukeshire","New South Wales",141,"Linen","Shirt","S","red",67,116.0,91.0,2,182.0,"2021-02-19","2021-03-16",25
4402,880,872,"Brendis Blackboro",74,"Non-binary","West Lukeshire","New South Wales",161,"Linen","Shirt","S","blue",77,116.0,91.0,3,273.0,"2021-02-19","2021-03-16",25
4403,880,872,"Brendis Blackboro",74,"Non-binary","West Lukeshire","New South Wales",52,"Dress","Shirt","M","green",65,119.0,104.0,1,104.0,"2021-02-19","2021-03-16",25
4404,880,872,"Brendis Blackboro",74,"Non-binary","West Lukeshire","New South Wales",860,"Chinos","Trousers","XS","blue",69,100.0,113.0,1,113.0,"2021-02-19","2021-03-16",25
4405,880,872,"Brendis Blackboro",74,"Non-binary","West Lukeshire","New South Wales",823,"Shearling","Jacket","L","green",66,95.0,117.0,1,117.0,"2021-02-19","2021-03-16",25
4406,880,872,"Brendis Blackboro",74,"Non-binary","West Lukeshire","New South Wales",1215,"Pleated","Trousers","XS","indigo",52,90.0,105.0,2,210.0,"2021-02-19","2021-03-16",25
4407,881,318,"Glyn Tieman",63,"Polygender","Georgiatown","Western Australia",1059,"Joggers","Trousers","XL","orange",44,94.0,93.0,3,279.0,"2021-02-18","2021-03-10",20
4408,881,318,"Glyn Tieman",63,"Polygender","Georgiatown","Western Australia",41,"Dress","Shirt","S","orange",69,119.0,104.0,1,104.0,"2021-02-18","2021-03-10",20
4409,881,318,"Glyn Tieman",63,"Polygender","Georgiatown","Western Australia",1258,"Tracksuit Bottoms","Trousers","L","violet",45,91.0,112.0,1,112.0,"2021-02-18","2021-03-10",20
4410,881,318,"Glyn Tieman",63,"Polygender","Georgiatown","Western Australia",1121,"Cargo Pants","Trousers","S","red",63,106.0,102.0,2,204.0,"2021-02-18","2021-03-10",20
4411,881,318,"Glyn Tieman",63,"Polygender","Georgiatown","Western Australia",1077,"Joggers","Trousers","M","indigo",66,94.0,93.0,2,186.0,"2021-02-18","2021-03-10",20
4412,881,318,"Glyn Tieman",63,"Polygender","Georgiatown","Western Australia",695,"Parka","Jacket","XS","violet",59,119.0,113.0,1,113.0,"2021-02-18","2021-03-10",20
4413,881,318,"Glyn Tieman",63,"Polygender","Georgiatown","Western Australia",177,"Camp Collared","Shirt","M","red",64,112.0,98.0,1,98.0,"2021-02-18","2021-03-10",20
4414,881,318,"Glyn Tieman",63,"Polygender","Georgiatown","Western Australia",721,"Trench Coat","Jacket","S","blue",64,112.0,119.0,2,238.0,"2021-02-18","2021-03-10",20
4415,881,318,"Glyn Tieman",63,"Polygender","Georgiatown","Western Australia",729,"Trench Coat","Jacket","XL","indigo",64,112.0,119.0,1,119.0,"2021-02-18","2021-03-10",20
4416,882,821,"Errol Berkley",74,"Agender","Haleybury","Australian Capital Territory",879,"Cords","Trousers","XL","red",80,113.0,94.0,2,188.0,"2021-07-05","2021-07-07",2
4417,882,821,"Errol Berkley",74,"Agender","Haleybury","Australian Capital Territory",240,"Chambray","Shirt","XS","violet",47,105.0,106.0,1,106.0,"2021-07-05","2021-07-07",2
4418,882,821,"Errol Berkley",74,"Agender","Haleybury","Australian Capital Territory",1013,"Wool","Trousers","L","violet",61,111.0,106.0,1,106.0,"2021-07-05","2021-07-07",2
4419,882,821,"Errol Berkley",74,"Agender","Haleybury","Australian Capital Territory",604,"Cardigan","Jacket","XL","orange",75,118.0,112.0,1,112.0,"2021-07-05","2021-07-07",2
4420,882,821,"Errol Berkley",74,"Agender","Haleybury","Australian Capital Territory",321,"Mandarin Collar","Shirt","S","orange",52,108.0,109.0,2,218.0,"2021-07-05","2021-07-07",2
4421,882,821,"Errol Berkley",74,"Agender","Haleybury","Australian Capital Territory",383,"Henley","Shirt","L","violet",51,92.0,94.0,3,282.0,"2021-07-05","2021-07-07",2
4422,882,821,"Errol Berkley",74,"Agender","Haleybury","Australian Capital Territory",681,"Parka","Jacket","S","green",62,119.0,113.0,3,339.0,"2021-07-05","2021-07-07",2
4423,883,360,"Iain Fellnee",68,"Male","Kingmouth","Northern Territory",1057,"Joggers","Trousers","M","orange",52,94.0,93.0,1,93.0,"2021-02-27","2021-03-05",6
4424,883,360,"Iain Fellnee",68,"Male","Kingmouth","Northern Territory",120,"Denim","Shirt","XS","green",66,115.0,92.0,2,184.0,"2021-02-27","2021-03-05",6
4425,883,360,"Iain Fellnee",68,"Male","Kingmouth","Northern Territory",155,"Linen","Shirt","XS","green",49,116.0,91.0,2,182.0,"2021-02-27","2021-03-05",6
4426,883,360,"Iain Fellnee",68,"Male","Kingmouth","Northern Territory",950,"Slim-Fit","Trousers","XS","orange",69,119.0,97.0,3,291.0,"2021-02-27","2021-03-05",6
4427,883,360,"Iain Fellnee",68,"Male","Kingmouth","Northern Territory",361,"Henley","Shirt","S","yellow",70,92.0,94.0,1,94.0,"2021-02-27","2021-03-05",6
4428,883,360,"Iain Fellnee",68,"Male","Kingmouth","Northern Territory",511,"Windbreaker","Jacket","S","blue",41,109.0,102.0,3,306.0,"2021-02-27","2021-03-05",6
4429,883,360,"Iain Fellnee",68,"Male","Kingmouth","Northern Territory",883,"Cords","Trousers","L","orange",74,113.0,94.0,3,282.0,"2021-02-27","2021-03-05",6
4430,884,62,"Denice Ledrane",32,"Bigender","New Beaumouth","Australian Capital Territory",1037,"Relaxed Leg","Trousers","M","blue",72,95.0,90.0,2,180.0,"2021-08-16","2021-09-08",23
4431,884,62,"Denice Ledrane",32,"Bigender","New Beaumouth","Australian Capital Territory",715,"Trench Coat","Jacket","XS","green",62,112.0,119.0,3,357.0,"2021-08-16","2021-09-08",23
4432,884,62,"Denice Ledrane",32,"Bigender","New Beaumouth","Australian Capital Territory",1198,"Pleated","Trousers","L","orange",53,90.0,105.0,1,105.0,"2021-08-16","2021-09-08",23
4433,884,62,"Denice Ledrane",32,"Bigender","New Beaumouth","Australian Capital Territory",133,"Denim","Shirt","L","indigo",58,115.0,92.0,3,276.0,"2021-08-16","2021-09-08",23
4434,884,62,"Denice Ledrane",32,"Bigender","New Beaumouth","Australian Capital Territory",681,"Parka","Jacket","S","green",62,119.0,113.0,2,226.0,"2021-08-16","2021-09-08",23
4435,884,62,"Denice Ledrane",32,"Bigender","New Beaumouth","Australian Capital Territory",428,"Denim","Jacket","L","orange",73,92.0,107.0,3,321.0,"2021-08-16","2021-09-08",23
4436,884,62,"Denice Ledrane",32,"Bigender","New Beaumouth","Australian Capital Territory",532,"Leather","Jacket","M","orange",80,113.0,98.0,1,98.0,"2021-08-16","2021-09-08",23
4437,884,62,"Denice Ledrane",32,"Bigender","New Beaumouth","Australian Capital Territory",729,"Trench Coat","Jacket","XL","indigo",64,112.0,119.0,3,357.0,"2021-08-16","2021-09-08",23
4438,884,62,"Denice Ledrane",32,"Bigender","New Beaumouth","Australian Capital Territory",1199,"Pleated","Trousers","XL","orange",69,90.0,105.0,1,105.0,"2021-08-16","2021-09-08",23
4439,885,16,"Gabbie Aldwinckle",75,"Male","New Kai","Victoria",511,"Windbreaker","Jacket","S","blue",41,109.0,102.0,2,204.0,"2021-10-18","2021-11-13",26
4440,885,16,"Gabbie Aldwinckle",75,"Male","New Kai","Victoria",930,"Drawstring","Trousers","XS","blue",45,104.0,96.0,3,288.0,"2021-10-18","2021-11-13",26
4441,885,16,"Gabbie Aldwinckle",75,"Male","New Kai","Victoria",1222,"Pleated","Trousers","M","violet",45,90.0,105.0,2,210.0,"2021-10-18","2021-11-13",26
4442,885,16,"Gabbie Aldwinckle",75,"Male","New Kai","Victoria",1012,"Wool","Trousers","M","violet",51,111.0,106.0,3,318.0,"2021-10-18","2021-11-13",26
4443,885,16,"Gabbie Aldwinckle",75,"Male","New Kai","Victoria",71,"Flannel","Shirt","S","red",59,96.0,118.0,2,236.0,"2021-10-18","2021-11-13",26
4444,886,898,"Jillian Sauven",41,"Bigender","Angelinaport","New South Wales",112,"Denim","Shirt","M","orange",50,115.0,92.0,2,184.0,"2021-09-22","2021-10-18",26
4445,886,898,"Jillian Sauven",41,"Bigender","Angelinaport","New South Wales",407,"Casual Slim Fit","Shirt","M","blue",61,113.0,119.0,3,357.0,"2021-09-22","2021-10-18",26
4446,886,898,"Jillian Sauven",41,"Bigender","Angelinaport","New South Wales",466,"Puffer","Jacket","S","yellow",48,110.0,118.0,3,354.0,"2021-09-22","2021-10-18",26
4447,886,898,"Jillian Sauven",41,"Bigender","Angelinaport","New South Wales",792,"Pullover","Jacket","M","blue",44,114.0,91.0,2,182.0,"2021-09-22","2021-10-18",26
4448,886,898,"Jillian Sauven",41,"Bigender","Angelinaport","New South Wales",357,"Henley","Shirt","M","orange",70,92.0,94.0,2,188.0,"2021-09-22","2021-10-18",26
4449,887,669,"Bobbi Pickerill",68,"Genderfluid","Bauchland","Victoria",153,"Linen","Shirt","L","yellow",72,116.0,91.0,1,91.0,"2021-01-27","2021-02-20",24
4450,887,669,"Bobbi Pickerill",68,"Genderfluid","Bauchland","Victoria",356,"Henley","Shirt","S","orange",46,92.0,94.0,2,188.0,"2021-01-27","2021-02-20",24
4451,887,669,"Bobbi Pickerill",68,"Genderfluid","Bauchland","Victoria",905,"Cords","Trousers","XS","violet",76,113.0,94.0,2,188.0,"2021-01-27","2021-02-20",24
4452,887,669,"Bobbi Pickerill",68,"Genderfluid","Bauchland","Victoria",977,"Slim-Fit","Trousers","M","violet",51,119.0,97.0,2,194.0,"2021-01-27","2021-02-20",24
4453,887,669,"Bobbi Pickerill",68,"Genderfluid","Bauchland","Victoria",192,"Camp Collared","Shirt","M","green",41,112.0,98.0,2,196.0,"2021-01-27","2021-02-20",24
4454,888,108,"Merrill Care",57,"Bigender","Port Rosemouth","Queensland",395,"Casual Slim Fit","Shirt","XS","yellow",63,113.0,119.0,2,238.0,"2021-04-20","2021-05-03",13
4455,889,332,"Carla Walework",75,"Male","East George","Northern Territory",577,"Bomber","Jacket","M","green",61,90.0,100.0,2,200.0,"2021-07-31","2021-08-11",11
4456,890,649,"Willey Tolley",74,"Genderfluid","Schneiderbury","Northern Territory",664,"Coach","Jacket","XL","violet",60,115.0,93.0,2,186.0,"2021-06-21","2021-07-07",16
4457,890,649,"Willey Tolley",74,"Genderfluid","Schneiderbury","Northern Territory",1126,"Cargo Pants","Trousers","S","orange",60,106.0,102.0,1,102.0,"2021-06-21","2021-07-07",16
4458,890,649,"Willey Tolley",74,"Genderfluid","Schneiderbury","Northern Territory",1052,"Joggers","Trousers","M","red",43,94.0,93.0,2,186.0,"2021-06-21","2021-07-07",16
4459,890,649,"Willey Tolley",74,"Genderfluid","Schneiderbury","Northern Territory",705,"Trench Coat","Jacket","XS","orange",69,112.0,119.0,3,357.0,"2021-06-21","2021-07-07",16
4460,890,649,"Willey Tolley",74,"Genderfluid","Schneiderbury","Northern Territory",1247,"Tracksuit Bottoms","Trousers","M","blue",61,91.0,112.0,3,336.0,"2021-06-21","2021-07-07",16
4461,890,649,"Willey Tolley",74,"Genderfluid","Schneiderbury","Northern Territory",545,"Leather","Jacket","XS","blue",77,113.0,98.0,1,98.0,"2021-06-21","2021-07-07",16
4462,890,649,"Willey Tolley",74,"Genderfluid","Schneiderbury","Northern Territory",359,"Henley","Shirt","XL","orange",52,92.0,94.0,3,282.0,"2021-06-21","2021-07-07",16
4463,890,649,"Willey Tolley",74,"Genderfluid","Schneiderbury","Northern Territory",838,"Shearling","Jacket","L","violet",61,95.0,117.0,1,117.0,"2021-06-21","2021-07-07",16
4464,890,649,"Willey Tolley",74,"Genderfluid","Schneiderbury","Northern Territory",1121,"Cargo Pants","Trousers","S","red",63,106.0,102.0,3,306.0,"2021-06-21","2021-07-07",16
4465,890,649,"Willey Tolley",74,"Genderfluid","Schneiderbury","Northern Territory",189,"Camp Collared","Shirt","XL","yellow",44,112.0,98.0,3,294.0,"2021-06-21","2021-07-07",16
4466,891,350,"Dani Hawtin",23,"Bigender","North Alex","Victoria",442,"Denim","Jacket","M","blue",61,92.0,107.0,3,321.0,"2021-08-12","2021-08-14",2
4467,891,350,"Dani Hawtin",23,"Bigender","North Alex","Victoria",676,"Parka","Jacket","S","yellow",80,119.0,113.0,1,113.0,"2021-08-12","2021-08-14",2
4468,891,350,"Dani Hawtin",23,"Bigender","North Alex","Victoria",514,"Windbreaker","Jacket","XL","blue",59,109.0,102.0,2,204.0,"2021-08-12","2021-08-14",2
4469,891,350,"Dani Hawtin",23,"Bigender","North Alex","Victoria",71,"Flannel","Shirt","S","red",59,96.0,118.0,3,354.0,"2021-08-12","2021-08-14",2
4470,891,350,"Dani Hawtin",23,"Bigender","North Alex","Victoria",193,"Camp Collared","Shirt","L","green",80,112.0,98.0,3,294.0,"2021-08-12","2021-08-14",2
4471,892,586,"Wenona Stuck",34,"Agender","Hallhaven","New South Wales",983,"Wool","Trousers","L","red",74,111.0,106.0,2,212.0,"2021-04-09","2021-04-11",2
4472,893,854,"Lisle Worthing",74,"Female","Walkertown","Victoria",1118,"Cropped","Trousers","L","violet",40,99.0,115.0,3,345.0,"2021-03-06","2021-03-14",8
4473,893,854,"Lisle Worthing",74,"Female","Walkertown","Victoria",1243,"Tracksuit Bottoms","Trousers","L","green",66,91.0,112.0,2,224.0,"2021-03-06","2021-03-14",8
4474,893,854,"Lisle Worthing",74,"Female","Walkertown","Victoria",838,"Shearling","Jacket","L","violet",61,95.0,117.0,1,117.0,"2021-03-06","2021-03-14",8
4475,893,854,"Lisle Worthing",74,"Female","Walkertown","Victoria",132,"Denim","Shirt","M","indigo",56,115.0,92.0,3,276.0,"2021-03-06","2021-03-14",8
4476,893,854,"Lisle Worthing",74,"Female","Walkertown","Victoria",927,"Drawstring","Trousers","M","green",52,104.0,96.0,2,192.0,"2021-03-06","2021-03-14",8
4477,894,1000,"Mandel Fairbanks",71,"Male","Lake Audreyborough","Tasmania",160,"Linen","Shirt","XS","blue",53,116.0,91.0,3,273.0,"2021-10-11","2021-10-13",2
4478,894,1000,"Mandel Fairbanks",71,"Male","Lake Audreyborough","Tasmania",1117,"Cropped","Trousers","M","violet",47,99.0,115.0,3,345.0,"2021-10-11","2021-10-13",2
4479,894,1000,"Mandel Fairbanks",71,"Male","Lake Audreyborough","Tasmania",1070,"Joggers","Trousers","XS","blue",67,94.0,93.0,3,279.0,"2021-10-11","2021-10-13",2
4480,894,1000,"Mandel Fairbanks",71,"Male","Lake Audreyborough","Tasmania",1177,"High-Waisted","Trousers","M","blue",52,98.0,99.0,2,198.0,"2021-10-11","2021-10-13",2
4481,894,1000,"Mandel Fairbanks",71,"Male","Lake Audreyborough","Tasmania",1239,"Tracksuit Bottoms","Trousers","XL","yellow",59,91.0,112.0,1,112.0,"2021-10-11","2021-10-13",2
4482,894,1000,"Mandel Fairbanks",71,"Male","Lake Audreyborough","Tasmania",109,"Denim","Shirt","XL","red",63,115.0,92.0,3,276.0,"2021-10-11","2021-10-13",2
4483,895,664,"Dannie Fidler",32,"Genderfluid","East Max","Tasmania",89,"Flannel","Shirt","XL","green",77,96.0,118.0,3,354.0,"2021-07-26","2021-08-15",20
4484,895,664,"Dannie Fidler",32,"Genderfluid","East Max","Tasmania",835,"Shearling","Jacket","XS","violet",75,95.0,117.0,1,117.0,"2021-07-26","2021-08-15",20
4485,895,664,"Dannie Fidler",32,"Genderfluid","East Max","Tasmania",600,"Cardigan","Jacket","XS","orange",46,118.0,112.0,2,224.0,"2021-07-26","2021-08-15",20
4486,895,664,"Dannie Fidler",32,"Genderfluid","East Max","Tasmania",643,"Coach","Jacket","L","yellow",53,115.0,93.0,1,93.0,"2021-07-26","2021-08-15",20
4487,895,664,"Dannie Fidler",32,"Genderfluid","East Max","Tasmania",70,"Flannel","Shirt","XS","red",42,96.0,118.0,2,236.0,"2021-07-26","2021-08-15",20
4488,895,664,"Dannie Fidler",32,"Genderfluid","East Max","Tasmania",700,"Trench Coat","Jacket","XS","red",78,112.0,119.0,1,119.0,"2021-07-26","2021-08-15",20
4489,896,446,"Benny Songist",47,"Non-binary","North Lukeshire","Tasmania",621,"Cardigan","Jacket","S","indigo",61,118.0,112.0,3,336.0,"2021-03-14","2021-03-31",17
4490,896,446,"Benny Songist",47,"Non-binary","North Lukeshire","Tasmania",388,"Casual Slim Fit","Shirt","L","red",78,113.0,119.0,2,238.0,"2021-03-14","2021-03-31",17
4491,896,446,"Benny Songist",47,"Non-binary","North Lukeshire","Tasmania",124,"Denim","Shirt","XL","green",52,115.0,92.0,2,184.0,"2021-03-14","2021-03-31",17
4492,896,446,"Benny Songist",47,"Non-binary","North Lukeshire","Tasmania",1072,"Joggers","Trousers","M","blue",78,94.0,93.0,1,93.0,"2021-03-14","2021-03-31",17
4493,896,446,"Benny Songist",47,"Non-binary","North Lukeshire","Tasmania",905,"Cords","Trousers","XS","violet",76,113.0,94.0,1,94.0,"2021-03-14","2021-03-31",17
4494,897,278,"Michele Osmant",73,"Non-binary","North Josephmouth","Queensland",30,"Oxford Cloth","Shirt","XS","violet",74,114.0,96.0,3,288.0,"2021-08-26","2021-09-17",22
4495,897,278,"Michele Osmant",73,"Non-binary","North Josephmouth","Queensland",91,"Flannel","Shirt","S","blue",43,96.0,118.0,3,354.0,"2021-08-26","2021-09-17",22
4496,897,278,"Michele Osmant",73,"Non-binary","North Josephmouth","Queensland",331,"Mandarin Collar","Shirt","S","green",74,108.0,109.0,1,109.0,"2021-08-26","2021-09-17",22
4497,897,278,"Michele Osmant",73,"Non-binary","North Josephmouth","Queensland",589,"Bomber","Jacket","XL","indigo",50,90.0,100.0,2,200.0,"2021-08-26","2021-09-17",22
4498,897,278,"Michele Osmant",73,"Non-binary","North Josephmouth","Queensland",819,"Shearling","Jacket","XL","yellow",63,95.0,117.0,1,117.0,"2021-08-26","2021-09-17",22
4499,897,278,"Michele Osmant",73,"Non-binary","North Josephmouth","Queensland",873,"Chinos","Trousers","L","violet",62,100.0,113.0,1,113.0,"2021-08-26","2021-09-17",22
4500,897,278,"Michele Osmant",73,"Non-binary","North Josephmouth","Queensland",820,"Shearling","Jacket","XS","green",74,95.0,117.0,3,351.0,"2021-08-26","2021-09-17",22
4501,897,278,"Michele Osmant",73,"Non-binary","North Josephmouth","Queensland",546,"Leather","Jacket","S","blue",75,113.0,98.0,3,294.0,"2021-08-26","2021-09-17",22
4502,898,465,"Mallory Castellani",38,"Female","Williammouth","Victoria",970,"Slim-Fit","Trousers","XS","indigo",74,119.0,97.0,3,291.0,"2021-06-30","2021-07-04",4
4503,898,465,"Mallory Castellani",38,"Female","Williammouth","Victoria",212,"Chambray","Shirt","M","red",48,105.0,106.0,3,318.0,"2021-06-30","2021-07-04",4
4504,898,465,"Mallory Castellani",38,"Female","Williammouth","Victoria",207,"Camp Collared","Shirt","M","violet",41,112.0,98.0,2,196.0,"2021-06-30","2021-07-04",4
4505,898,465,"Mallory Castellani",38,"Female","Williammouth","Victoria",366,"Henley","Shirt","S","green",68,92.0,94.0,1,94.0,"2021-06-30","2021-07-04",4
4506,898,465,"Mallory Castellani",38,"Female","Williammouth","Victoria",911,"Drawstring","Trousers","S","red",64,104.0,96.0,2,192.0,"2021-06-30","2021-07-04",4
4507,898,465,"Mallory Castellani",38,"Female","Williammouth","Victoria",28,"Oxford Cloth","Shirt","L","indigo",70,114.0,96.0,3,288.0,"2021-06-30","2021-07-04",4
4508,899,408,"Alis MacCulloch",66,"Genderfluid","Lake Haydenton","Australian Capital Territory",712,"Trench Coat","Jacket","M","yellow",54,112.0,119.0,3,357.0,"2021-08-04","2021-08-14",10
4509,899,408,"Alis MacCulloch",66,"Genderfluid","Lake Haydenton","Australian Capital Territory",112,"Denim","Shirt","M","orange",50,115.0,92.0,2,184.0,"2021-08-04","2021-08-14",10
4510,899,408,"Alis MacCulloch",66,"Genderfluid","Lake Haydenton","Australian Capital Territory",412,"Casual Slim Fit","Shirt","M","indigo",65,113.0,119.0,2,238.0,"2021-08-04","2021-08-14",10
4511,899,408,"Alis MacCulloch",66,"Genderfluid","Lake Haydenton","Australian Capital Territory",1147,"Cargo Pants","Trousers","M","indigo",51,106.0,102.0,3,306.0,"2021-08-04","2021-08-14",10
4512,900,409,"Alphonse Galego",75,"Male","New Chase","Australian Capital Territory",636,"Coach","Jacket","S","orange",55,115.0,93.0,2,186.0,"2021-07-07","2021-07-24",17
4513,900,409,"Alphonse Galego",75,"Male","New Chase","Australian Capital Territory",609,"Cardigan","Jacket","XL","yellow",42,118.0,112.0,1,112.0,"2021-07-07","2021-07-24",17
4514,900,409,"Alphonse Galego",75,"Male","New Chase","Australian Capital Territory",406,"Casual Slim Fit","Shirt","S","blue",75,113.0,119.0,1,119.0,"2021-07-07","2021-07-24",17
4515,900,409,"Alphonse Galego",75,"Male","New Chase","Australian Capital Territory",1108,"Cropped","Trousers","L","blue",45,99.0,115.0,3,345.0,"2021-07-07","2021-07-24",17
4516,900,409,"Alphonse Galego",75,"Male","New Chase","Australian Capital Territory",820,"Shearling","Jacket","XS","green",74,95.0,117.0,2,234.0,"2021-07-07","2021-07-24",17
4517,900,409,"Alphonse Galego",75,"Male","New Chase","Australian Capital Territory",679,"Parka","Jacket","XL","yellow",44,119.0,113.0,3,339.0,"2021-07-07","2021-07-24",17
4518,901,305,"Meryl Kender",25,"Genderqueer","Lake Aidan","Australian Capital Territory",1144,"Cargo Pants","Trousers","XL","blue",57,106.0,102.0,2,204.0,"2021-05-05","2021-05-06",1
4519,901,305,"Meryl Kender",25,"Genderqueer","Lake Aidan","Australian Capital Territory",927,"Drawstring","Trousers","M","green",52,104.0,96.0,1,96.0,"2021-05-05","2021-05-06",1
4520,901,305,"Meryl Kender",25,"Genderqueer","Lake Aidan","Australian Capital Territory",207,"Camp Collared","Shirt","M","violet",41,112.0,98.0,3,294.0,"2021-05-05","2021-05-06",1
4521,901,305,"Meryl Kender",25,"Genderqueer","Lake Aidan","Australian Capital Territory",650,"Coach","Jacket","XS","blue",51,115.0,93.0,2,186.0,"2021-05-05","2021-05-06",1
4522,901,305,"Meryl Kender",25,"Genderqueer","Lake Aidan","Australian Capital Territory",441,"Denim","Jacket","S","blue",56,92.0,107.0,1,107.0,"2021-05-05","2021-05-06",1
4523,902,553,"Niels Loadsman",30,"Genderfluid","Kaiview","New South Wales",21,"Oxford Cloth","Shirt","S","blue",51,114.0,96.0,1,96.0,"2021-01-12","2021-01-15",3
4524,902,553,"Niels Loadsman",30,"Genderfluid","Kaiview","New South Wales",683,"Parka","Jacket","L","green",55,119.0,113.0,2,226.0,"2021-01-12","2021-01-15",3
4525,902,553,"Niels Loadsman",30,"Genderfluid","Kaiview","New South Wales",118,"Denim","Shirt","L","yellow",75,115.0,92.0,1,92.0,"2021-01-12","2021-01-15",3
4526,902,553,"Niels Loadsman",30,"Genderfluid","Kaiview","New South Wales",892,"Cords","Trousers","M","green",76,113.0,94.0,2,188.0,"2021-01-12","2021-01-15",3
4527,902,553,"Niels Loadsman",30,"Genderfluid","Kaiview","New South Wales",365,"Henley","Shirt","XS","green",61,92.0,94.0,1,94.0,"2021-01-12","2021-01-15",3
4528,902,553,"Niels Loadsman",30,"Genderfluid","Kaiview","New South Wales",568,"Bomber","Jacket","L","orange",71,90.0,100.0,3,300.0,"2021-01-12","2021-01-15",3
4529,903,789,"Bone Perche",36,"Genderqueer","Aliceland","Western Australia",516,"Windbreaker","Jacket","S","indigo",62,109.0,102.0,2,204.0,"2021-01-05","2021-01-21",16
4530,903,789,"Bone Perche",36,"Genderqueer","Aliceland","Western Australia",121,"Denim","Shirt","S","green",49,115.0,92.0,1,92.0,"2021-01-05","2021-01-21",16
4531,903,789,"Bone Perche",36,"Genderqueer","Aliceland","Western Australia",651,"Coach","Jacket","S","blue",47,115.0,93.0,2,186.0,"2021-01-05","2021-01-21",16
4532,903,789,"Bone Perche",36,"Genderqueer","Aliceland","Western Australia",992,"Wool","Trousers","M","yellow",43,111.0,106.0,2,212.0,"2021-01-05","2021-01-21",16
4533,903,789,"Bone Perche",36,"Genderqueer","Aliceland","Western Australia",420,"Denim","Jacket","XS","red",60,92.0,107.0,3,321.0,"2021-01-05","2021-01-21",16
4534,903,789,"Bone Perche",36,"Genderqueer","Aliceland","Western Australia",1132,"Cargo Pants","Trousers","M","yellow",72,106.0,102.0,1,102.0,"2021-01-05","2021-01-21",16
4535,904,980,"Sharleen Langworthy",35,"Agender","Isaacberg","South Australia",1098,"Cropped","Trousers","L","yellow",60,99.0,115.0,3,345.0,"2021-03-24","2021-04-07",14
4536,904,980,"Sharleen Langworthy",35,"Agender","Isaacberg","South Australia",148,"Linen","Shirt","L","orange",73,116.0,91.0,3,273.0,"2021-03-24","2021-04-07",14
4537,904,980,"Sharleen Langworthy",35,"Agender","Isaacberg","South Australia",1096,"Cropped","Trousers","S","yellow",65,99.0,115.0,3,345.0,"2021-03-24","2021-04-07",14
4538,904,980,"Sharleen Langworthy",35,"Agender","Isaacberg","South Australia",1240,"Tracksuit Bottoms","Trousers","XS","green",69,91.0,112.0,1,112.0,"2021-03-24","2021-04-07",14
4539,904,980,"Sharleen Langworthy",35,"Agender","Isaacberg","South Australia",150,"Linen","Shirt","XS","yellow",55,116.0,91.0,2,182.0,"2021-03-24","2021-04-07",14
4540,905,439,"Daren Airs",75,"Female","West Thomas","Victoria",486,"Puffer","Jacket","S","violet",46,110.0,118.0,3,354.0,"2021-01-11","2021-01-23",12
4541,905,439,"Daren Airs",75,"Female","West Thomas","Victoria",79,"Flannel","Shirt","XL","orange",50,96.0,118.0,1,118.0,"2021-01-11","2021-01-23",12
4542,905,439,"Daren Airs",75,"Female","West Thomas","Victoria",870,"Chinos","Trousers","XS","violet",72,100.0,113.0,2,226.0,"2021-01-11","2021-01-23",12
4543,906,870,"Lorenzo Dutch",49,"Genderfluid","Lake Ashleyhaven","Queensland",97,"Flannel","Shirt","M","indigo",69,96.0,118.0,1,118.0,"2021-01-21","2021-02-04",14
4544,906,870,"Lorenzo Dutch",49,"Genderfluid","Lake Ashleyhaven","Queensland",569,"Bomber","Jacket","XL","orange",69,90.0,100.0,2,200.0,"2021-01-21","2021-02-04",14
4545,906,870,"Lorenzo Dutch",49,"Genderfluid","Lake Ashleyhaven","Queensland",543,"Leather","Jacket","L","green",71,113.0,98.0,1,98.0,"2021-01-21","2021-02-04",14
4546,906,870,"Lorenzo Dutch",49,"Genderfluid","Lake Ashleyhaven","Queensland",727,"Trench Coat","Jacket","M","indigo",42,112.0,119.0,3,357.0,"2021-01-21","2021-02-04",14
4547,906,870,"Lorenzo Dutch",49,"Genderfluid","Lake Ashleyhaven","Queensland",1027,"Relaxed Leg","Trousers","M","yellow",68,95.0,90.0,1,90.0,"2021-01-21","2021-02-04",14
4548,907,971,"Constance Piddington",27,"Genderfluid","East Chasehaven","Queensland",121,"Denim","Shirt","S","green",49,115.0,92.0,1,92.0,"2021-08-15","2021-08-17",2
4549,907,971,"Constance Piddington",27,"Genderfluid","East Chasehaven","Queensland",115,"Denim","Shirt","XS","yellow",54,115.0,92.0,1,92.0,"2021-08-15","2021-08-17",2
4550,907,971,"Constance Piddington",27,"Genderfluid","East Chasehaven","Queensland",559,"Leather","Jacket","XL","violet",58,113.0,98.0,2,196.0,"2021-08-15","2021-08-17",2
4551,908,422,"Farah Schukert",34,"Agender","Feeneymouth","Queensland",635,"Coach","Jacket","XS","orange",42,115.0,93.0,2,186.0,"2021-03-15","2021-04-08",24
4552,908,422,"Farah Schukert",34,"Agender","Feeneymouth","Queensland",132,"Denim","Shirt","M","indigo",56,115.0,92.0,2,184.0,"2021-03-15","2021-04-08",24
4553,908,422,"Farah Schukert",34,"Agender","Feeneymouth","Queensland",196,"Camp Collared","Shirt","S","blue",75,112.0,98.0,3,294.0,"2021-03-15","2021-04-08",24
4554,908,422,"Farah Schukert",34,"Agender","Feeneymouth","Queensland",49,"Dress","Shirt","XL","yellow",75,119.0,104.0,1,104.0,"2021-03-15","2021-04-08",24
4555,908,422,"Farah Schukert",34,"Agender","Feeneymouth","Queensland",1054,"Joggers","Trousers","XL","red",58,94.0,93.0,3,279.0,"2021-03-15","2021-04-08",24
4556,908,422,"Farah Schukert",34,"Agender","Feeneymouth","Queensland",817,"Shearling","Jacket","M","yellow",60,95.0,117.0,3,351.0,"2021-03-15","2021-04-08",24
4557,908,422,"Farah Schukert",34,"Agender","Feeneymouth","Queensland",141,"Linen","Shirt","S","red",67,116.0,91.0,1,91.0,"2021-03-15","2021-04-08",24
4558,908,422,"Farah Schukert",34,"Agender","Feeneymouth","Queensland",631,"Coach","Jacket","S","red",76,115.0,93.0,3,279.0,"2021-03-15","2021-04-08",24
4559,908,422,"Farah Schukert",34,"Agender","Feeneymouth","Queensland",238,"Chambray","Shirt","L","indigo",79,105.0,106.0,2,212.0,"2021-03-15","2021-04-08",24
4560,908,422,"Farah Schukert",34,"Agender","Feeneymouth","Queensland",842,"Chinos","Trousers","M","red",54,100.0,113.0,1,113.0,"2021-03-15","2021-04-08",24
4561,909,465,"Mallory Castellani",38,"Female","Williammouth","Victoria",1218,"Pleated","Trousers","L","indigo",73,90.0,105.0,1,105.0,"2021-07-18","2021-08-09",22
4562,909,465,"Mallory Castellani",38,"Female","Williammouth","Victoria",613,"Cardigan","Jacket","L","green",63,118.0,112.0,1,112.0,"2021-07-18","2021-08-09",22
4563,909,465,"Mallory Castellani",38,"Female","Williammouth","Victoria",309,"Cuban Collar","Shirt","XL","indigo",53,93.0,105.0,3,315.0,"2021-07-18","2021-08-09",22
4564,909,465,"Mallory Castellani",38,"Female","Williammouth","Victoria",158,"Linen","Shirt","L","green",72,116.0,91.0,3,273.0,"2021-07-18","2021-08-09",22
4565,909,465,"Mallory Castellani",38,"Female","Williammouth","Victoria",1169,"High-Waisted","Trousers","XL","yellow",78,98.0,99.0,3,297.0,"2021-07-18","2021-08-09",22
4566,909,465,"Mallory Castellani",38,"Female","Williammouth","Victoria",507,"Windbreaker","Jacket","M","green",63,109.0,102.0,3,306.0,"2021-07-18","2021-08-09",22
4567,910,738,"Lilyan Pirt",55,"Genderqueer","Hollyfort","Northern Territory",465,"Puffer","Jacket","XS","yellow",55,110.0,118.0,3,354.0,"2021-01-27","2021-02-06",10
4568,910,738,"Lilyan Pirt",55,"Genderqueer","Hollyfort","Northern Territory",908,"Cords","Trousers","L","violet",74,113.0,94.0,2,188.0,"2021-01-27","2021-02-06",10
4569,910,738,"Lilyan Pirt",55,"Genderqueer","Hollyfort","Northern Territory",293,"Cuban Collar","Shirt","L","yellow",77,93.0,105.0,2,210.0,"2021-01-27","2021-02-06",10
4570,910,738,"Lilyan Pirt",55,"Genderqueer","Hollyfort","Northern Territory",21,"Oxford Cloth","Shirt","S","blue",51,114.0,96.0,2,192.0,"2021-01-27","2021-02-06",10
4571,910,738,"Lilyan Pirt",55,"Genderqueer","Hollyfort","Northern Territory",34,"Oxford Cloth","Shirt","XL","violet",54,114.0,96.0,2,192.0,"2021-01-27","2021-02-06",10
4572,911,189,"Deedee Pashe",28,"Bigender","Lake Abigailhaven","Western Australia",979,"Slim-Fit","Trousers","XL","violet",48,119.0,97.0,1,97.0,"2021-08-23","2021-09-06",14
4573,911,189,"Deedee Pashe",28,"Bigender","Lake Abigailhaven","Western Australia",372,"Henley","Shirt","M","blue",42,92.0,94.0,2,188.0,"2021-08-23","2021-09-06",14
4574,911,189,"Deedee Pashe",28,"Bigender","Lake Abigailhaven","Western Australia",915,"Drawstring","Trousers","XS","orange",41,104.0,96.0,1,96.0,"2021-08-23","2021-09-06",14
4575,911,189,"Deedee Pashe",28,"Bigender","Lake Abigailhaven","Western Australia",87,"Flannel","Shirt","M","green",66,96.0,118.0,1,118.0,"2021-08-23","2021-09-06",14
4576,912,780,"Cinda Alleyne",55,"Genderfluid","Caitlinview","Victoria",1060,"Joggers","Trousers","XS","yellow",62,94.0,93.0,3,279.0,"2021-08-23","2021-09-09",17
4577,913,597,"Hi Simenel",80,"Genderfluid","Lake Michaelbury","South Australia",761,"Peacoat","Jacket","S","indigo",49,102.0,109.0,1,109.0,"2021-04-03","2021-04-19",16
4578,913,597,"Hi Simenel",80,"Genderfluid","Lake Michaelbury","South Australia",222,"Chambray","Shirt","M","yellow",62,105.0,106.0,3,318.0,"2021-04-03","2021-04-19",16
4579,914,577,"Hillier Seward",32,"Genderfluid","Heaneyview","South Australia",123,"Denim","Shirt","L","green",71,115.0,92.0,3,276.0,"2021-05-09","2021-05-12",3
4580,914,577,"Hillier Seward",32,"Genderfluid","Heaneyview","South Australia",1114,"Cropped","Trousers","XL","indigo",58,99.0,115.0,2,230.0,"2021-05-09","2021-05-12",3
4581,915,266,"Sheff Ruoss",55,"Non-binary","Laylabury","New South Wales",236,"Chambray","Shirt","S","indigo",59,105.0,106.0,2,212.0,"2021-04-17","2021-05-04",17
4582,915,266,"Sheff Ruoss",55,"Non-binary","Laylabury","New South Wales",216,"Chambray","Shirt","S","orange",69,105.0,106.0,1,106.0,"2021-04-17","2021-05-04",17
4583,915,266,"Sheff Ruoss",55,"Non-binary","Laylabury","New South Wales",23,"Oxford Cloth","Shirt","L","blue",59,114.0,96.0,1,96.0,"2021-04-17","2021-05-04",17
4584,915,266,"Sheff Ruoss",55,"Non-binary","Laylabury","New South Wales",53,"Dress","Shirt","L","green",52,119.0,104.0,1,104.0,"2021-04-17","2021-05-04",17
4585,915,266,"Sheff Ruoss",55,"Non-binary","Laylabury","New South Wales",575,"Bomber","Jacket","XS","green",48,90.0,100.0,3,300.0,"2021-04-17","2021-05-04",17
4586,915,266,"Sheff Ruoss",55,"Non-binary","Laylabury","New South Wales",1131,"Cargo Pants","Trousers","S","yellow",48,106.0,102.0,3,306.0,"2021-04-17","2021-05-04",17
4587,915,266,"Sheff Ruoss",55,"Non-binary","Laylabury","New South Wales",1171,"High-Waisted","Trousers","S","green",73,98.0,99.0,2,198.0,"2021-04-17","2021-05-04",17
4588,915,266,"Sheff Ruoss",55,"Non-binary","Laylabury","New South Wales",1000,"Wool","Trousers","XS","blue",58,111.0,106.0,1,106.0,"2021-04-17","2021-05-04",17
4589,916,189,"Deedee Pashe",28,"Bigender","Lake Abigailhaven","Western Australia",904,"Cords","Trousers","XL","indigo",70,113.0,94.0,1,94.0,"2021-10-12","2021-10-19",7
4590,916,189,"Deedee Pashe",28,"Bigender","Lake Abigailhaven","Western Australia",324,"Mandarin Collar","Shirt","XL","orange",59,108.0,109.0,1,109.0,"2021-10-12","2021-10-19",7
4591,916,189,"Deedee Pashe",28,"Bigender","Lake Abigailhaven","Western Australia",118,"Denim","Shirt","L","yellow",75,115.0,92.0,1,92.0,"2021-10-12","2021-10-19",7
4592,917,750,"Mirabelle Vaney",42,"Polygender","Baumbachton","Victoria",345,"Mandarin Collar","Shirt","XS","violet",52,108.0,109.0,1,109.0,"2021-01-02","2021-01-12",10
4593,918,965,"Terri Lunny",75,"Bigender","New Callumtown","Western Australia",539,"Leather","Jacket","XL","yellow",67,113.0,98.0,3,294.0,"2021-03-07","2021-04-03",27
4594,918,965,"Terri Lunny",75,"Bigender","New Callumtown","Western Australia",1119,"Cropped","Trousers","XL","violet",64,99.0,115.0,2,230.0,"2021-03-07","2021-04-03",27
4595,919,97,"Dean McLarty",39,"Female","North Ellabury","Northern Territory",932,"Drawstring","Trousers","M","blue",41,104.0,96.0,1,96.0,"2021-06-29","2021-07-21",22
4596,920,703,"Diann Grieger",26,"Polygender","Port Joeltown","South Australia",1212,"Pleated","Trousers","M","blue",66,90.0,105.0,2,210.0,"2021-07-26","2021-08-16",21
4597,920,703,"Diann Grieger",26,"Polygender","Port Joeltown","South Australia",540,"Leather","Jacket","XS","green",57,113.0,98.0,3,294.0,"2021-07-26","2021-08-16",21
4598,920,703,"Diann Grieger",26,"Polygender","Port Joeltown","South Australia",1000,"Wool","Trousers","XS","blue",58,111.0,106.0,3,318.0,"2021-07-26","2021-08-16",21
4599,920,703,"Diann Grieger",26,"Polygender","Port Joeltown","South Australia",609,"Cardigan","Jacket","XL","yellow",42,118.0,112.0,3,336.0,"2021-07-26","2021-08-16",21
4600,920,703,"Diann Grieger",26,"Polygender","Port Joeltown","South Australia",502,"Windbreaker","Jacket","M","yellow",52,109.0,102.0,1,102.0,"2021-07-26","2021-08-16",21
4601,920,703,"Diann Grieger",26,"Polygender","Port Joeltown","South Australia",791,"Pullover","Jacket","S","blue",73,114.0,91.0,2,182.0,"2021-07-26","2021-08-16",21
4602,920,703,"Diann Grieger",26,"Polygender","Port Joeltown","South Australia",943,"Drawstring","Trousers","L","violet",62,104.0,96.0,3,288.0,"2021-07-26","2021-08-16",21
4603,921,418,"Luelle Fernanando",57,"Agender","North Sebastianberg","Australian Capital Territory",494,"Windbreaker","Jacket","XL","red",48,109.0,102.0,2,204.0,"2021-02-17","2021-02-18",1
4604,921,418,"Luelle Fernanando",57,"Agender","North Sebastianberg","Australian Capital Territory",1080,"Joggers","Trousers","XS","violet",50,94.0,93.0,2,186.0,"2021-02-17","2021-02-18",1
4605,921,418,"Luelle Fernanando",57,"Agender","North Sebastianberg","Australian Capital Territory",573,"Bomber","Jacket","L","yellow",54,90.0,100.0,3,300.0,"2021-02-17","2021-02-18",1
4606,922,703,"Diann Grieger",26,"Polygender","Port Joeltown","South Australia",1231,"Tracksuit Bottoms","Trousers","S","orange",59,91.0,112.0,2,224.0,"2021-10-10","2021-11-02",23
4607,922,703,"Diann Grieger",26,"Polygender","Port Joeltown","South Australia",173,"Linen","Shirt","L","violet",70,116.0,91.0,3,273.0,"2021-10-10","2021-11-02",23
4608,923,767,"Waylin Gasson",37,"Genderqueer","West Kai","South Australia",655,"Coach","Jacket","XS","indigo",42,115.0,93.0,3,279.0,"2021-07-05","2021-07-26",21
4609,923,767,"Waylin Gasson",37,"Genderqueer","West Kai","South Australia",445,"Denim","Jacket","XS","indigo",75,92.0,107.0,2,214.0,"2021-07-05","2021-07-26",21
4610,923,767,"Waylin Gasson",37,"Genderqueer","West Kai","South Australia",462,"Puffer","Jacket","M","orange",61,110.0,118.0,3,354.0,"2021-07-05","2021-07-26",21
4611,923,767,"Waylin Gasson",37,"Genderqueer","West Kai","South Australia",739,"Peacoat","Jacket","XL","red",58,102.0,109.0,2,218.0,"2021-07-05","2021-07-26",21
4612,923,767,"Waylin Gasson",37,"Genderqueer","West Kai","South Australia",222,"Chambray","Shirt","M","yellow",62,105.0,106.0,1,106.0,"2021-07-05","2021-07-26",21
4613,923,767,"Waylin Gasson",37,"Genderqueer","West Kai","South Australia",427,"Denim","Jacket","M","orange",48,92.0,107.0,3,321.0,"2021-07-05","2021-07-26",21
4614,924,786,"Lorine McLugish",23,"Agender","Graceville","New South Wales",38,"Dress","Shirt","L","red",79,119.0,104.0,2,208.0,"2021-04-04","2021-04-18",14
4615,924,786,"Lorine McLugish",23,"Agender","Graceville","New South Wales",1176,"High-Waisted","Trousers","S","blue",75,98.0,99.0,1,99.0,"2021-04-04","2021-04-18",14
4616,924,786,"Lorine McLugish",23,"Agender","Graceville","New South Wales",218,"Chambray","Shirt","L","orange",44,105.0,106.0,2,212.0,"2021-04-04","2021-04-18",14
4617,925,272,"Kendre Etherton",22,"Genderqueer","New Angelinaberg","Victoria",880,"Cords","Trousers","XS","orange",70,113.0,94.0,1,94.0,"2021-07-16","2021-08-12",27
4618,925,272,"Kendre Etherton",22,"Genderqueer","New Angelinaberg","Victoria",629,"Cardigan","Jacket","XL","violet",64,118.0,112.0,2,224.0,"2021-07-16","2021-08-12",27
4619,925,272,"Kendre Etherton",22,"Genderqueer","New Angelinaberg","Victoria",511,"Windbreaker","Jacket","S","blue",41,109.0,102.0,3,306.0,"2021-07-16","2021-08-12",27
4620,925,272,"Kendre Etherton",22,"Genderqueer","New Angelinaberg","Victoria",440,"Denim","Jacket","XS","blue",49,92.0,107.0,1,107.0,"2021-07-16","2021-08-12",27
4621,925,272,"Kendre Etherton",22,"Genderqueer","New Angelinaberg","Victoria",209,"Camp Collared","Shirt","XL","violet",40,112.0,98.0,2,196.0,"2021-07-16","2021-08-12",27
4622,926,123,"Yardley Dreamer",22,"Female","Jordanborough","Tasmania",426,"Denim","Jacket","S","orange",51,92.0,107.0,2,214.0,"2021-02-08","2021-02-18",10
4623,926,123,"Yardley Dreamer",22,"Female","Jordanborough","Tasmania",469,"Puffer","Jacket","XL","yellow",65,110.0,118.0,2,236.0,"2021-02-08","2021-02-18",10
4624,926,123,"Yardley Dreamer",22,"Female","Jordanborough","Tasmania",839,"Shearling","Jacket","XL","violet",70,95.0,117.0,1,117.0,"2021-02-08","2021-02-18",10
4625,926,123,"Yardley Dreamer",22,"Female","Jordanborough","Tasmania",810,"Shearling","Jacket","XS","orange",54,95.0,117.0,2,234.0,"2021-02-08","2021-02-18",10
4626,926,123,"Yardley Dreamer",22,"Female","Jordanborough","Tasmania",865,"Chinos","Trousers","XS","indigo",61,100.0,113.0,1,113.0,"2021-02-08","2021-02-18",10
4627,926,123,"Yardley Dreamer",22,"Female","Jordanborough","Tasmania",661,"Coach","Jacket","S","violet",74,115.0,93.0,1,93.0,"2021-02-08","2021-02-18",10
4628,926,123,"Yardley Dreamer",22,"Female","Jordanborough","Tasmania",1148,"Cargo Pants","Trousers","L","indigo",46,106.0,102.0,3,306.0,"2021-02-08","2021-02-18",10
4629,927,963,"Albina Disdel",47,"Genderqueer","West Luke","Northern Territory",539,"Leather","Jacket","XL","yellow",67,113.0,98.0,3,294.0,"2021-08-02","2021-08-06",4
4630,927,963,"Albina Disdel",47,"Genderqueer","West Luke","Northern Territory",390,"Casual Slim Fit","Shirt","XS","orange",43,113.0,119.0,3,357.0,"2021-08-02","2021-08-06",4
4631,927,963,"Albina Disdel",47,"Genderqueer","West Luke","Northern Territory",108,"Denim","Shirt","L","red",52,115.0,92.0,2,184.0,"2021-08-02","2021-08-06",4
4632,927,963,"Albina Disdel",47,"Genderqueer","West Luke","Northern Territory",1160,"High-Waisted","Trousers","XS","orange",55,98.0,99.0,3,297.0,"2021-08-02","2021-08-06",4
4633,928,801,"Morgana Weymouth",64,"Female","Blakeborough","Australian Capital Territory",22,"Oxford Cloth","Shirt","M","blue",57,114.0,96.0,1,96.0,"2021-10-14","2021-10-19",5
4634,928,801,"Morgana Weymouth",64,"Female","Blakeborough","Australian Capital Territory",400,"Casual Slim Fit","Shirt","XS","green",69,113.0,119.0,1,119.0,"2021-10-14","2021-10-19",5
4635,928,801,"Morgana Weymouth",64,"Female","Blakeborough","Australian Capital Territory",67,"Dress","Shirt","M","violet",41,119.0,104.0,1,104.0,"2021-10-14","2021-10-19",5
4636,928,801,"Morgana Weymouth",64,"Female","Blakeborough","Australian Capital Territory",421,"Denim","Jacket","S","red",69,92.0,107.0,1,107.0,"2021-10-14","2021-10-19",5
4637,928,801,"Morgana Weymouth",64,"Female","Blakeborough","Australian Capital Territory",290,"Cuban Collar","Shirt","XS","yellow",78,93.0,105.0,1,105.0,"2021-10-14","2021-10-19",5
4638,928,801,"Morgana Weymouth",64,"Female","Blakeborough","Australian Capital Territory",1105,"Cropped","Trousers","XS","blue",47,99.0,115.0,2,230.0,"2021-10-14","2021-10-19",5
4639,928,801,"Morgana Weymouth",64,"Female","Blakeborough","Australian Capital Territory",922,"Drawstring","Trousers","M","yellow",55,104.0,96.0,2,192.0,"2021-10-14","2021-10-19",5
4640,929,397,"Collie Jakel",50,"Female","Isabellaton","Australian Capital Territory",1157,"High-Waisted","Trousers","M","red",59,98.0,99.0,2,198.0,"2021-01-31","2021-02-06",6
4641,929,397,"Collie Jakel",50,"Female","Isabellaton","Australian Capital Territory",167,"Linen","Shirt","M","indigo",72,116.0,91.0,3,273.0,"2021-01-31","2021-02-06",6
4642,929,397,"Collie Jakel",50,"Female","Isabellaton","Australian Capital Territory",803,"Pullover","Jacket","L","violet",78,114.0,91.0,2,182.0,"2021-01-31","2021-02-06",6
4643,929,397,"Collie Jakel",50,"Female","Isabellaton","Australian Capital Territory",256,"Polo","Shirt","S","yellow",77,117.0,95.0,1,95.0,"2021-01-31","2021-02-06",6
4644,930,150,"Biddy Devanney",26,"Male","Harryburgh","Tasmania",276,"Polo","Shirt","S","violet",43,117.0,95.0,3,285.0,"2021-06-22","2021-06-30",8
4645,930,150,"Biddy Devanney",26,"Male","Harryburgh","Tasmania",1176,"High-Waisted","Trousers","S","blue",75,98.0,99.0,2,198.0,"2021-06-22","2021-06-30",8
4646,930,150,"Biddy Devanney",26,"Male","Harryburgh","Tasmania",389,"Casual Slim Fit","Shirt","XL","red",47,113.0,119.0,2,238.0,"2021-06-22","2021-06-30",8
4647,931,502,"Neilla Halladey",34,"Male","East Aidan","Australian Capital Territory",1241,"Tracksuit Bottoms","Trousers","S","green",72,91.0,112.0,1,112.0,"2021-06-04","2021-06-19",15
4648,931,502,"Neilla Halladey",34,"Male","East Aidan","Australian Capital Territory",1025,"Relaxed Leg","Trousers","XS","yellow",44,95.0,90.0,2,180.0,"2021-06-04","2021-06-19",15
4649,932,45,"Vicki Stockwell",27,"Male","Leofurt","Australian Capital Territory",382,"Henley","Shirt","M","violet",44,92.0,94.0,3,282.0,"2021-08-22","2021-08-23",1
4650,932,45,"Vicki Stockwell",27,"Male","Leofurt","Australian Capital Territory",821,"Shearling","Jacket","S","green",66,95.0,117.0,1,117.0,"2021-08-22","2021-08-23",1
4651,933,595,"Thomasine Baudet",60,"Female","Ameliaview","South Australia",958,"Slim-Fit","Trousers","L","yellow",64,119.0,97.0,3,291.0,"2021-04-28","2021-05-20",22
4652,933,595,"Thomasine Baudet",60,"Female","Ameliaview","South Australia",1025,"Relaxed Leg","Trousers","XS","yellow",44,95.0,90.0,2,180.0,"2021-04-28","2021-05-20",22
4653,933,595,"Thomasine Baudet",60,"Female","Ameliaview","South Australia",415,"Casual Slim Fit","Shirt","XS","violet",55,113.0,119.0,2,238.0,"2021-04-28","2021-05-20",22
4654,933,595,"Thomasine Baudet",60,"Female","Ameliaview","South Australia",838,"Shearling","Jacket","L","violet",61,95.0,117.0,3,351.0,"2021-04-28","2021-05-20",22
4655,933,595,"Thomasine Baudet",60,"Female","Ameliaview","South Australia",687,"Parka","Jacket","M","blue",54,119.0,113.0,1,113.0,"2021-04-28","2021-05-20",22
4656,934,736,"Delia Mably",55,"Female","Doylebury","Victoria",453,"Denim","Jacket","L","violet",50,92.0,107.0,2,214.0,"2021-04-03","2021-04-21",18
4657,934,736,"Delia Mably",55,"Female","Doylebury","Victoria",202,"Camp Collared","Shirt","M","indigo",52,112.0,98.0,1,98.0,"2021-04-03","2021-04-21",18
4658,934,736,"Delia Mably",55,"Female","Doylebury","Victoria",1165,"High-Waisted","Trousers","XS","yellow",64,98.0,99.0,1,99.0,"2021-04-03","2021-04-21",18
4659,934,736,"Delia Mably",55,"Female","Doylebury","Victoria",1194,"Pleated","Trousers","XL","red",58,90.0,105.0,1,105.0,"2021-04-03","2021-04-21",18
4660,934,736,"Delia Mably",55,"Female","Doylebury","Victoria",82,"Flannel","Shirt","M","yellow",59,96.0,118.0,3,354.0,"2021-04-03","2021-04-21",18
4661,934,736,"Delia Mably",55,"Female","Doylebury","Victoria",113,"Denim","Shirt","L","orange",45,115.0,92.0,2,184.0,"2021-04-03","2021-04-21",18
4662,935,129,"Beatrisa Winterscale",68,"Non-binary","Port Harrychester","Western Australia",991,"Wool","Trousers","S","yellow",69,111.0,106.0,2,212.0,"2021-07-01","2021-07-16",15
4663,935,129,"Beatrisa Winterscale",68,"Non-binary","Port Harrychester","Western Australia",843,"Chinos","Trousers","L","red",44,100.0,113.0,1,113.0,"2021-07-01","2021-07-16",15
4664,935,129,"Beatrisa Winterscale",68,"Non-binary","Port Harrychester","Western Australia",1122,"Cargo Pants","Trousers","M","red",52,106.0,102.0,2,204.0,"2021-07-01","2021-07-16",15
4665,935,129,"Beatrisa Winterscale",68,"Non-binary","Port Harrychester","Western Australia",1020,"Relaxed Leg","Trousers","XS","orange",64,95.0,90.0,3,270.0,"2021-07-01","2021-07-16",15
4666,935,129,"Beatrisa Winterscale",68,"Non-binary","Port Harrychester","Western Australia",922,"Drawstring","Trousers","M","yellow",55,104.0,96.0,1,96.0,"2021-07-01","2021-07-16",15
4667,935,129,"Beatrisa Winterscale",68,"Non-binary","Port Harrychester","Western Australia",926,"Drawstring","Trousers","S","green",73,104.0,96.0,2,192.0,"2021-07-01","2021-07-16",15
4668,935,129,"Beatrisa Winterscale",68,"Non-binary","Port Harrychester","Western Australia",242,"Chambray","Shirt","M","violet",72,105.0,106.0,3,318.0,"2021-07-01","2021-07-16",15
4669,935,129,"Beatrisa Winterscale",68,"Non-binary","Port Harrychester","Western Australia",262,"Polo","Shirt","M","green",62,117.0,95.0,3,285.0,"2021-07-01","2021-07-16",15
4670,936,148,"Ikey Spohr",53,"Polygender","North Scarlettborough","Northern Territory",820,"Shearling","Jacket","XS","green",74,95.0,117.0,3,351.0,"2021-07-16","2021-08-01",16
4671,936,148,"Ikey Spohr",53,"Polygender","North Scarlettborough","Northern Territory",235,"Chambray","Shirt","XS","indigo",75,105.0,106.0,3,318.0,"2021-07-16","2021-08-01",16
4672,936,148,"Ikey Spohr",53,"Polygender","North Scarlettborough","Northern Territory",292,"Cuban Collar","Shirt","M","yellow",49,93.0,105.0,3,315.0,"2021-07-16","2021-08-01",16
4673,936,148,"Ikey Spohr",53,"Polygender","North Scarlettborough","Northern Territory",405,"Casual Slim Fit","Shirt","XS","blue",55,113.0,119.0,3,357.0,"2021-07-16","2021-08-01",16
4674,936,148,"Ikey Spohr",53,"Polygender","North Scarlettborough","Northern Territory",837,"Shearling","Jacket","M","violet",74,95.0,117.0,2,234.0,"2021-07-16","2021-08-01",16
4675,936,148,"Ikey Spohr",53,"Polygender","North Scarlettborough","Northern Territory",1107,"Cropped","Trousers","M","blue",56,99.0,115.0,3,345.0,"2021-07-16","2021-08-01",16
4676,936,148,"Ikey Spohr",53,"Polygender","North Scarlettborough","Northern Territory",1164,"High-Waisted","Trousers","XL","orange",47,98.0,99.0,1,99.0,"2021-07-16","2021-08-01",16
4677,936,148,"Ikey Spohr",53,"Polygender","North Scarlettborough","Northern Territory",399,"Casual Slim Fit","Shirt","XL","yellow",78,113.0,119.0,3,357.0,"2021-07-16","2021-08-01",16
4678,937,72,"Marinna Heal",42,"Genderfluid","Braunhaven","Tasmania",241,"Chambray","Shirt","S","violet",52,105.0,106.0,2,212.0,"2021-06-04","2021-06-25",21
4679,937,72,"Marinna Heal",42,"Genderfluid","Braunhaven","Tasmania",418,"Casual Slim Fit","Shirt","L","violet",65,113.0,119.0,3,357.0,"2021-06-04","2021-06-25",21
4680,938,128,"Daisy Camillo",48,"Male","Jacobsland","Northern Territory",810,"Shearling","Jacket","XS","orange",54,95.0,117.0,3,351.0,"2021-06-12","2021-06-28",16
4681,938,128,"Daisy Camillo",48,"Male","Jacobsland","Northern Territory",361,"Henley","Shirt","S","yellow",70,92.0,94.0,3,282.0,"2021-06-12","2021-06-28",16
4682,938,128,"Daisy Camillo",48,"Male","Jacobsland","Northern Territory",562,"Bomber","Jacket","M","red",79,90.0,100.0,1,100.0,"2021-06-12","2021-06-28",16
4683,938,128,"Daisy Camillo",48,"Male","Jacobsland","Northern Territory",547,"Leather","Jacket","M","blue",60,113.0,98.0,2,196.0,"2021-06-12","2021-06-28",16
4684,938,128,"Daisy Camillo",48,"Male","Jacobsland","Northern Territory",380,"Henley","Shirt","XS","violet",50,92.0,94.0,1,94.0,"2021-06-12","2021-06-28",16
4685,938,128,"Daisy Camillo",48,"Male","Jacobsland","Northern Territory",1134,"Cargo Pants","Trousers","XL","yellow",52,106.0,102.0,2,204.0,"2021-06-12","2021-06-28",16
4686,938,128,"Daisy Camillo",48,"Male","Jacobsland","Northern Territory",126,"Denim","Shirt","S","blue",47,115.0,92.0,3,276.0,"2021-06-12","2021-06-28",16
4687,939,432,"Ettie Gonnely",34,"Bigender","North Cody","Victoria",783,"Pullover","Jacket","L","yellow",43,114.0,91.0,2,182.0,"2021-04-02","2021-04-21",19
4688,939,432,"Ettie Gonnely",34,"Bigender","North Cody","Victoria",382,"Henley","Shirt","M","violet",44,92.0,94.0,2,188.0,"2021-04-02","2021-04-21",19
4689,939,432,"Ettie Gonnely",34,"Bigender","North Cody","Victoria",422,"Denim","Jacket","M","red",43,92.0,107.0,1,107.0,"2021-04-02","2021-04-21",19
4690,939,432,"Ettie Gonnely",34,"Bigender","North Cody","Victoria",441,"Denim","Jacket","S","blue",56,92.0,107.0,2,214.0,"2021-04-02","2021-04-21",19
4691,939,432,"Ettie Gonnely",34,"Bigender","North Cody","Victoria",689,"Parka","Jacket","XL","blue",47,119.0,113.0,3,339.0,"2021-04-02","2021-04-21",19
4692,939,432,"Ettie Gonnely",34,"Bigender","North Cody","Victoria",1048,"Relaxed Leg","Trousers","L","violet",47,95.0,90.0,2,180.0,"2021-04-02","2021-04-21",19
4693,940,813,"Saul Franklyn",62,"Male","Tillmanview","New South Wales",1201,"Pleated","Trousers","S","yellow",71,90.0,105.0,3,315.0,"2021-09-11","2021-10-04",23
4694,940,813,"Saul Franklyn",62,"Male","Tillmanview","New South Wales",575,"Bomber","Jacket","XS","green",48,90.0,100.0,1,100.0,"2021-09-11","2021-10-04",23
4695,940,813,"Saul Franklyn",62,"Male","Tillmanview","New South Wales",955,"Slim-Fit","Trousers","XS","yellow",59,119.0,97.0,2,194.0,"2021-09-11","2021-10-04",23
4696,940,813,"Saul Franklyn",62,"Male","Tillmanview","New South Wales",212,"Chambray","Shirt","M","red",48,105.0,106.0,1,106.0,"2021-09-11","2021-10-04",23
4697,940,813,"Saul Franklyn",62,"Male","Tillmanview","New South Wales",39,"Dress","Shirt","XL","red",47,119.0,104.0,2,208.0,"2021-09-11","2021-10-04",23
4698,940,813,"Saul Franklyn",62,"Male","Tillmanview","New South Wales",390,"Casual Slim Fit","Shirt","XS","orange",43,113.0,119.0,2,238.0,"2021-09-11","2021-10-04",23
4699,940,813,"Saul Franklyn",62,"Male","Tillmanview","New South Wales",177,"Camp Collared","Shirt","M","red",64,112.0,98.0,3,294.0,"2021-09-11","2021-10-04",23
4700,940,813,"Saul Franklyn",62,"Male","Tillmanview","New South Wales",1255,"Tracksuit Bottoms","Trousers","XS","violet",67,91.0,112.0,3,336.0,"2021-09-11","2021-10-04",23
4701,940,813,"Saul Franklyn",62,"Male","Tillmanview","New South Wales",514,"Windbreaker","Jacket","XL","blue",59,109.0,102.0,2,204.0,"2021-09-11","2021-10-04",23
4702,940,813,"Saul Franklyn",62,"Male","Tillmanview","New South Wales",540,"Leather","Jacket","XS","green",57,113.0,98.0,3,294.0,"2021-09-11","2021-10-04",23
4703,941,662,"Nerita Peotz",58,"Female","Pipershire","Queensland",518,"Windbreaker","Jacket","L","indigo",67,109.0,102.0,3,306.0,"2021-09-30","2021-10-05",5
4704,941,662,"Nerita Peotz",58,"Female","Pipershire","Queensland",1224,"Pleated","Trousers","XL","violet",65,90.0,105.0,3,315.0,"2021-09-30","2021-10-05",5
4705,942,282,"Wren Helgass",59,"Female","Port Hannahburgh","Australian Capital Territory",867,"Chinos","Trousers","M","indigo",64,100.0,113.0,1,113.0,"2021-06-09","2021-06-10",1
4706,942,282,"Wren Helgass",59,"Female","Port Hannahburgh","Australian Capital Territory",192,"Camp Collared","Shirt","M","green",41,112.0,98.0,1,98.0,"2021-06-09","2021-06-10",1
4707,942,282,"Wren Helgass",59,"Female","Port Hannahburgh","Australian Capital Territory",383,"Henley","Shirt","L","violet",51,92.0,94.0,3,282.0,"2021-06-09","2021-06-10",1
4708,942,282,"Wren Helgass",59,"Female","Port Hannahburgh","Australian Capital Territory",251,"Polo","Shirt","S","orange",78,117.0,95.0,2,190.0,"2021-06-09","2021-06-10",1
4709,942,282,"Wren Helgass",59,"Female","Port Hannahburgh","Australian Capital Territory",646,"Coach","Jacket","S","green",60,115.0,93.0,2,186.0,"2021-06-09","2021-06-10",1
4710,943,76,"Chandra Carine",51,"Agender","Hellermouth","New South Wales",1081,"Joggers","Trousers","S","violet",63,94.0,93.0,1,93.0,"2021-02-22","2021-03-14",20
4711,943,76,"Chandra Carine",51,"Agender","Hellermouth","New South Wales",217,"Chambray","Shirt","M","orange",43,105.0,106.0,3,318.0,"2021-02-22","2021-03-14",20
4712,943,76,"Chandra Carine",51,"Agender","Hellermouth","New South Wales",455,"Puffer","Jacket","XS","red",67,110.0,118.0,1,118.0,"2021-02-22","2021-03-14",20
4713,944,774,"Ellynn Korba",34,"Genderqueer","West Jonathanshire","Tasmania",820,"Shearling","Jacket","XS","green",74,95.0,117.0,2,234.0,"2021-07-17","2021-08-09",23
4714,945,54,"Tore Caras",62,"Genderqueer","West Alyssa","Queensland",457,"Puffer","Jacket","M","red",62,110.0,118.0,1,118.0,"2021-07-04","2021-07-22",18
4715,945,54,"Tore Caras",62,"Genderqueer","West Alyssa","Queensland",1008,"Wool","Trousers","L","indigo",41,111.0,106.0,3,318.0,"2021-07-04","2021-07-22",18
4716,945,54,"Tore Caras",62,"Genderqueer","West Alyssa","Queensland",817,"Shearling","Jacket","M","yellow",60,95.0,117.0,2,234.0,"2021-07-04","2021-07-22",18
4717,945,54,"Tore Caras",62,"Genderqueer","West Alyssa","Queensland",580,"Bomber","Jacket","XS","blue",44,90.0,100.0,2,200.0,"2021-07-04","2021-07-22",18
4718,945,54,"Tore Caras",62,"Genderqueer","West Alyssa","Queensland",899,"Cords","Trousers","XL","blue",65,113.0,94.0,2,188.0,"2021-07-04","2021-07-22",18
4719,946,455,"Wash Kyneton",60,"Non-binary","Lake Sienna","Northern Territory",613,"Cardigan","Jacket","L","green",63,118.0,112.0,1,112.0,"2021-04-20","2021-05-13",23
4720,946,455,"Wash Kyneton",60,"Non-binary","Lake Sienna","Northern Territory",4,"Oxford Cloth","Shirt","XL","red",47,114.0,96.0,3,288.0,"2021-04-20","2021-05-13",23
4721,947,49,"Shanna Pietrzyk",56,"Female","Port Alyssa","Queensland",1042,"Relaxed Leg","Trousers","M","indigo",45,95.0,90.0,1,90.0,"2021-06-24","2021-07-02",8
4722,947,49,"Shanna Pietrzyk",56,"Female","Port Alyssa","Queensland",359,"Henley","Shirt","XL","orange",52,92.0,94.0,1,94.0,"2021-06-24","2021-07-02",8
4723,947,49,"Shanna Pietrzyk",56,"Female","Port Alyssa","Queensland",440,"Denim","Jacket","XS","blue",49,92.0,107.0,1,107.0,"2021-06-24","2021-07-02",8
4724,948,35,"Adamo Saddington",80,"Male","Port Lucas","Queensland",972,"Slim-Fit","Trousers","M","indigo",67,119.0,97.0,2,194.0,"2021-08-24","2021-09-02",9
4725,948,35,"Adamo Saddington",80,"Male","Port Lucas","Queensland",1246,"Tracksuit Bottoms","Trousers","S","blue",48,91.0,112.0,1,112.0,"2021-08-24","2021-09-02",9
4726,948,35,"Adamo Saddington",80,"Male","Port Lucas","Queensland",121,"Denim","Shirt","S","green",49,115.0,92.0,1,92.0,"2021-08-24","2021-09-02",9
4727,948,35,"Adamo Saddington",80,"Male","Port Lucas","Queensland",896,"Cords","Trousers","S","blue",59,113.0,94.0,1,94.0,"2021-08-24","2021-09-02",9
4728,949,244,"Faunie Cooney",38,"Male","Port Chelseaport","Victoria",621,"Cardigan","Jacket","S","indigo",61,118.0,112.0,3,336.0,"2021-02-02","2021-02-17",15
4729,949,244,"Faunie Cooney",38,"Male","Port Chelseaport","Victoria",850,"Chinos","Trousers","XS","yellow",41,100.0,113.0,1,113.0,"2021-02-02","2021-02-17",15
4730,949,244,"Faunie Cooney",38,"Male","Port Chelseaport","Victoria",827,"Shearling","Jacket","M","blue",73,95.0,117.0,1,117.0,"2021-02-02","2021-02-17",15
4731,949,244,"Faunie Cooney",38,"Male","Port Chelseaport","Victoria",870,"Chinos","Trousers","XS","violet",72,100.0,113.0,1,113.0,"2021-02-02","2021-02-17",15
4732,949,244,"Faunie Cooney",38,"Male","Port Chelseaport","Victoria",316,"Mandarin Collar","Shirt","S","red",48,108.0,109.0,3,327.0,"2021-02-02","2021-02-17",15
4733,949,244,"Faunie Cooney",38,"Male","Port Chelseaport","Victoria",914,"Drawstring","Trousers","XL","red",77,104.0,96.0,2,192.0,"2021-02-02","2021-02-17",15
4734,950,328,"Wadsworth Olivier",59,"Non-binary","North Elijahshire","Western Australia",1073,"Joggers","Trousers","L","blue",75,94.0,93.0,3,279.0,"2021-10-16","2021-10-31",15
4735,950,328,"Wadsworth Olivier",59,"Non-binary","North Elijahshire","Western Australia",1137,"Cargo Pants","Trousers","M","green",78,106.0,102.0,3,306.0,"2021-10-16","2021-10-31",15
4736,950,328,"Wadsworth Olivier",59,"Non-binary","North Elijahshire","Western Australia",170,"Linen","Shirt","XS","violet",56,116.0,91.0,3,273.0,"2021-10-16","2021-10-31",15
4737,951,515,"Joannes Pandie",52,"Female","Huelhaven","Australian Capital Territory",1059,"Joggers","Trousers","XL","orange",44,94.0,93.0,3,279.0,"2021-09-30","2021-10-23",23
4738,951,515,"Joannes Pandie",52,"Female","Huelhaven","Australian Capital Territory",647,"Coach","Jacket","M","green",63,115.0,93.0,3,279.0,"2021-09-30","2021-10-23",23
4739,951,515,"Joannes Pandie",52,"Female","Huelhaven","Australian Capital Territory",631,"Coach","Jacket","S","red",76,115.0,93.0,1,93.0,"2021-09-30","2021-10-23",23
4740,951,515,"Joannes Pandie",52,"Female","Huelhaven","Australian Capital Territory",151,"Linen","Shirt","S","yellow",60,116.0,91.0,1,91.0,"2021-09-30","2021-10-23",23
4741,951,515,"Joannes Pandie",52,"Female","Huelhaven","Australian Capital Territory",154,"Linen","Shirt","XL","yellow",54,116.0,91.0,1,91.0,"2021-09-30","2021-10-23",23
4742,952,883,"Noel Siviour",43,"Polygender","Beahantown","South Australia",859,"Chinos","Trousers","XL","green",50,100.0,113.0,1,113.0,"2021-08-05","2021-08-25",20
4743,952,883,"Noel Siviour",43,"Polygender","Beahantown","South Australia",721,"Trench Coat","Jacket","S","blue",64,112.0,119.0,2,238.0,"2021-08-05","2021-08-25",20
4744,952,883,"Noel Siviour",43,"Polygender","Beahantown","South Australia",845,"Chinos","Trousers","XS","orange",53,100.0,113.0,1,113.0,"2021-08-05","2021-08-25",20
4745,952,883,"Noel Siviour",43,"Polygender","Beahantown","South Australia",707,"Trench Coat","Jacket","M","orange",43,112.0,119.0,3,357.0,"2021-08-05","2021-08-25",20
4746,952,883,"Noel Siviour",43,"Polygender","Beahantown","South Australia",304,"Cuban Collar","Shirt","XL","blue",73,93.0,105.0,2,210.0,"2021-08-05","2021-08-25",20
4747,952,883,"Noel Siviour",43,"Polygender","Beahantown","South Australia",1223,"Pleated","Trousers","L","violet",48,90.0,105.0,1,105.0,"2021-08-05","2021-08-25",20
4748,952,883,"Noel Siviour",43,"Polygender","Beahantown","South Australia",78,"Flannel","Shirt","L","orange",59,96.0,118.0,2,236.0,"2021-08-05","2021-08-25",20
4749,953,733,"Otto Matyasik",67,"Genderqueer","East Benjamin","New South Wales",915,"Drawstring","Trousers","XS","orange",41,104.0,96.0,2,192.0,"2021-04-18","2021-04-26",8
4750,953,733,"Otto Matyasik",67,"Genderqueer","East Benjamin","New South Wales",80,"Flannel","Shirt","XS","yellow",41,96.0,118.0,1,118.0,"2021-04-18","2021-04-26",8
4751,953,733,"Otto Matyasik",67,"Genderqueer","East Benjamin","New South Wales",1128,"Cargo Pants","Trousers","L","orange",78,106.0,102.0,2,204.0,"2021-04-18","2021-04-26",8
4752,953,733,"Otto Matyasik",67,"Genderqueer","East Benjamin","New South Wales",232,"Chambray","Shirt","M","blue",66,105.0,106.0,2,212.0,"2021-04-18","2021-04-26",8
4753,953,733,"Otto Matyasik",67,"Genderqueer","East Benjamin","New South Wales",815,"Shearling","Jacket","XS","yellow",66,95.0,117.0,3,351.0,"2021-04-18","2021-04-26",8
4754,953,733,"Otto Matyasik",67,"Genderqueer","East Benjamin","New South Wales",369,"Henley","Shirt","XL","green",64,92.0,94.0,2,188.0,"2021-04-18","2021-04-26",8
4755,953,733,"Otto Matyasik",67,"Genderqueer","East Benjamin","New South Wales",302,"Cuban Collar","Shirt","M","blue",55,93.0,105.0,1,105.0,"2021-04-18","2021-04-26",8
4756,953,733,"Otto Matyasik",67,"Genderqueer","East Benjamin","New South Wales",304,"Cuban Collar","Shirt","XL","blue",73,93.0,105.0,1,105.0,"2021-04-18","2021-04-26",8
4757,953,733,"Otto Matyasik",67,"Genderqueer","East Benjamin","New South Wales",509,"Windbreaker","Jacket","XL","green",71,109.0,102.0,3,306.0,"2021-04-18","2021-04-26",8
4758,954,370,"Hildegarde Bamlett",38,"Agender","Abbottbury","Australian Capital Territory",942,"Drawstring","Trousers","M","violet",73,104.0,96.0,2,192.0,"2021-03-28","2021-04-15",18
4759,954,370,"Hildegarde Bamlett",38,"Agender","Abbottbury","Australian Capital Territory",791,"Pullover","Jacket","S","blue",73,114.0,91.0,1,91.0,"2021-03-28","2021-04-15",18
4760,954,370,"Hildegarde Bamlett",38,"Agender","Abbottbury","Australian Capital Territory",232,"Chambray","Shirt","M","blue",66,105.0,106.0,1,106.0,"2021-03-28","2021-04-15",18
4761,954,370,"Hildegarde Bamlett",38,"Agender","Abbottbury","Australian Capital Territory",824,"Shearling","Jacket","XL","green",51,95.0,117.0,2,234.0,"2021-03-28","2021-04-15",18
4762,954,370,"Hildegarde Bamlett",38,"Agender","Abbottbury","Australian Capital Territory",586,"Bomber","Jacket","S","indigo",41,90.0,100.0,3,300.0,"2021-03-28","2021-04-15",18
4763,954,370,"Hildegarde Bamlett",38,"Agender","Abbottbury","Australian Capital Territory",1245,"Tracksuit Bottoms","Trousers","XS","blue",42,91.0,112.0,2,224.0,"2021-03-28","2021-04-15",18
4764,954,370,"Hildegarde Bamlett",38,"Agender","Abbottbury","Australian Capital Territory",617,"Cardigan","Jacket","M","blue",57,118.0,112.0,3,336.0,"2021-03-28","2021-04-15",18
4765,954,370,"Hildegarde Bamlett",38,"Agender","Abbottbury","Australian Capital Territory",1011,"Wool","Trousers","S","violet",59,111.0,106.0,3,318.0,"2021-03-28","2021-04-15",18
4766,955,209,"Lauryn Deport",29,"Female","Bayermouth","South Australia",131,"Denim","Shirt","S","indigo",69,115.0,92.0,1,92.0,"2021-01-20","2021-02-05",16
4767,955,209,"Lauryn Deport",29,"Female","Bayermouth","South Australia",393,"Casual Slim Fit","Shirt","L","orange",76,113.0,119.0,1,119.0,"2021-01-20","2021-02-05",16
4768,955,209,"Lauryn Deport",29,"Female","Bayermouth","South Australia",966,"Slim-Fit","Trousers","S","blue",49,119.0,97.0,1,97.0,"2021-01-20","2021-02-05",16
4769,955,209,"Lauryn Deport",29,"Female","Bayermouth","South Australia",1229,"Tracksuit Bottoms","Trousers","XL","red",45,91.0,112.0,3,336.0,"2021-01-20","2021-02-05",16
4770,955,209,"Lauryn Deport",29,"Female","Bayermouth","South Australia",938,"Drawstring","Trousers","L","indigo",77,104.0,96.0,3,288.0,"2021-01-20","2021-02-05",16
4771,956,549,"Barclay Beswick",50,"Male","Gleasonburgh","Northern Territory",695,"Parka","Jacket","XS","violet",59,119.0,113.0,3,339.0,"2021-05-18","2021-06-07",20
4772,956,549,"Barclay Beswick",50,"Male","Gleasonburgh","Northern Territory",672,"Parka","Jacket","M","orange",51,119.0,113.0,2,226.0,"2021-05-18","2021-06-07",20
4773,956,549,"Barclay Beswick",50,"Male","Gleasonburgh","Northern Territory",377,"Henley","Shirt","M","indigo",70,92.0,94.0,2,188.0,"2021-05-18","2021-06-07",20
4774,956,549,"Barclay Beswick",50,"Male","Gleasonburgh","Northern Territory",1250,"Tracksuit Bottoms","Trousers","XS","indigo",63,91.0,112.0,2,224.0,"2021-05-18","2021-06-07",20
4775,956,549,"Barclay Beswick",50,"Male","Gleasonburgh","Northern Territory",548,"Leather","Jacket","L","blue",62,113.0,98.0,3,294.0,"2021-05-18","2021-06-07",20
4776,957,740,"Meryl Neeson",73,"Non-binary","Port Molly","Tasmania",48,"Dress","Shirt","L","yellow",56,119.0,104.0,1,104.0,"2021-08-20","2021-08-30",10
4777,957,740,"Meryl Neeson",73,"Non-binary","Port Molly","Tasmania",107,"Denim","Shirt","M","red",49,115.0,92.0,2,184.0,"2021-08-20","2021-08-30",10
4778,958,577,"Hillier Seward",32,"Genderfluid","Heaneyview","South Australia",1184,"High-Waisted","Trousers","XL","indigo",57,98.0,99.0,2,198.0,"2021-06-21","2021-07-01",10
4779,958,577,"Hillier Seward",32,"Genderfluid","Heaneyview","South Australia",157,"Linen","Shirt","M","green",42,116.0,91.0,1,91.0,"2021-06-21","2021-07-01",10
4780,959,565,"Hoebart Edger",73,"Genderqueer","Hamiltonport","Queensland",732,"Trench Coat","Jacket","M","violet",61,112.0,119.0,3,357.0,"2021-01-17","2021-02-10",24
4781,959,565,"Hoebart Edger",73,"Genderqueer","Hamiltonport","Queensland",205,"Camp Collared","Shirt","XS","violet",72,112.0,98.0,3,294.0,"2021-01-17","2021-02-10",24
4782,959,565,"Hoebart Edger",73,"Genderqueer","Hamiltonport","Queensland",1184,"High-Waisted","Trousers","XL","indigo",57,98.0,99.0,3,297.0,"2021-01-17","2021-02-10",24
4783,960,362,"Persis Linch",39,"Genderqueer","West Zoeberg","Queensland",313,"Cuban Collar","Shirt","L","violet",78,93.0,105.0,3,315.0,"2021-09-19","2021-10-07",18
4784,960,362,"Persis Linch",39,"Genderqueer","West Zoeberg","Queensland",535,"Leather","Jacket","XS","yellow",73,113.0,98.0,3,294.0,"2021-09-19","2021-10-07",18
4785,960,362,"Persis Linch",39,"Genderqueer","West Zoeberg","Queensland",1012,"Wool","Trousers","M","violet",51,111.0,106.0,3,318.0,"2021-09-19","2021-10-07",18
4786,960,362,"Persis Linch",39,"Genderqueer","West Zoeberg","Queensland",147,"Linen","Shirt","M","orange",42,116.0,91.0,1,91.0,"2021-09-19","2021-10-07",18
4787,960,362,"Persis Linch",39,"Genderqueer","West Zoeberg","Queensland",45,"Dress","Shirt","XS","yellow",69,119.0,104.0,2,208.0,"2021-09-19","2021-10-07",18
4788,960,362,"Persis Linch",39,"Genderqueer","West Zoeberg","Queensland",606,"Cardigan","Jacket","S","yellow",79,118.0,112.0,1,112.0,"2021-09-19","2021-10-07",18
4789,961,717,"Mellisent Druhan",20,"Agender","Haydenhaven","Victoria",1255,"Tracksuit Bottoms","Trousers","XS","violet",67,91.0,112.0,2,224.0,"2021-03-19","2021-04-15",27
4790,961,717,"Mellisent Druhan",20,"Agender","Haydenhaven","Victoria",901,"Cords","Trousers","S","indigo",60,113.0,94.0,1,94.0,"2021-03-19","2021-04-15",27
4791,961,717,"Mellisent Druhan",20,"Agender","Haydenhaven","Victoria",1143,"Cargo Pants","Trousers","L","blue",77,106.0,102.0,1,102.0,"2021-03-19","2021-04-15",27
4792,961,717,"Mellisent Druhan",20,"Agender","Haydenhaven","Victoria",636,"Coach","Jacket","S","orange",55,115.0,93.0,3,279.0,"2021-03-19","2021-04-15",27
4793,962,657,"Orran Skip",25,"Male","Port Eveland","South Australia",866,"Chinos","Trousers","S","indigo",67,100.0,113.0,3,339.0,"2021-02-09","2021-02-18",9
4794,962,657,"Orran Skip",25,"Male","Port Eveland","South Australia",750,"Peacoat","Jacket","XS","green",61,102.0,109.0,3,327.0,"2021-02-09","2021-02-18",9
4795,962,657,"Orran Skip",25,"Male","Port Eveland","South Australia",326,"Mandarin Collar","Shirt","S","yellow",76,108.0,109.0,3,327.0,"2021-02-09","2021-02-18",9
4796,962,657,"Orran Skip",25,"Male","Port Eveland","South Australia",367,"Henley","Shirt","M","green",65,92.0,94.0,2,188.0,"2021-02-09","2021-02-18",9
4797,962,657,"Orran Skip",25,"Male","Port Eveland","South Australia",262,"Polo","Shirt","M","green",62,117.0,95.0,1,95.0,"2021-02-09","2021-02-18",9
4798,962,657,"Orran Skip",25,"Male","Port Eveland","South Australia",387,"Casual Slim Fit","Shirt","M","red",67,113.0,119.0,3,357.0,"2021-02-09","2021-02-18",9
4799,963,108,"Merrill Care",57,"Bigender","Port Rosemouth","Queensland",802,"Pullover","Jacket","M","violet",78,114.0,91.0,1,91.0,"2021-06-18","2021-07-14",26
4800,963,108,"Merrill Care",57,"Bigender","Port Rosemouth","Queensland",513,"Windbreaker","Jacket","L","blue",41,109.0,102.0,2,204.0,"2021-06-18","2021-07-14",26
4801,963,108,"Merrill Care",57,"Bigender","Port Rosemouth","Queensland",707,"Trench Coat","Jacket","M","orange",43,112.0,119.0,3,357.0,"2021-06-18","2021-07-14",26
4802,963,108,"Merrill Care",57,"Bigender","Port Rosemouth","Queensland",303,"Cuban Collar","Shirt","L","blue",65,93.0,105.0,1,105.0,"2021-06-18","2021-07-14",26
4803,963,108,"Merrill Care",57,"Bigender","Port Rosemouth","Queensland",493,"Windbreaker","Jacket","L","red",40,109.0,102.0,3,306.0,"2021-06-18","2021-07-14",26
4804,963,108,"Merrill Care",57,"Bigender","Port Rosemouth","Queensland",293,"Cuban Collar","Shirt","L","yellow",77,93.0,105.0,3,315.0,"2021-06-18","2021-07-14",26
4805,964,367,"Hildagarde Dell 'Orto",51,"Bigender","Jasperside","South Australia",39,"Dress","Shirt","XL","red",47,119.0,104.0,1,104.0,"2021-07-08","2021-07-16",8
4806,964,367,"Hildagarde Dell 'Orto",51,"Bigender","Jasperside","South Australia",1238,"Tracksuit Bottoms","Trousers","L","yellow",41,91.0,112.0,1,112.0,"2021-07-08","2021-07-16",8
4807,964,367,"Hildagarde Dell 'Orto",51,"Bigender","Jasperside","South Australia",1055,"Joggers","Trousers","XS","orange",65,94.0,93.0,1,93.0,"2021-07-08","2021-07-16",8
4808,965,69,"Tiphany Peacop",79,"Bigender","East Sofia","Victoria",1115,"Cropped","Trousers","XS","violet",65,99.0,115.0,1,115.0,"2021-07-24","2021-07-29",5
4809,965,69,"Tiphany Peacop",79,"Bigender","East Sofia","Victoria",966,"Slim-Fit","Trousers","S","blue",49,119.0,97.0,1,97.0,"2021-07-24","2021-07-29",5
4810,965,69,"Tiphany Peacop",79,"Bigender","East Sofia","Victoria",1022,"Relaxed Leg","Trousers","M","orange",74,95.0,90.0,3,270.0,"2021-07-24","2021-07-29",5
4811,965,69,"Tiphany Peacop",79,"Bigender","East Sofia","Victoria",288,"Cuban Collar","Shirt","L","orange",65,93.0,105.0,2,210.0,"2021-07-24","2021-07-29",5
4812,965,69,"Tiphany Peacop",79,"Bigender","East Sofia","Victoria",1152,"Cargo Pants","Trousers","M","violet",58,106.0,102.0,3,306.0,"2021-07-24","2021-07-29",5
4813,965,69,"Tiphany Peacop",79,"Bigender","East Sofia","Victoria",101,"Flannel","Shirt","S","violet",70,96.0,118.0,2,236.0,"2021-07-24","2021-07-29",5
4814,966,639,"Tobin Jeffryes",40,"Non-binary","Lake Alice","Victoria",965,"Slim-Fit","Trousers","XS","blue",55,119.0,97.0,3,291.0,"2021-02-25","2021-03-10",13
4815,966,639,"Tobin Jeffryes",40,"Non-binary","Lake Alice","Victoria",416,"Casual Slim Fit","Shirt","S","violet",50,113.0,119.0,3,357.0,"2021-02-25","2021-03-10",13
4816,966,639,"Tobin Jeffryes",40,"Non-binary","Lake Alice","Victoria",756,"Peacoat","Jacket","S","blue",50,102.0,109.0,3,327.0,"2021-02-25","2021-03-10",13
4817,966,639,"Tobin Jeffryes",40,"Non-binary","Lake Alice","Victoria",1076,"Joggers","Trousers","S","indigo",56,94.0,93.0,1,93.0,"2021-02-25","2021-03-10",13
4818,966,639,"Tobin Jeffryes",40,"Non-binary","Lake Alice","Victoria",326,"Mandarin Collar","Shirt","S","yellow",76,108.0,109.0,2,218.0,"2021-02-25","2021-03-10",13
4819,966,639,"Tobin Jeffryes",40,"Non-binary","Lake Alice","Victoria",800,"Pullover","Jacket","XS","violet",61,114.0,91.0,3,273.0,"2021-02-25","2021-03-10",13
4820,966,639,"Tobin Jeffryes",40,"Non-binary","Lake Alice","Victoria",342,"Mandarin Collar","Shirt","M","indigo",51,108.0,109.0,1,109.0,"2021-02-25","2021-03-10",13
4821,966,639,"Tobin Jeffryes",40,"Non-binary","Lake Alice","Victoria",1078,"Joggers","Trousers","L","indigo",42,94.0,93.0,3,279.0,"2021-02-25","2021-03-10",13
4822,966,639,"Tobin Jeffryes",40,"Non-binary","Lake Alice","Victoria",1177,"High-Waisted","Trousers","M","blue",52,98.0,99.0,3,297.0,"2021-02-25","2021-03-10",13
4823,966,639,"Tobin Jeffryes",40,"Non-binary","Lake Alice","Victoria",1148,"Cargo Pants","Trousers","L","indigo",46,106.0,102.0,3,306.0,"2021-02-25","2021-03-10",13
4824,967,306,"Silas Stephens",68,"Polygender","West Audreyhaven","Queensland",235,"Chambray","Shirt","XS","indigo",75,105.0,106.0,1,106.0,"2021-10-11","2021-11-07",27
4825,967,306,"Silas Stephens",68,"Polygender","West Audreyhaven","Queensland",283,"Cuban Collar","Shirt","L","red",45,93.0,105.0,1,105.0,"2021-10-11","2021-11-07",27
4826,967,306,"Silas Stephens",68,"Polygender","West Audreyhaven","Queensland",591,"Bomber","Jacket","S","violet",45,90.0,100.0,1,100.0,"2021-10-11","2021-11-07",27
4827,967,306,"Silas Stephens",68,"Polygender","West Audreyhaven","Queensland",1078,"Joggers","Trousers","L","indigo",42,94.0,93.0,3,279.0,"2021-10-11","2021-11-07",27
4828,967,306,"Silas Stephens",68,"Polygender","West Audreyhaven","Queensland",133,"Denim","Shirt","L","indigo",58,115.0,92.0,2,184.0,"2021-10-11","2021-11-07",27
4829,967,306,"Silas Stephens",68,"Polygender","West Audreyhaven","Queensland",42,"Dress","Shirt","M","orange",53,119.0,104.0,1,104.0,"2021-10-11","2021-11-07",27
4830,967,306,"Silas Stephens",68,"Polygender","West Audreyhaven","Queensland",769,"Peacoat","Jacket","XL","violet",42,102.0,109.0,2,218.0,"2021-10-11","2021-11-07",27
4831,968,765,"Marni Figiovanni",59,"Non-binary","Eveside","New South Wales",575,"Bomber","Jacket","XS","green",48,90.0,100.0,2,200.0,"2021-03-14","2021-04-03",20
4832,968,765,"Marni Figiovanni",59,"Non-binary","Eveside","New South Wales",403,"Casual Slim Fit","Shirt","L","green",54,113.0,119.0,3,357.0,"2021-03-14","2021-04-03",20
4833,968,765,"Marni Figiovanni",59,"Non-binary","Eveside","New South Wales",917,"Drawstring","Trousers","M","orange",76,104.0,96.0,2,192.0,"2021-03-14","2021-04-03",20
4834,968,765,"Marni Figiovanni",59,"Non-binary","Eveside","New South Wales",447,"Denim","Jacket","M","indigo",52,92.0,107.0,3,321.0,"2021-03-14","2021-04-03",20
4835,968,765,"Marni Figiovanni",59,"Non-binary","Eveside","New South Wales",1077,"Joggers","Trousers","M","indigo",66,94.0,93.0,3,279.0,"2021-03-14","2021-04-03",20
4836,968,765,"Marni Figiovanni",59,"Non-binary","Eveside","New South Wales",232,"Chambray","Shirt","M","blue",66,105.0,106.0,3,318.0,"2021-03-14","2021-04-03",20
4837,969,639,"Tobin Jeffryes",40,"Non-binary","Lake Alice","Victoria",651,"Coach","Jacket","S","blue",47,115.0,93.0,2,186.0,"2021-05-22","2021-05-25",3
4838,969,639,"Tobin Jeffryes",40,"Non-binary","Lake Alice","Victoria",35,"Dress","Shirt","XS","red",63,119.0,104.0,3,312.0,"2021-05-22","2021-05-25",3
4839,969,639,"Tobin Jeffryes",40,"Non-binary","Lake Alice","Victoria",266,"Polo","Shirt","S","blue",76,117.0,95.0,2,190.0,"2021-05-22","2021-05-25",3
4840,970,382,"Emanuele Deesly",24,"Genderfluid","Rodriguezbury","Victoria",914,"Drawstring","Trousers","XL","red",77,104.0,96.0,3,288.0,"2021-01-04","2021-01-23",19
4841,970,382,"Emanuele Deesly",24,"Genderfluid","Rodriguezbury","Victoria",912,"Drawstring","Trousers","M","red",70,104.0,96.0,2,192.0,"2021-01-04","2021-01-23",19
4842,970,382,"Emanuele Deesly",24,"Genderfluid","Rodriguezbury","Victoria",965,"Slim-Fit","Trousers","XS","blue",55,119.0,97.0,3,291.0,"2021-01-04","2021-01-23",19
4843,970,382,"Emanuele Deesly",24,"Genderfluid","Rodriguezbury","Victoria",403,"Casual Slim Fit","Shirt","L","green",54,113.0,119.0,3,357.0,"2021-01-04","2021-01-23",19
4844,970,382,"Emanuele Deesly",24,"Genderfluid","Rodriguezbury","Victoria",1253,"Tracksuit Bottoms","Trousers","L","indigo",50,91.0,112.0,3,336.0,"2021-01-04","2021-01-23",19
4845,970,382,"Emanuele Deesly",24,"Genderfluid","Rodriguezbury","Victoria",1211,"Pleated","Trousers","S","blue",60,90.0,105.0,3,315.0,"2021-01-04","2021-01-23",19
4846,970,382,"Emanuele Deesly",24,"Genderfluid","Rodriguezbury","Victoria",283,"Cuban Collar","Shirt","L","red",45,93.0,105.0,2,210.0,"2021-01-04","2021-01-23",19
4847,970,382,"Emanuele Deesly",24,"Genderfluid","Rodriguezbury","Victoria",319,"Mandarin Collar","Shirt","XL","red",64,108.0,109.0,1,109.0,"2021-01-04","2021-01-23",19
4848,970,382,"Emanuele Deesly",24,"Genderfluid","Rodriguezbury","Victoria",510,"Windbreaker","Jacket","XS","blue",59,109.0,102.0,1,102.0,"2021-01-04","2021-01-23",19
4849,970,382,"Emanuele Deesly",24,"Genderfluid","Rodriguezbury","Victoria",268,"Polo","Shirt","L","blue",77,117.0,95.0,2,190.0,"2021-01-04","2021-01-23",19
4850,971,272,"Kendre Etherton",22,"Genderqueer","New Angelinaberg","Victoria",1179,"High-Waisted","Trousers","XL","blue",65,98.0,99.0,3,297.0,"2021-08-26","2021-09-12",17
4851,971,272,"Kendre Etherton",22,"Genderqueer","New Angelinaberg","Victoria",1207,"Pleated","Trousers","M","green",41,90.0,105.0,3,315.0,"2021-08-26","2021-09-12",17
4852,971,272,"Kendre Etherton",22,"Genderqueer","New Angelinaberg","Victoria",332,"Mandarin Collar","Shirt","M","green",57,108.0,109.0,1,109.0,"2021-08-26","2021-09-12",17
4853,972,117,"Alexei Hurburt",75,"Female","New Ellieland","Tasmania",1016,"Relaxed Leg","Trousers","S","red",70,95.0,90.0,3,270.0,"2021-07-22","2021-08-08",17
4854,972,117,"Alexei Hurburt",75,"Female","New Ellieland","Tasmania",578,"Bomber","Jacket","L","green",78,90.0,100.0,2,200.0,"2021-07-22","2021-08-08",17
4855,972,117,"Alexei Hurburt",75,"Female","New Ellieland","Tasmania",123,"Denim","Shirt","L","green",71,115.0,92.0,1,92.0,"2021-07-22","2021-08-08",17
4856,972,117,"Alexei Hurburt",75,"Female","New Ellieland","Tasmania",952,"Slim-Fit","Trousers","M","orange",44,119.0,97.0,3,291.0,"2021-07-22","2021-08-08",17
4857,972,117,"Alexei Hurburt",75,"Female","New Ellieland","Tasmania",1189,"High-Waisted","Trousers","XL","violet",74,98.0,99.0,1,99.0,"2021-07-22","2021-08-08",17
4858,972,117,"Alexei Hurburt",75,"Female","New Ellieland","Tasmania",324,"Mandarin Collar","Shirt","XL","orange",59,108.0,109.0,1,109.0,"2021-07-22","2021-08-08",17
4859,972,117,"Alexei Hurburt",75,"Female","New Ellieland","Tasmania",1220,"Pleated","Trousers","XS","violet",58,90.0,105.0,2,210.0,"2021-07-22","2021-08-08",17
4860,972,117,"Alexei Hurburt",75,"Female","New Ellieland","Tasmania",478,"Puffer","Jacket","L","blue",48,110.0,118.0,2,236.0,"2021-07-22","2021-08-08",17
4861,972,117,"Alexei Hurburt",75,"Female","New Ellieland","Tasmania",163,"Linen","Shirt","L","blue",70,116.0,91.0,1,91.0,"2021-07-22","2021-08-08",17
4862,972,117,"Alexei Hurburt",75,"Female","New Ellieland","Tasmania",846,"Chinos","Trousers","S","orange",58,100.0,113.0,2,226.0,"2021-07-22","2021-08-08",17
4863,973,232,"Kaitlyn Pinare",24,"Male","Lake Matilda","Northern Territory",450,"Denim","Jacket","XS","violet",65,92.0,107.0,2,214.0,"2021-09-04","2021-09-24",20
4864,973,232,"Kaitlyn Pinare",24,"Male","Lake Matilda","Northern Territory",255,"Polo","Shirt","XS","yellow",79,117.0,95.0,3,285.0,"2021-09-04","2021-09-24",20
4865,974,221,"Araldo Washtell",43,"Polygender","East Gabriel","Australian Capital Territory",293,"Cuban Collar","Shirt","L","yellow",77,93.0,105.0,2,210.0,"2021-01-22","2021-02-18",27
4866,974,221,"Araldo Washtell",43,"Polygender","East Gabriel","Australian Capital Territory",1038,"Relaxed Leg","Trousers","L","blue",61,95.0,90.0,1,90.0,"2021-01-22","2021-02-18",27
4867,974,221,"Araldo Washtell",43,"Polygender","East Gabriel","Australian Capital Territory",183,"Camp Collared","Shirt","L","orange",63,112.0,98.0,2,196.0,"2021-01-22","2021-02-18",27
4868,974,221,"Araldo Washtell",43,"Polygender","East Gabriel","Australian Capital Territory",104,"Flannel","Shirt","XL","violet",43,96.0,118.0,2,236.0,"2021-01-22","2021-02-18",27
4869,974,221,"Araldo Washtell",43,"Polygender","East Gabriel","Australian Capital Territory",540,"Leather","Jacket","XS","green",57,113.0,98.0,1,98.0,"2021-01-22","2021-02-18",27
4870,974,221,"Araldo Washtell",43,"Polygender","East Gabriel","Australian Capital Territory",821,"Shearling","Jacket","S","green",66,95.0,117.0,1,117.0,"2021-01-22","2021-02-18",27
4871,974,221,"Araldo Washtell",43,"Polygender","East Gabriel","Australian Capital Territory",955,"Slim-Fit","Trousers","XS","yellow",59,119.0,97.0,1,97.0,"2021-01-22","2021-02-18",27
4872,974,221,"Araldo Washtell",43,"Polygender","East Gabriel","Australian Capital Territory",719,"Trench Coat","Jacket","XL","green",53,112.0,119.0,2,238.0,"2021-01-22","2021-02-18",27
4873,975,316,"Sadella Goodsall",67,"Genderqueer","Christopherside","Northern Territory",799,"Pullover","Jacket","XL","indigo",43,114.0,91.0,1,91.0,"2021-01-18","2021-01-30",12
4874,975,316,"Sadella Goodsall",67,"Genderqueer","Christopherside","Northern Territory",795,"Pullover","Jacket","XS","indigo",78,114.0,91.0,1,91.0,"2021-01-18","2021-01-30",12
4875,975,316,"Sadella Goodsall",67,"Genderqueer","Christopherside","Northern Territory",902,"Cords","Trousers","M","indigo",52,113.0,94.0,1,94.0,"2021-01-18","2021-01-30",12
4876,975,316,"Sadella Goodsall",67,"Genderqueer","Christopherside","Northern Territory",1084,"Joggers","Trousers","XL","violet",40,94.0,93.0,3,279.0,"2021-01-18","2021-01-30",12
4877,975,316,"Sadella Goodsall",67,"Genderqueer","Christopherside","Northern Territory",572,"Bomber","Jacket","M","yellow",71,90.0,100.0,1,100.0,"2021-01-18","2021-01-30",12
4878,976,778,"Chastity Daniaud",20,"Genderfluid","Blakemouth","Northern Territory",354,"Henley","Shirt","XL","red",59,92.0,94.0,1,94.0,"2021-10-15","2021-11-04",20
4879,976,778,"Chastity Daniaud",20,"Genderfluid","Blakemouth","Northern Territory",903,"Cords","Trousers","L","indigo",62,113.0,94.0,3,282.0,"2021-10-15","2021-11-04",20
4880,976,778,"Chastity Daniaud",20,"Genderfluid","Blakemouth","Northern Territory",673,"Parka","Jacket","L","orange",77,119.0,113.0,2,226.0,"2021-10-15","2021-11-04",20
4881,976,778,"Chastity Daniaud",20,"Genderfluid","Blakemouth","Northern Territory",964,"Slim-Fit","Trousers","XL","green",67,119.0,97.0,1,97.0,"2021-10-15","2021-11-04",20
4882,976,778,"Chastity Daniaud",20,"Genderfluid","Blakemouth","Northern Territory",402,"Casual Slim Fit","Shirt","M","green",67,113.0,119.0,1,119.0,"2021-10-15","2021-11-04",20
4883,977,463,"Iago Jedrzaszkiewicz",58,"Agender","Lake Mikaylashire","Australian Capital Territory",735,"Peacoat","Jacket","XS","red",66,102.0,109.0,2,218.0,"2021-04-23","2021-05-06",13
4884,977,463,"Iago Jedrzaszkiewicz",58,"Agender","Lake Mikaylashire","Australian Capital Territory",665,"Parka","Jacket","XS","red",65,119.0,113.0,3,339.0,"2021-04-23","2021-05-06",13
4885,977,463,"Iago Jedrzaszkiewicz",58,"Agender","Lake Mikaylashire","Australian Capital Territory",353,"Henley","Shirt","L","red",62,92.0,94.0,1,94.0,"2021-04-23","2021-05-06",13
4886,977,463,"Iago Jedrzaszkiewicz",58,"Agender","Lake Mikaylashire","Australian Capital Territory",856,"Chinos","Trousers","S","green",61,100.0,113.0,2,226.0,"2021-04-23","2021-05-06",13
4887,978,827,"Eryn Harcus",37,"Agender","Lake Alicefurt","Tasmania",1242,"Tracksuit Bottoms","Trousers","M","green",47,91.0,112.0,3,336.0,"2021-04-24","2021-05-18",24
4888,978,827,"Eryn Harcus",37,"Agender","Lake Alicefurt","Tasmania",910,"Drawstring","Trousers","XS","red",57,104.0,96.0,2,192.0,"2021-04-24","2021-05-18",24
4889,978,827,"Eryn Harcus",37,"Agender","Lake Alicefurt","Tasmania",323,"Mandarin Collar","Shirt","L","orange",56,108.0,109.0,1,109.0,"2021-04-24","2021-05-18",24
4890,978,827,"Eryn Harcus",37,"Agender","Lake Alicefurt","Tasmania",490,"Windbreaker","Jacket","XS","red",79,109.0,102.0,3,306.0,"2021-04-24","2021-05-18",24
4891,978,827,"Eryn Harcus",37,"Agender","Lake Alicefurt","Tasmania",728,"Trench Coat","Jacket","L","indigo",71,112.0,119.0,2,238.0,"2021-04-24","2021-05-18",24
4892,979,813,"Saul Franklyn",62,"Male","Tillmanview","New South Wales",1047,"Relaxed Leg","Trousers","M","violet",46,95.0,90.0,1,90.0,"2021-04-07","2021-04-21",14
4893,979,813,"Saul Franklyn",62,"Male","Tillmanview","New South Wales",486,"Puffer","Jacket","S","violet",46,110.0,118.0,3,354.0,"2021-04-07","2021-04-21",14
4894,980,84,"Minta Loble",63,"Female","Lake Paigemouth","Northern Territory",1217,"Pleated","Trousers","M","indigo",48,90.0,105.0,2,210.0,"2021-10-19","2021-11-14",26
4895,980,84,"Minta Loble",63,"Female","Lake Paigemouth","Northern Territory",305,"Cuban Collar","Shirt","XS","indigo",50,93.0,105.0,3,315.0,"2021-10-19","2021-11-14",26
4896,980,84,"Minta Loble",63,"Female","Lake Paigemouth","Northern Territory",466,"Puffer","Jacket","S","yellow",48,110.0,118.0,2,236.0,"2021-10-19","2021-11-14",26
4897,980,84,"Minta Loble",63,"Female","Lake Paigemouth","Northern Territory",1250,"Tracksuit Bottoms","Trousers","XS","indigo",63,91.0,112.0,2,224.0,"2021-10-19","2021-11-14",26
4898,980,84,"Minta Loble",63,"Female","Lake Paigemouth","Northern Territory",929,"Drawstring","Trousers","XL","green",49,104.0,96.0,2,192.0,"2021-10-19","2021-11-14",26
4899,980,84,"Minta Loble",63,"Female","Lake Paigemouth","Northern Territory",799,"Pullover","Jacket","XL","indigo",43,114.0,91.0,3,273.0,"2021-10-19","2021-11-14",26
4900,981,830,"Gertrudis Pergens",46,"Male","New Ruby","South Australia",250,"Polo","Shirt","XS","orange",75,117.0,95.0,2,190.0,"2021-10-02","2021-10-12",10
4901,981,830,"Gertrudis Pergens",46,"Male","New Ruby","South Australia",1150,"Cargo Pants","Trousers","XS","violet",40,106.0,102.0,1,102.0,"2021-10-02","2021-10-12",10
4902,981,830,"Gertrudis Pergens",46,"Male","New Ruby","South Australia",855,"Chinos","Trousers","XS","green",75,100.0,113.0,3,339.0,"2021-10-02","2021-10-12",10
4903,981,830,"Gertrudis Pergens",46,"Male","New Ruby","South Australia",690,"Parka","Jacket","XS","indigo",57,119.0,113.0,2,226.0,"2021-10-02","2021-10-12",10
4904,981,830,"Gertrudis Pergens",46,"Male","New Ruby","South Australia",384,"Henley","Shirt","XL","violet",77,92.0,94.0,2,188.0,"2021-10-02","2021-10-12",10
4905,981,830,"Gertrudis Pergens",46,"Male","New Ruby","South Australia",880,"Cords","Trousers","XS","orange",70,113.0,94.0,3,282.0,"2021-10-02","2021-10-12",10
4906,981,830,"Gertrudis Pergens",46,"Male","New Ruby","South Australia",1079,"Joggers","Trousers","XL","indigo",66,94.0,93.0,1,93.0,"2021-10-02","2021-10-12",10
4907,982,123,"Yardley Dreamer",22,"Female","Jordanborough","Tasmania",862,"Chinos","Trousers","M","blue",41,100.0,113.0,1,113.0,"2021-03-30","2021-04-07",8
4908,982,123,"Yardley Dreamer",22,"Female","Jordanborough","Tasmania",694,"Parka","Jacket","XL","indigo",78,119.0,113.0,1,113.0,"2021-03-30","2021-04-07",8
4909,982,123,"Yardley Dreamer",22,"Female","Jordanborough","Tasmania",317,"Mandarin Collar","Shirt","M","red",60,108.0,109.0,2,218.0,"2021-03-30","2021-04-07",8
4910,982,123,"Yardley Dreamer",22,"Female","Jordanborough","Tasmania",909,"Cords","Trousers","XL","violet",73,113.0,94.0,3,282.0,"2021-03-30","2021-04-07",8
4911,982,123,"Yardley Dreamer",22,"Female","Jordanborough","Tasmania",1228,"Tracksuit Bottoms","Trousers","L","red",43,91.0,112.0,1,112.0,"2021-03-30","2021-04-07",8
4912,982,123,"Yardley Dreamer",22,"Female","Jordanborough","Tasmania",659,"Coach","Jacket","XL","indigo",67,115.0,93.0,2,186.0,"2021-03-30","2021-04-07",8
4913,983,677,"Nady Buston",33,"Female","North Mikayla","Tasmania",1225,"Tracksuit Bottoms","Trousers","XS","red",55,91.0,112.0,3,336.0,"2021-07-12","2021-07-14",2
4914,983,677,"Nady Buston",33,"Female","North Mikayla","Tasmania",921,"Drawstring","Trousers","S","yellow",74,104.0,96.0,1,96.0,"2021-07-12","2021-07-14",2
4915,983,677,"Nady Buston",33,"Female","North Mikayla","Tasmania",1088,"Cropped","Trousers","L","red",63,99.0,115.0,3,345.0,"2021-07-12","2021-07-14",2
4916,983,677,"Nady Buston",33,"Female","North Mikayla","Tasmania",325,"Mandarin Collar","Shirt","XS","yellow",45,108.0,109.0,3,327.0,"2021-07-12","2021-07-14",2
4917,983,677,"Nady Buston",33,"Female","North Mikayla","Tasmania",667,"Parka","Jacket","M","red",56,119.0,113.0,1,113.0,"2021-07-12","2021-07-14",2
4918,984,359,"Augustin Brandenberg",28,"Genderfluid","East Lauren","Victoria",1221,"Pleated","Trousers","S","violet",50,90.0,105.0,3,315.0,"2021-09-23","2021-09-30",7
4919,984,359,"Augustin Brandenberg",28,"Genderfluid","East Lauren","Victoria",1229,"Tracksuit Bottoms","Trousers","XL","red",45,91.0,112.0,3,336.0,"2021-09-23","2021-09-30",7
4920,984,359,"Augustin Brandenberg",28,"Genderfluid","East Lauren","Victoria",369,"Henley","Shirt","XL","green",64,92.0,94.0,3,282.0,"2021-09-23","2021-09-30",7
4921,984,359,"Augustin Brandenberg",28,"Genderfluid","East Lauren","Victoria",62,"Dress","Shirt","M","indigo",51,119.0,104.0,2,208.0,"2021-09-23","2021-09-30",7
4922,984,359,"Augustin Brandenberg",28,"Genderfluid","East Lauren","Victoria",230,"Chambray","Shirt","XS","blue",76,105.0,106.0,3,318.0,"2021-09-23","2021-09-30",7
4923,984,359,"Augustin Brandenberg",28,"Genderfluid","East Lauren","Victoria",302,"Cuban Collar","Shirt","M","blue",55,93.0,105.0,3,315.0,"2021-09-23","2021-09-30",7
4924,984,359,"Augustin Brandenberg",28,"Genderfluid","East Lauren","Victoria",585,"Bomber","Jacket","XS","indigo",59,90.0,100.0,3,300.0,"2021-09-23","2021-09-30",7
4925,985,581,"Fabian Gostage",40,"Polygender","Hackettland","South Australia",277,"Polo","Shirt","M","violet",77,117.0,95.0,2,190.0,"2021-02-07","2021-02-09",2
4926,985,581,"Fabian Gostage",40,"Polygender","Hackettland","South Australia",1129,"Cargo Pants","Trousers","XL","orange",61,106.0,102.0,1,102.0,"2021-02-07","2021-02-09",2
4927,985,581,"Fabian Gostage",40,"Polygender","Hackettland","South Australia",784,"Pullover","Jacket","XL","yellow",67,114.0,91.0,3,273.0,"2021-02-07","2021-02-09",2
4928,985,581,"Fabian Gostage",40,"Polygender","Hackettland","South Australia",837,"Shearling","Jacket","M","violet",74,95.0,117.0,2,234.0,"2021-02-07","2021-02-09",2
4929,985,581,"Fabian Gostage",40,"Polygender","Hackettland","South Australia",538,"Leather","Jacket","L","yellow",45,113.0,98.0,3,294.0,"2021-02-07","2021-02-09",2
4930,986,116,"Erik Osgar",35,"Genderfluid","Zacharyborough","Northern Territory",795,"Pullover","Jacket","XS","indigo",78,114.0,91.0,1,91.0,"2021-08-02","2021-08-15",13
4931,986,116,"Erik Osgar",35,"Genderfluid","Zacharyborough","Northern Territory",302,"Cuban Collar","Shirt","M","blue",55,93.0,105.0,3,315.0,"2021-08-02","2021-08-15",13
4932,986,116,"Erik Osgar",35,"Genderfluid","Zacharyborough","Northern Territory",1052,"Joggers","Trousers","M","red",43,94.0,93.0,3,279.0,"2021-08-02","2021-08-15",13
4933,987,247,"Atlante McGrotty",57,"Female","Mayerland","Victoria",1101,"Cropped","Trousers","S","green",71,99.0,115.0,2,230.0,"2021-07-13","2021-08-09",27
4934,987,247,"Atlante McGrotty",57,"Female","Mayerland","Victoria",27,"Oxford Cloth","Shirt","M","indigo",62,114.0,96.0,1,96.0,"2021-07-13","2021-08-09",27
4935,987,247,"Atlante McGrotty",57,"Female","Mayerland","Victoria",307,"Cuban Collar","Shirt","M","indigo",58,93.0,105.0,1,105.0,"2021-07-13","2021-08-09",27
4936,987,247,"Atlante McGrotty",57,"Female","Mayerland","Victoria",452,"Denim","Jacket","M","violet",43,92.0,107.0,2,214.0,"2021-07-13","2021-08-09",27
4937,987,247,"Atlante McGrotty",57,"Female","Mayerland","Victoria",1158,"High-Waisted","Trousers","L","red",52,98.0,99.0,2,198.0,"2021-07-13","2021-08-09",27
4938,987,247,"Atlante McGrotty",57,"Female","Mayerland","Victoria",180,"Camp Collared","Shirt","XS","orange",52,112.0,98.0,3,294.0,"2021-07-13","2021-08-09",27
4939,988,496,"John Panchen",32,"Bigender","Evansburgh","South Australia",532,"Leather","Jacket","M","orange",80,113.0,98.0,2,196.0,"2021-02-04","2021-02-16",12
4940,988,496,"John Panchen",32,"Bigender","Evansburgh","South Australia",22,"Oxford Cloth","Shirt","M","blue",57,114.0,96.0,1,96.0,"2021-02-04","2021-02-16",12
4941,988,496,"John Panchen",32,"Bigender","Evansburgh","South Australia",798,"Pullover","Jacket","L","indigo",50,114.0,91.0,2,182.0,"2021-02-04","2021-02-16",12
4942,988,496,"John Panchen",32,"Bigender","Evansburgh","South Australia",236,"Chambray","Shirt","S","indigo",59,105.0,106.0,2,212.0,"2021-02-04","2021-02-16",12
4943,988,496,"John Panchen",32,"Bigender","Evansburgh","South Australia",639,"Coach","Jacket","XL","orange",46,115.0,93.0,3,279.0,"2021-02-04","2021-02-16",12
4944,988,496,"John Panchen",32,"Bigender","Evansburgh","South Australia",732,"Trench Coat","Jacket","M","violet",61,112.0,119.0,2,238.0,"2021-02-04","2021-02-16",12
4945,989,595,"Thomasine Baudet",60,"Female","Ameliaview","South Australia",78,"Flannel","Shirt","L","orange",59,96.0,118.0,2,236.0,"2021-01-06","2021-01-29",23
4946,989,595,"Thomasine Baudet",60,"Female","Ameliaview","South Australia",685,"Parka","Jacket","XS","blue",67,119.0,113.0,2,226.0,"2021-01-06","2021-01-29",23
4947,989,595,"Thomasine Baudet",60,"Female","Ameliaview","South Australia",330,"Mandarin Collar","Shirt","XS","green",63,108.0,109.0,1,109.0,"2021-01-06","2021-01-29",23
4948,989,595,"Thomasine Baudet",60,"Female","Ameliaview","South Australia",388,"Casual Slim Fit","Shirt","L","red",78,113.0,119.0,2,238.0,"2021-01-06","2021-01-29",23
4949,990,87,"Barbara-anne Salerg",53,"Agender","Savannahland","Northern Territory",1119,"Cropped","Trousers","XL","violet",64,99.0,115.0,1,115.0,"2021-08-17","2021-09-06",20
4950,990,87,"Barbara-anne Salerg",53,"Agender","Savannahland","Northern Territory",1231,"Tracksuit Bottoms","Trousers","S","orange",59,91.0,112.0,3,336.0,"2021-08-17","2021-09-06",20
4951,990,87,"Barbara-anne Salerg",53,"Agender","Savannahland","Northern Territory",1228,"Tracksuit Bottoms","Trousers","L","red",43,91.0,112.0,2,224.0,"2021-08-17","2021-09-06",20
4952,990,87,"Barbara-anne Salerg",53,"Agender","Savannahland","Northern Territory",1165,"High-Waisted","Trousers","XS","yellow",64,98.0,99.0,2,198.0,"2021-08-17","2021-09-06",20
4953,990,87,"Barbara-anne Salerg",53,"Agender","Savannahland","Northern Territory",125,"Denim","Shirt","XS","blue",76,115.0,92.0,3,276.0,"2021-08-17","2021-09-06",20
4954,991,493,"Andrew Renn",63,"Bigender","Port Natalie","Victoria",971,"Slim-Fit","Trousers","S","indigo",41,119.0,97.0,1,97.0,"2021-01-09","2021-01-16",7
4955,991,493,"Andrew Renn",63,"Bigender","Port Natalie","Victoria",212,"Chambray","Shirt","M","red",48,105.0,106.0,3,318.0,"2021-01-09","2021-01-16",7
4956,991,493,"Andrew Renn",63,"Bigender","Port Natalie","Victoria",871,"Chinos","Trousers","S","violet",64,100.0,113.0,1,113.0,"2021-01-09","2021-01-16",7
4957,991,493,"Andrew Renn",63,"Bigender","Port Natalie","Victoria",18,"Oxford Cloth","Shirt","L","green",52,114.0,96.0,1,96.0,"2021-01-09","2021-01-16",7
4958,991,493,"Andrew Renn",63,"Bigender","Port Natalie","Victoria",970,"Slim-Fit","Trousers","XS","indigo",74,119.0,97.0,2,194.0,"2021-01-09","2021-01-16",7
4959,991,493,"Andrew Renn",63,"Bigender","Port Natalie","Victoria",215,"Chambray","Shirt","XS","orange",76,105.0,106.0,1,106.0,"2021-01-09","2021-01-16",7
4960,991,493,"Andrew Renn",63,"Bigender","Port Natalie","Victoria",1205,"Pleated","Trousers","XS","green",58,90.0,105.0,3,315.0,"2021-01-09","2021-01-16",7
4961,992,770,"Thorsten Sowrey",50,"Polygender","Port Isabelle","South Australia",1214,"Pleated","Trousers","XL","blue",55,90.0,105.0,2,210.0,"2021-07-23","2021-08-14",22
4962,992,770,"Thorsten Sowrey",50,"Polygender","Port Isabelle","South Australia",1,"Oxford Cloth","Shirt","S","red",53,114.0,96.0,3,288.0,"2021-07-23","2021-08-14",22
4963,992,770,"Thorsten Sowrey",50,"Polygender","Port Isabelle","South Australia",299,"Cuban Collar","Shirt","XL","green",60,93.0,105.0,1,105.0,"2021-07-23","2021-08-14",22
4964,992,770,"Thorsten Sowrey",50,"Polygender","Port Isabelle","South Australia",485,"Puffer","Jacket","XS","violet",74,110.0,118.0,1,118.0,"2021-07-23","2021-08-14",22
4965,992,770,"Thorsten Sowrey",50,"Polygender","Port Isabelle","South Australia",539,"Leather","Jacket","XL","yellow",67,113.0,98.0,3,294.0,"2021-07-23","2021-08-14",22
4966,993,268,"Muire Ashtonhurst",47,"Male","West Michael","South Australia",339,"Mandarin Collar","Shirt","XL","blue",71,108.0,109.0,1,109.0,"2021-03-29","2021-04-11",13
4967,993,268,"Muire Ashtonhurst",47,"Male","West Michael","South Australia",361,"Henley","Shirt","S","yellow",70,92.0,94.0,3,282.0,"2021-03-29","2021-04-11",13
4968,993,268,"Muire Ashtonhurst",47,"Male","West Michael","South Australia",623,"Cardigan","Jacket","L","indigo",40,118.0,112.0,3,336.0,"2021-03-29","2021-04-11",13
4969,993,268,"Muire Ashtonhurst",47,"Male","West Michael","South Australia",1074,"Joggers","Trousers","XL","blue",52,94.0,93.0,2,186.0,"2021-03-29","2021-04-11",13
4970,993,268,"Muire Ashtonhurst",47,"Male","West Michael","South Australia",525,"Leather","Jacket","XS","red",67,113.0,98.0,2,196.0,"2021-03-29","2021-04-11",13
4971,994,920,"Curcio Kiffin",72,"Polygender","Rutherfordville","Northern Territory",996,"Wool","Trousers","S","green",43,111.0,106.0,1,106.0,"2021-07-15","2021-07-17",2
4972,994,920,"Curcio Kiffin",72,"Polygender","Rutherfordville","Northern Territory",962,"Slim-Fit","Trousers","M","green",78,119.0,97.0,3,291.0,"2021-07-15","2021-07-17",2
4973,994,920,"Curcio Kiffin",72,"Polygender","Rutherfordville","Northern Territory",441,"Denim","Jacket","S","blue",56,92.0,107.0,3,321.0,"2021-07-15","2021-07-17",2
4974,994,920,"Curcio Kiffin",72,"Polygender","Rutherfordville","Northern Territory",73,"Flannel","Shirt","L","red",77,96.0,118.0,1,118.0,"2021-07-15","2021-07-17",2
4975,995,15,"Avril Rossiter",34,"Genderfluid","Kiehnburgh","Western Australia",564,"Bomber","Jacket","XL","red",62,90.0,100.0,3,300.0,"2021-04-14","2021-04-28",14
4976,995,15,"Avril Rossiter",34,"Genderfluid","Kiehnburgh","Western Australia",837,"Shearling","Jacket","M","violet",74,95.0,117.0,1,117.0,"2021-04-14","2021-04-28",14
4977,995,15,"Avril Rossiter",34,"Genderfluid","Kiehnburgh","Western Australia",536,"Leather","Jacket","S","yellow",41,113.0,98.0,1,98.0,"2021-04-14","2021-04-28",14
4978,995,15,"Avril Rossiter",34,"Genderfluid","Kiehnburgh","Western Australia",756,"Peacoat","Jacket","S","blue",50,102.0,109.0,2,218.0,"2021-04-14","2021-04-28",14
4979,995,15,"Avril Rossiter",34,"Genderfluid","Kiehnburgh","Western Australia",24,"Oxford Cloth","Shirt","XL","blue",60,114.0,96.0,3,288.0,"2021-04-14","2021-04-28",14
4980,995,15,"Avril Rossiter",34,"Genderfluid","Kiehnburgh","Western Australia",244,"Chambray","Shirt","XL","violet",54,105.0,106.0,1,106.0,"2021-04-14","2021-04-28",14
4981,996,345,"Merrielle Piken",62,"Genderqueer","Audreyfurt","Victoria",379,"Henley","Shirt","XL","indigo",52,92.0,94.0,3,282.0,"2021-01-13","2021-02-02",20
4982,996,345,"Merrielle Piken",62,"Genderqueer","Audreyfurt","Victoria",794,"Pullover","Jacket","XL","blue",74,114.0,91.0,2,182.0,"2021-01-13","2021-02-02",20
4983,996,345,"Merrielle Piken",62,"Genderqueer","Audreyfurt","Victoria",1034,"Relaxed Leg","Trousers","XL","green",64,95.0,90.0,2,180.0,"2021-01-13","2021-02-02",20
4984,996,345,"Merrielle Piken",62,"Genderqueer","Audreyfurt","Victoria",1144,"Cargo Pants","Trousers","XL","blue",57,106.0,102.0,1,102.0,"2021-01-13","2021-02-02",20
4985,996,345,"Merrielle Piken",62,"Genderqueer","Audreyfurt","Victoria",1011,"Wool","Trousers","S","violet",59,111.0,106.0,3,318.0,"2021-01-13","2021-02-02",20
4986,996,345,"Merrielle Piken",62,"Genderqueer","Audreyfurt","Victoria",1053,"Joggers","Trousers","L","red",63,94.0,93.0,1,93.0,"2021-01-13","2021-02-02",20
4987,996,345,"Merrielle Piken",62,"Genderqueer","Audreyfurt","Victoria",381,"Henley","Shirt","S","violet",43,92.0,94.0,1,94.0,"2021-01-13","2021-02-02",20
4988,996,345,"Merrielle Piken",62,"Genderqueer","Audreyfurt","Victoria",53,"Dress","Shirt","L","green",52,119.0,104.0,2,208.0,"2021-01-13","2021-02-02",20
4989,997,346,"Kerianne Parris",40,"Genderqueer","Olsonbury","Northern Territory",509,"Windbreaker","Jacket","XL","green",71,109.0,102.0,1,102.0,"2021-01-18","2021-01-31",13
4990,997,346,"Kerianne Parris",40,"Genderqueer","Olsonbury","Northern Territory",514,"Windbreaker","Jacket","XL","blue",59,109.0,102.0,1,102.0,"2021-01-18","2021-01-31",13
4991,998,407,"Murdock Bulfit",41,"Male","Hartmannshire","Queensland",541,"Leather","Jacket","S","green",77,113.0,98.0,3,294.0,"2021-05-05","2021-05-21",16
4992,998,407,"Murdock Bulfit",41,"Male","Hartmannshire","Queensland",478,"Puffer","Jacket","L","blue",48,110.0,118.0,3,354.0,"2021-05-05","2021-05-21",16
4993,998,407,"Murdock Bulfit",41,"Male","Hartmannshire","Queensland",66,"Dress","Shirt","S","violet",69,119.0,104.0,1,104.0,"2021-05-05","2021-05-21",16
4994,998,407,"Murdock Bulfit",41,"Male","Hartmannshire","Queensland",972,"Slim-Fit","Trousers","M","indigo",67,119.0,97.0,1,97.0,"2021-05-05","2021-05-21",16
4995,998,407,"Murdock Bulfit",41,"Male","Hartmannshire","Queensland",321,"Mandarin Collar","Shirt","S","orange",52,108.0,109.0,2,218.0,"2021-05-05","2021-05-21",16
4996,998,407,"Murdock Bulfit",41,"Male","Hartmannshire","Queensland",251,"Polo","Shirt","S","orange",78,117.0,95.0,3,285.0,"2021-05-05","2021-05-21",16
4997,999,428,"Jammal Varcoe",66,"Polygender","North Liamfort","Australian Capital Territory",872,"Chinos","Trousers","M","violet",54,100.0,113.0,1,113.0,"2021-06-15","2021-07-12",27
4998,999,428,"Jammal Varcoe",66,"Polygender","North Liamfort","Australian Capital Territory",998,"Wool","Trousers","L","green",42,111.0,106.0,2,212.0,"2021-06-15","2021-07-12",27
4999,999,428,"Jammal Varcoe",66,"Polygender","North Liamfort","Australian Capital Territory",1105,"Cropped","Trousers","XS","blue",47,99.0,115.0,1,115.0,"2021-06-15","2021-07-12",27
0,1000,896,"Thoma Seaking",67,"Genderqueer","Ryanberg","South Australia",0,"","","","",0,0.0,0.0,0,0.0,"2021-04-07","2021-04-24",17
